-- phpMyAdmin SQL Dump
-- version 4.7.5
-- https://www.phpmyadmin.net/
--
-- Servidor: localhost
-- Tiempo de generación: 25-04-2019 a las 22:20:11
-- Versión del servidor: 5.7.22
-- Versión de PHP: 7.0.33

SET SQL_MODE = "NO_AUTO_VALUE_ON_ZERO";
SET AUTOCOMMIT = 0;
START TRANSACTION;
SET time_zone = "+00:00";


/*!40101 SET @OLD_CHARACTER_SET_CLIENT=@@CHARACTER_SET_CLIENT */;
/*!40101 SET @OLD_CHARACTER_SET_RESULTS=@@CHARACTER_SET_RESULTS */;
/*!40101 SET @OLD_COLLATION_CONNECTION=@@COLLATION_CONNECTION */;
/*!40101 SET NAMES utf8mb4 */;

--
-- Base de datos: `smidev`
--
CREATE DATABASE IF NOT EXISTS `smidev` DEFAULT CHARACTER SET latin1 COLLATE latin1_spanish_ci;
USE `smidev`;

-- --------------------------------------------------------

--
-- Estructura de tabla para la tabla `cultivo`
--

DROP TABLE IF EXISTS `cultivo`;
CREATE TABLE IF NOT EXISTS `cultivo` (
  `id` int(11) NOT NULL AUTO_INCREMENT,
  `nombre` varchar(250) COLLATE latin1_spanish_ci NOT NULL,
  `abreviatura` varchar(20) COLLATE latin1_spanish_ci NOT NULL,
  `tasa` varchar(20) COLLATE latin1_spanish_ci DEFAULT NULL,
  `precio` varchar(20) COLLATE latin1_spanish_ci DEFAULT NULL,
  `idForecast` int(11) NOT NULL,
  `eliminado` int(11) NOT NULL,
  `idTipoCultivo` int(6) UNSIGNED NOT NULL,
  PRIMARY KEY (`id`),
  KEY `fk_cultivo_tipo_cultivo` (`idTipoCultivo`)
) ENGINE=InnoDB AUTO_INCREMENT=14 DEFAULT CHARSET=latin1 COLLATE=latin1_spanish_ci;

--
-- Volcado de datos para la tabla `cultivo`
--

INSERT INTO `cultivo` (`id`, `nombre`, `abreviatura`, `tasa`, `precio`, `idForecast`, `eliminado`, `idTipoCultivo`) VALUES
(1, 'Cacao', 'Cacao', '2.30%', 'S/.7.40', 1, 0, 1),
(2, 'Cacao', 'Cacao', '2.30%', 'S/.7.60', 2, 0, 1),
(3, 'Cacao', 'Cacao', '2.30%', 'S/.7.35', 3, 0, 1),
(4, 'Cacao', 'Cacao', '2.30%', 'S/.7.40', 4, 0, 1),
(5, 'Cacao', 'Cacao', '2.30%', 'S/.7.40', 5, 0, 1),
(6, 'Cacao', 'Cacao', '2.30%', 'S/.7.40', 6, 0, 1),
(7, 'Cacao', 'Cacao', '2.30%', 'S/.7.40', 7, 0, 1),
(8, 'Cacao', 'Cacao', '2.30%', 'S/.7.40', 8, 0, 1),
(9, 'Cacao', 'Cacao', '2.30%', 'S/.7.40', 9, 0, 1),
(10, 'Platano', 'Platano', '2.30%', 'S/.7.40', 1, 0, 2),
(11, 'Papaya', 'Papaya', '2.30%', 'S/.7.40', 1, 0, 3),
(12, 'Platano', 'Platano', '2.30%', 'S/.7.40', 2, 0, 2),
(13, 'Papaya', 'Papaya', '2.30%', 'S/.7.40', 2, 0, 3);

-- --------------------------------------------------------

--
-- Estructura de tabla para la tabla `forecast`
--

DROP TABLE IF EXISTS `forecast`;
CREATE TABLE IF NOT EXISTS `forecast` (
  `id` int(11) NOT NULL AUTO_INCREMENT,
  `nombre` varchar(80) COLLATE latin1_spanish_ci NOT NULL,
  `codigoGIS` varchar(30) COLLATE latin1_spanish_ci DEFAULT NULL,
  `eliminado` int(11) NOT NULL,
  PRIMARY KEY (`id`)
) ENGINE=InnoDB AUTO_INCREMENT=10 DEFAULT CHARSET=latin1 COLLATE=latin1_spanish_ci;

--
-- Volcado de datos para la tabla `forecast`
--

INSERT INTO `forecast` (`id`, `nombre`, `codigoGIS`, `eliminado`) VALUES
(1, 'Huánuco', 'M004-1', 0),
(2, 'San Martín', 'M004-2', 0),
(3, 'Ucayali', 'M004-3', 0),
(4, 'Coronel Portillo', 'M005-4', 0),
(5, 'Atalaya', 'M005-2', 0),
(6, 'Purus', 'M005-21', 0),
(7, 'Masisea', 'M006-85', 0),
(8, 'Yurua', 'M006-48', 0),
(9, 'Purus', 'M006-47', 0);

-- --------------------------------------------------------

--
-- Estructura de tabla para la tabla `geodato`
--

DROP TABLE IF EXISTS `geodato`;
CREATE TABLE IF NOT EXISTS `geodato` (
  `id` int(10) UNSIGNED NOT NULL AUTO_INCREMENT,
  `idSeccion` int(11) NOT NULL,
  `idSeccionDetalle` int(11) DEFAULT NULL,
  `idTipoGeodata` varchar(191) COLLATE utf8mb4_unicode_ci DEFAULT NULL,
  `dataJson` varchar(191) COLLATE utf8mb4_unicode_ci DEFAULT NULL,
  `jsonFile` varchar(191) COLLATE utf8mb4_unicode_ci DEFAULT NULL,
  `fechaCrea` datetime NOT NULL,
  `usuarioCrea` varchar(191) COLLATE utf8mb4_unicode_ci NOT NULL,
  `terminalCrea` varchar(191) COLLATE utf8mb4_unicode_ci NOT NULL,
  `fechaCambio` datetime DEFAULT NULL,
  `usuarioCambio` varchar(191) COLLATE utf8mb4_unicode_ci DEFAULT NULL,
  `terminalCambio` varchar(191) COLLATE utf8mb4_unicode_ci DEFAULT NULL,
  `eliminado` int(11) NOT NULL,
  `created_at` timestamp NULL DEFAULT NULL,
  `updated_at` timestamp NULL DEFAULT NULL,
  PRIMARY KEY (`id`)
) ENGINE=InnoDB AUTO_INCREMENT=2 DEFAULT CHARSET=utf8mb4 COLLATE=utf8mb4_unicode_ci;

--
-- Volcado de datos para la tabla `geodato`
--

INSERT INTO `geodato` (`id`, `idSeccion`, `idSeccionDetalle`, `idTipoGeodata`, `dataJson`, `jsonFile`, `fechaCrea`, `usuarioCrea`, `terminalCrea`, `fechaCambio`, `usuarioCambio`, `terminalCambio`, `eliminado`, `created_at`, `updated_at`) VALUES
(1, 3, NULL, '1', NULL, 'seccion_3_geodato_1.geojson', '2018-07-03 00:00:00', 'admin', 'local', NULL, NULL, NULL, 0, NULL, NULL);

-- --------------------------------------------------------

--
-- Estructura de tabla para la tabla `migrations`
--

DROP TABLE IF EXISTS `migrations`;
CREATE TABLE IF NOT EXISTS `migrations` (
  `id` int(10) UNSIGNED NOT NULL AUTO_INCREMENT,
  `migration` varchar(191) COLLATE utf8mb4_unicode_ci NOT NULL,
  `batch` int(11) NOT NULL,
  PRIMARY KEY (`id`)
) ENGINE=InnoDB AUTO_INCREMENT=9 DEFAULT CHARSET=utf8mb4 COLLATE=utf8mb4_unicode_ci;

--
-- Volcado de datos para la tabla `migrations`
--

INSERT INTO `migrations` (`id`, `migration`, `batch`) VALUES
(1, '2014_10_12_000000_create_users_table', 1),
(2, '2014_10_12_100000_create_password_resets_table', 1),
(3, '2018_06_15_124012_create_user_table', 1),
(4, '2018_06_29_160158_create_parametro_table', 1),
(5, '2018_06_29_192146_create_seccion_table', 2),
(6, '2018_06_29_193344_create_seccion_detalle_table', 3),
(7, '2018_07_01_235110_create_seccion_atributo', 4),
(8, '2018_07_03_124433_create_geodato_table', 5);

-- --------------------------------------------------------

--
-- Estructura de tabla para la tabla `parametro`
--

DROP TABLE IF EXISTS `parametro`;
CREATE TABLE IF NOT EXISTS `parametro` (
  `id` int(10) UNSIGNED NOT NULL AUTO_INCREMENT,
  `codigo` varchar(191) COLLATE utf8mb4_unicode_ci NOT NULL,
  `nombre` varchar(191) COLLATE utf8mb4_unicode_ci NOT NULL,
  `valor` varchar(191) COLLATE utf8mb4_unicode_ci NOT NULL,
  `valorJson` varchar(191) COLLATE utf8mb4_unicode_ci NOT NULL,
  `referencia` varchar(191) COLLATE utf8mb4_unicode_ci NOT NULL,
  `fechaCrea` datetime NOT NULL,
  `usuarioCrea` varchar(191) COLLATE utf8mb4_unicode_ci NOT NULL,
  `terminalCrea` varchar(191) COLLATE utf8mb4_unicode_ci NOT NULL,
  `fechaCambio` datetime DEFAULT NULL,
  `usuarioCambio` varchar(191) COLLATE utf8mb4_unicode_ci NOT NULL,
  `terminalCambio` varchar(191) COLLATE utf8mb4_unicode_ci NOT NULL,
  `activo` int(11) NOT NULL,
  `eliminado` int(11) NOT NULL,
  `created_at` timestamp NULL DEFAULT NULL,
  `updated_at` timestamp NULL DEFAULT NULL,
  PRIMARY KEY (`id`),
  UNIQUE KEY `parametro_codigo_unique` (`codigo`)
) ENGINE=InnoDB AUTO_INCREMENT=2 DEFAULT CHARSET=utf8mb4 COLLATE=utf8mb4_unicode_ci;

--
-- Volcado de datos para la tabla `parametro`
--

INSERT INTO `parametro` (`id`, `codigo`, `nombre`, `valor`, `valorJson`, `referencia`, `fechaCrea`, `usuarioCrea`, `terminalCrea`, `fechaCambio`, `usuarioCambio`, `terminalCambio`, `activo`, `eliminado`, `created_at`, `updated_at`) VALUES
(1, 'ACTIVAR_AUTENTICACION_PUBLICA', 'Parametro para validar el metodo de autenticación', '1', '', '', '2018-06-29 00:00:00', 'admin', 'local', '2018-11-30 20:37:23', 'admin', 'smi.alianzacacaoperu.org', 1, 0, '2018-06-29 05:00:00', '2018-12-01 01:37:23');

-- --------------------------------------------------------

--
-- Estructura de tabla para la tabla `password_resets`
--

DROP TABLE IF EXISTS `password_resets`;
CREATE TABLE IF NOT EXISTS `password_resets` (
  `email` varchar(191) COLLATE utf8mb4_unicode_ci NOT NULL,
  `token` varchar(191) COLLATE utf8mb4_unicode_ci NOT NULL,
  `created_at` timestamp NULL DEFAULT NULL,
  KEY `password_resets_email_index` (`email`)
) ENGINE=InnoDB DEFAULT CHARSET=utf8mb4 COLLATE=utf8mb4_unicode_ci;

-- --------------------------------------------------------

--
-- Estructura de tabla para la tabla `produccion`
--

DROP TABLE IF EXISTS `produccion`;
CREATE TABLE IF NOT EXISTS `produccion` (
  `idProduccion` int(6) UNSIGNED NOT NULL AUTO_INCREMENT,
  `idCultivo` int(6) NOT NULL,
  `anio` int(11) NOT NULL,
  `produccion` decimal(18,3) NOT NULL,
  `productividad` decimal(18,3) NOT NULL,
  `area` decimal(18,3) NOT NULL,
  PRIMARY KEY (`idProduccion`),
  KEY `fk_cultivo` (`idCultivo`)
) ENGINE=InnoDB AUTO_INCREMENT=109 DEFAULT CHARSET=latin1 COLLATE=latin1_spanish_ci;

--
-- Volcado de datos para la tabla `produccion`
--

INSERT INTO `produccion` (`idProduccion`, `idCultivo`, `anio`, `produccion`, `productividad`, `area`) VALUES
(1, 1, 2006, '133.000', '500.000', '1000.000'),
(2, 1, 2007, '292.000', '650.000', '1100.000'),
(3, 1, 2008, '283.000', '700.000', '1200.000'),
(4, 1, 2009, '283.000', '630.000', '1350.000'),
(5, 1, 2010, '302.000', '650.000', '1400.000'),
(6, 1, 2011, '400.000', '680.000', '1500.000'),
(7, 1, 2012, '505.000', '750.000', '1600.000'),
(8, 1, 2013, '608.000', '700.000', '1800.000'),
(9, 1, 2014, '667.000', '729.000', '1900.000'),
(10, 1, 2015, '783.000', '810.000', '2000.000'),
(11, 1, 2016, '785.000', '800.000', '1980.000'),
(12, 1, 2017, '799.000', '825.000', '2400.000'),
(13, 2, 2006, '133.000', '500.000', '1000.000'),
(14, 2, 2007, '292.000', '650.000', '1100.000'),
(15, 2, 2008, '283.000', '700.000', '1200.000'),
(16, 2, 2009, '283.000', '630.000', '1350.000'),
(17, 2, 2010, '302.000', '650.000', '1400.000'),
(18, 2, 2011, '400.000', '680.000', '1500.000'),
(19, 2, 2012, '505.000', '750.000', '1600.000'),
(20, 2, 2013, '608.000', '700.000', '1800.000'),
(21, 2, 2014, '667.000', '729.000', '1900.000'),
(22, 2, 2015, '783.000', '810.000', '2000.000'),
(23, 2, 2016, '785.000', '800.000', '1980.000'),
(24, 2, 2017, '799.000', '825.000', '2400.000'),
(25, 3, 2006, '133.000', '500.000', '1000.000'),
(26, 3, 2007, '292.000', '650.000', '1100.000'),
(27, 3, 2008, '283.000', '700.000', '1200.000'),
(28, 3, 2009, '283.000', '630.000', '1350.000'),
(29, 3, 2010, '302.000', '650.000', '1400.000'),
(30, 3, 2011, '400.000', '680.000', '1500.000'),
(31, 3, 2012, '505.000', '750.000', '1600.000'),
(32, 3, 2013, '608.000', '700.000', '1800.000'),
(33, 3, 2014, '667.000', '729.000', '1900.000'),
(34, 3, 2015, '783.000', '810.000', '2000.000'),
(35, 3, 2016, '785.000', '800.000', '1980.000'),
(36, 3, 2017, '799.000', '825.000', '2400.000'),
(37, 4, 2006, '133.000', '500.000', '1000.000'),
(38, 4, 2007, '292.000', '650.000', '1100.000'),
(39, 4, 2008, '283.000', '700.000', '1200.000'),
(40, 4, 2009, '283.000', '630.000', '1350.000'),
(41, 4, 2010, '302.000', '650.000', '1400.000'),
(42, 4, 2011, '400.000', '680.000', '1500.000'),
(43, 4, 2012, '505.000', '750.000', '1600.000'),
(44, 4, 2013, '608.000', '700.000', '1800.000'),
(45, 4, 2014, '667.000', '729.000', '1900.000'),
(46, 4, 2015, '783.000', '810.000', '2000.000'),
(47, 4, 2016, '785.000', '800.000', '1980.000'),
(48, 4, 2017, '799.000', '825.000', '2400.000'),
(49, 5, 2006, '133.000', '500.000', '1000.000'),
(50, 5, 2007, '292.000', '650.000', '1100.000'),
(51, 5, 2008, '283.000', '700.000', '1200.000'),
(52, 5, 2009, '283.000', '630.000', '1350.000'),
(53, 5, 2010, '302.000', '650.000', '1400.000'),
(54, 5, 2011, '400.000', '680.000', '1500.000'),
(55, 5, 2012, '505.000', '750.000', '1600.000'),
(56, 5, 2013, '608.000', '700.000', '1800.000'),
(57, 5, 2014, '667.000', '729.000', '1900.000'),
(58, 5, 2015, '783.000', '810.000', '2000.000'),
(59, 5, 2016, '785.000', '800.000', '1980.000'),
(60, 5, 2017, '799.000', '825.000', '2400.000'),
(61, 6, 2006, '133.000', '500.000', '1000.000'),
(62, 6, 2007, '292.000', '650.000', '1100.000'),
(63, 6, 2008, '283.000', '700.000', '1200.000'),
(64, 6, 2009, '283.000', '630.000', '1350.000'),
(65, 6, 2010, '302.000', '650.000', '1400.000'),
(66, 6, 2011, '400.000', '680.000', '1500.000'),
(67, 6, 2012, '505.000', '750.000', '1600.000'),
(68, 6, 2013, '608.000', '700.000', '1800.000'),
(69, 6, 2014, '667.000', '729.000', '1900.000'),
(70, 6, 2015, '783.000', '810.000', '2000.000'),
(71, 6, 2016, '785.000', '800.000', '1980.000'),
(72, 6, 2017, '799.000', '825.000', '2400.000'),
(73, 7, 2006, '133.000', '500.000', '1000.000'),
(74, 7, 2007, '292.000', '650.000', '1100.000'),
(75, 7, 2008, '283.000', '700.000', '1200.000'),
(76, 7, 2009, '283.000', '630.000', '1350.000'),
(77, 7, 2010, '302.000', '650.000', '1400.000'),
(78, 7, 2011, '400.000', '680.000', '1500.000'),
(79, 7, 2012, '505.000', '750.000', '1600.000'),
(80, 7, 2013, '608.000', '700.000', '1800.000'),
(81, 7, 2014, '667.000', '729.000', '1900.000'),
(82, 7, 2015, '783.000', '810.000', '2000.000'),
(83, 7, 2016, '785.000', '800.000', '1980.000'),
(84, 7, 2017, '799.000', '825.000', '2400.000'),
(85, 8, 2006, '133.000', '500.000', '1000.000'),
(86, 8, 2007, '292.000', '650.000', '1100.000'),
(87, 8, 2008, '283.000', '700.000', '1200.000'),
(88, 8, 2009, '283.000', '630.000', '1350.000'),
(89, 8, 2010, '302.000', '650.000', '1400.000'),
(90, 8, 2011, '400.000', '680.000', '1500.000'),
(91, 8, 2012, '505.000', '750.000', '1600.000'),
(92, 8, 2013, '608.000', '700.000', '1800.000'),
(93, 8, 2014, '667.000', '729.000', '1900.000'),
(94, 8, 2015, '783.000', '810.000', '2000.000'),
(95, 8, 2016, '785.000', '800.000', '1980.000'),
(96, 8, 2017, '799.000', '825.000', '2400.000'),
(97, 9, 2006, '133.000', '500.000', '1000.000'),
(98, 9, 2007, '292.000', '650.000', '1100.000'),
(99, 9, 2008, '283.000', '700.000', '1200.000'),
(100, 9, 2009, '283.000', '630.000', '1350.000'),
(101, 9, 2010, '302.000', '650.000', '1400.000'),
(102, 9, 2011, '400.000', '680.000', '1500.000'),
(103, 9, 2012, '505.000', '750.000', '1600.000'),
(104, 9, 2013, '608.000', '700.000', '1800.000'),
(105, 9, 2014, '667.000', '729.000', '1900.000'),
(106, 9, 2015, '783.000', '810.000', '2000.000'),
(107, 9, 2016, '785.000', '800.000', '1980.000'),
(108, 9, 2017, '799.000', '825.000', '2400.000');

-- --------------------------------------------------------

--
-- Estructura de tabla para la tabla `proyeccion`
--

DROP TABLE IF EXISTS `proyeccion`;
CREATE TABLE IF NOT EXISTS `proyeccion` (
  `id` int(11) NOT NULL AUTO_INCREMENT,
  `tipoGrafico` varchar(20) COLLATE latin1_spanish_ci NOT NULL,
  `variable` varchar(60) COLLATE latin1_spanish_ci NOT NULL,
  `abreviatura` varchar(20) COLLATE latin1_spanish_ci NOT NULL,
  `idTasa` int(20) DEFAULT NULL,
  `eliminado` int(11) NOT NULL,
  PRIMARY KEY (`id`)
) ENGINE=InnoDB AUTO_INCREMENT=7 DEFAULT CHARSET=latin1 COLLATE=latin1_spanish_ci;

--
-- Volcado de datos para la tabla `proyeccion`
--

INSERT INTO `proyeccion` (`id`, `tipoGrafico`, `variable`, `abreviatura`, `idTasa`, `eliminado`) VALUES
(1, 'lineal', 'producción', 'producción', 1, 0),
(2, 'barras', 'precios', 'precios', 1, 0),
(3, 'lineal', 'producción', 'producción', 2, 0),
(4, 'barras', 'precios', 'precios', 2, 0),
(5, 'lineal', 'producción', 'producción', 3, 0),
(6, 'barras', 'precios', 'precios', 3, 0);

-- --------------------------------------------------------

--
-- Estructura de tabla para la tabla `proyeccion_detalle`
--

DROP TABLE IF EXISTS `proyeccion_detalle`;
CREATE TABLE IF NOT EXISTS `proyeccion_detalle` (
  `id` int(11) NOT NULL AUTO_INCREMENT,
  `dato` varchar(20) COLLATE latin1_spanish_ci NOT NULL,
  `valor` varchar(20) COLLATE latin1_spanish_ci NOT NULL,
  `idProyeccion` int(11) NOT NULL,
  `eliminado` int(11) NOT NULL,
  PRIMARY KEY (`id`)
) ENGINE=InnoDB AUTO_INCREMENT=61 DEFAULT CHARSET=latin1 COLLATE=latin1_spanish_ci;

--
-- Volcado de datos para la tabla `proyeccion_detalle`
--

INSERT INTO `proyeccion_detalle` (`id`, `dato`, `valor`, `idProyeccion`, `eliminado`) VALUES
(1, '2016', '96', 1, 0),
(2, '2017', '1007', 1, 0),
(3, '2018', '9517', 1, 0),
(4, '2019', '5148', 1, 0),
(5, '2020', '7281', 1, 0),
(6, '2021', '8830', 1, 0),
(7, '2022', '9861', 1, 0),
(8, '2023', '10931', 1, 0),
(9, '2024', '11775', 1, 0),
(10, '2025', '11997', 1, 0),
(11, '2016', '194', 3, 0),
(12, '2017', '1428', 3, 0),
(13, '2018', '3571', 3, 0),
(14, '2019', '6259', 3, 0),
(15, '2020', '8692', 3, 0),
(16, '2021', '10578', 3, 0),
(17, '2022', '11945', 3, 0),
(18, '2023', '13175', 3, 0),
(19, '2024', '14127', 3, 0),
(20, '2025', '14519', 3, 0),
(21, '2016', '142', 5, 0),
(22, '2017', '1275', 5, 0),
(23, '2018', '3367', 5, 0),
(24, '2019', '5982', 5, 0),
(25, '2020', '8574', 5, 0),
(26, '2021', '10655', 5, 0),
(27, '2022', '12236', 5, 0),
(28, '2023', '13400', 5, 0),
(29, '2024', '14130', 5, 0),
(30, '2025', '14753', 5, 0),
(31, '2016', '7.1', 2, 0),
(32, '2017', '7.25', 2, 0),
(33, '2018', '7.3', 2, 0),
(34, '2019', '7.15', 2, 0),
(35, '2020', '7.24', 2, 0),
(36, '2021', '6.59', 2, 0),
(37, '2022', '6.87', 2, 0),
(38, '2023', '6.9', 2, 0),
(39, '2024', '7.2', 2, 0),
(40, '2025', '8.4', 2, 0),
(41, '2016', '6.9', 4, 0),
(42, '2017', '7.2', 4, 0),
(43, '2018', '7.3', 4, 0),
(44, '2019', '7.2', 4, 0),
(45, '2020', '7.3', 4, 0),
(46, '2021', '6.5', 4, 0),
(47, '2022', '6.7', 4, 0),
(48, '2023', '6.9', 4, 0),
(49, '2024', '7.5', 4, 0),
(50, '2025', '8.2', 4, 0),
(51, '2016', '7.3', 4, 0),
(52, '2017', '7.4', 4, 0),
(53, '2018', '8.3', 4, 0),
(54, '2019', '7.35', 4, 0),
(55, '2020', '6.9', 4, 0),
(56, '2021', '6.5', 4, 0),
(57, '2022', '7.8', 4, 0),
(58, '2023', '8.2', 4, 0),
(59, '2024', '7.8', 4, 0),
(60, '2025', '8.5', 4, 0);

-- --------------------------------------------------------

--
-- Estructura de tabla para la tabla `seccion`
--

DROP TABLE IF EXISTS `seccion`;
CREATE TABLE IF NOT EXISTS `seccion` (
  `id` int(10) UNSIGNED NOT NULL AUTO_INCREMENT,
  `codigoGIS` char(10) CHARACTER SET latin1 COLLATE latin1_spanish_ci DEFAULT NULL,
  `nombre` varchar(191) COLLATE utf8mb4_unicode_ci NOT NULL,
  `nombreIdioma` varchar(191) COLLATE utf8mb4_unicode_ci NOT NULL,
  `idTipoGeoData` varchar(191) COLLATE utf8mb4_unicode_ci DEFAULT NULL,
  `menuCategoria` int(11) NOT NULL,
  `menuAccion` int(11) NOT NULL,
  `idTipoAccion` varchar(191) COLLATE utf8mb4_unicode_ci DEFAULT NULL,
  `idSeccionPadre` varchar(191) COLLATE utf8mb4_unicode_ci DEFAULT NULL,
  `geoJsonData` varchar(500) CHARACTER SET latin1 COLLATE latin1_spanish_ci DEFAULT NULL,
  `geoJsonFile` varchar(500) CHARACTER SET latin1 COLLATE latin1_spanish_ci DEFAULT NULL,
  `logo` longtext CHARACTER SET latin1 COLLATE latin1_spanish_ci,
  `marker` varchar(120) CHARACTER SET latin1 COLLATE latin1_spanish_ci DEFAULT NULL,
  `color` varchar(20) CHARACTER SET latin1 COLLATE latin1_spanish_ci DEFAULT NULL,
  `fechaCrea` datetime NOT NULL,
  `usuarioCrea` varchar(191) COLLATE utf8mb4_unicode_ci NOT NULL,
  `terminalCrea` varchar(191) COLLATE utf8mb4_unicode_ci NOT NULL,
  `fechaCambio` datetime DEFAULT NULL,
  `usuarioCambio` varchar(191) COLLATE utf8mb4_unicode_ci DEFAULT NULL,
  `terminalCambio` varchar(191) COLLATE utf8mb4_unicode_ci DEFAULT NULL,
  `activo` int(11) NOT NULL,
  `eliminado` int(11) NOT NULL,
  `created_at` timestamp NULL DEFAULT NULL,
  `updated_at` timestamp NULL DEFAULT NULL,
  `codigoSeccion` char(36) COLLATE utf8mb4_unicode_ci NOT NULL,
  `idTipoInfra` int(11) DEFAULT NULL,
  PRIMARY KEY (`id`)
) ENGINE=InnoDB AUTO_INCREMENT=70 DEFAULT CHARSET=utf8mb4 COLLATE=utf8mb4_unicode_ci;

--
-- Volcado de datos para la tabla `seccion`
--

INSERT INTO `seccion` (`id`, `codigoGIS`, `nombre`, `nombreIdioma`, `idTipoGeoData`, `menuCategoria`, `menuAccion`, `idTipoAccion`, `idSeccionPadre`, `geoJsonData`, `geoJsonFile`, `logo`, `marker`, `color`, `fechaCrea`, `usuarioCrea`, `terminalCrea`, `fechaCambio`, `usuarioCambio`, `terminalCambio`, `activo`, `eliminado`, `created_at`, `updated_at`, `codigoSeccion`, `idTipoInfra`) VALUES
(1, NULL, 'Cultivos', 'Crops', '0', 1, 0, NULL, NULL, 'NULL', 'NULL', 'data:image/jpeg;base64,/9j/4AAQSkZJRgABAQEAYABgAAD/4TPsRXhpZgAATU0AKgAAAAgABgALAAIAAAAmAAAIYgESAAMAAAABAAEAAAExAAIAAAAmAAAIiAEyAAIAAAAUAAAIrodpAAQAAAABAAAIwuocAAcAAAgMAAAAVgAAEUYc6gAAAAgAAAAAAAAAAAAAAAAAAAAAAAAAAAAAAAAAAAAAAAAAAAAAAAAAAAAAAAAAAAAAAAAAAAAAAAAAAAAAAAAAAAAAAAAAAAAAAAAAAAAAAAAAAAAAAAAAAAAAAAAAAAAAAAAAAAAAAAAAAAAAAAAAAAAAAAAAAAAAAAAAAAAAAAAAAAAAAAAAAAAAAAAAAAAAAAAAAAAAAAAAAAAAAAAAAAAAAAAAAAAAAAAAAAAAAAAAAAAAAAAAAAAAAAAAAAAAAAAAAAAAAAAAAAAAAAAAAAAAAAAAAAAAAAAAAAAAAAAAAAAAAAAAAAAAAAAAAAAAAAAAAAAAAAAAAAAAAAAAAAAAAAAAAAAAAAAAAAAAAAAAAAAAAAAAAAAAAAAAAAAAAAAAAAAAAAAAAAAAAAAAAAAAAAAAAAAAAAAAAAAAAAAAAAAAAAAAAAAAAAAAAAAAAAAAAAAAAAAAAAAAAAAAAAAAAAAAAAAAAAAAAAAAAAAAAAAAAAAAAAAAAAAAAAAAAAAAAAAAAAAAAAAAAAAAAAAAAAAAAAAAAAAAAAAAAAAAAAAAAAAAAAAAAAAAAAAAAAAAAAAAAAAAAAAAAAAAAAAAAAAAAAAAAAAAAAAAAAAAAAAAAAAAAAAAAAAAAAAAAAAAAAAAAAAAAAAAAAAAAAAAAAAAAAAAAAAAAAAAAAAAAAAAAAAAAAAAAAAAAAAAAAAAAAAAAAAAAAAAAAAAAAAAAAAAAAAAAAAAAAAAAAAAAAAAAAAAAAAAAAAAAAAAAAAAAAAAAAAAAAAAAAAAAAAAAAAAAAAAAAAAAAAAAAAAAAAAAAAAAAAAAAAAAAAAAAAAAAAAAAAAAAAAAAAAAAAAAAAAAAAAAAAAAAAAAAAAAAAAAAAAAAAAAAAAAAAAAAAAAAAAAAAAAAAAAAAAAAAAAAAAAAAAAAAAAAAAAAAAAAAAAAAAAAAAAAAAAAAAAAAAAAAAAAAAAAAAAAAAAAAAAAAAAAAAAAAAAAAAAAAAAAAAAAAAAAAAAAAAAAAAAAAAAAAAAAAAAAAAAAAAAAAAAAAAAAAAAAAAAAAAAAAAAAAAAAAAAAAAAAAAAAAAAAAAAAAAAAAAAAAAAAAAAAAAAAAAAAAAAAAAAAAAAAAAAAAAAAAAAAAAAAAAAAAAAAAAAAAAAAAAAAAAAAAAAAAAAAAAAAAAAAAAAAAAAAAAAAAAAAAAAAAAAAAAAAAAAAAAAAAAAAAAAAAAAAAAAAAAAAAAAAAAAAAAAAAAAAAAAAAAAAAAAAAAAAAAAAAAAAAAAAAAAAAAAAAAAAAAAAAAAAAAAAAAAAAAAAAAAAAAAAAAAAAAAAAAAAAAAAAAAAAAAAAAAAAAAAAAAAAAAAAAAAAAAAAAAAAAAAAAAAAAAAAAAAAAAAAAAAAAAAAAAAAAAAAAAAAAAAAAAAAAAAAAAAAAAAAAAAAAAAAAAAAAAAAAAAAAAAAAAAAAAAAAAAAAAAAAAAAAAAAAAAAAAAAAAAAAAAAAAAAAAAAAAAAAAAAAAAAAAAAAAAAAAAAAAAAAAAAAAAAAAAAAAAAAAAAAAAAAAAAAAAAAAAAAAAAAAAAAAAAAAAAAAAAAAAAAAAAAAAAAAAAAAAAAAAAAAAAAAAAAAAAAAAAAAAAAAAAAAAAAAAAAAAAAAAAAAAAAAAAAAAAAAAAAAAAAAAAAAAAAAAAAAAAAAAAAAAAAAAAAAAAAAAAAAAAAAAAAAAAAAAAAAAAAAAAAAAAAAAAAAAAAAAAAAAAAAAAAAAAAAAAAAAAAAAAAAAAAAAAAAAAAAAAAAAAAAAAAAAAAAAAAAAAAAAAAAAAAAAAAAAAAAAAAAAAAAAAAAAAAAAAAAAAAAAAAAAAAAAAAAAAAAAAAAAAAAAAAAAAAAAAAAAAAAAAAAAAAAAAAAAAAAAAAAAAAAAAAAAAAAAAAAAAAAAAAAAAAAAAAAAAAAAAAAAAAAAAAAAAAAAAAAAAAAAAAAAAAAAAAAAAAAAAAAAAAAAAAAAAAAAAAAAAAAAAAAAAAAAAAAAAAAAAAAAAAAAAAAAAAAAAAAAAAAAAAAAAAAAAAAAAAAAAAAAAAAAAAAAAAAAAAAAAAAAAAAAAAAAAAAAAAAAAAAAAAAAAAAAAAAAAAAAAAAAAAAAAAAAAAAAAAAAAAAAAAAAAAAAAAAAAAAAAAAAAAAAAAAAAAAAAAAAAAAAAAAAAAAAAAAAAAAAAAAAAAAAAAAAAAAAAAAAAAAAAAAAAAAAAAAAAAAAAAAAAAAAAAAAAAAAAAAAAAAAAAAAAAAAAAAAAAAAAAAAAAAAAAAAAAAAAAAAAAAAAAAAAAAAAAAAAAAAAAAAAAAAAAAAAAAAAAAAAAAAAAAAAAAAAAAAAAAAAAAAAAAAAAAAAAAAAAAAAAAAAAAAAAAAAAAAAAAAAAAAAAAAAAAAAAAAAAAAAAAAAAAAAAAAAAAAAAAAAAAAAAAAAAAAAAAAAAAAAAAAAAAAAAAAAAAAAAAAAAAAAAAAAAAAAAAAAAAAAAAAAAAAAAAAAAAAAAAAAAAAAAAAAAAAAAAAAAAAAAAAAAAAAAAAAAAAAAAAAAAAAAAAAAAAAAAAAAAAAAAAAAAAAAAAAAAAAAAAAAAAAAAAAAAAAAAAAAAAAAAAAAAAAAAAAAAAAAAAAAAAAAAAAAAAAAAAAAAAAAAAAAAAAAAAAAAAAAAAAAAAAAAAAAAAAAAAAAAAAAAAAAAAAAAAAAAAAAAAAAAAAAAFdpbmRvd3MgUGhvdG8gRWRpdG9yIDEwLjAuMTAwMTEuMTYzODQAV2luZG93cyBQaG90byBFZGl0b3IgMTAuMC4xMDAxMS4xNjM4NAAyMDE4OjEwOjIzIDA5OjQ0OjU4AAAGkAMAAgAAABQAABEckAQAAgAAABQAABEwkpEAAgAAAAM5NAAAkpIAAgAAAAM5NAAAoAEAAwAAAAEAAQAA6hwABwAACAwAAAkQAAAAABzqAAAACAAAAAAAAAAAAAAAAAAAAAAAAAAAAAAAAAAAAAAAAAAAAAAAAAAAAAAAAAAAAAAAAAAAAAAAAAAAAAAAAAAAAAAAAAAAAAAAAAAAAAAAAAAAAAAAAAAAAAAAAAAAAAAAAAAAAAAAAAAAAAAAAAAAAAAAAAAAAAAAAAAAAAAAAAAAAAAAAAAAAAAAAAAAAAAAAAAAAAAAAAAAAAAAAAAAAAAAAAAAAAAAAAAAAAAAAAAAAAAAAAAAAAAAAAAAAAAAAAAAAAAAAAAAAAAAAAAAAAAAAAAAAAAAAAAAAAAAAAAAAAAAAAAAAAAAAAAAAAAAAAAAAAAAAAAAAAAAAAAAAAAAAAAAAAAAAAAAAAAAAAAAAAAAAAAAAAAAAAAAAAAAAAAAAAAAAAAAAAAAAAAAAAAAAAAAAAAAAAAAAAAAAAAAAAAAAAAAAAAAAAAAAAAAAAAAAAAAAAAAAAAAAAAAAAAAAAAAAAAAAAAAAAAAAAAAAAAAAAAAAAAAAAAAAAAAAAAAAAAAAAAAAAAAAAAAAAAAAAAAAAAAAAAAAAAAAAAAAAAAAAAAAAAAAAAAAAAAAAAAAAAAAAAAAAAAAAAAAAAAAAAAAAAAAAAAAAAAAAAAAAAAAAAAAAAAAAAAAAAAAAAAAAAAAAAAAAAAAAAAAAAAAAAAAAAAAAAAAAAAAAAAAAAAAAAAAAAAAAAAAAAAAAAAAAAAAAAAAAAAAAAAAAAAAAAAAAAAAAAAAAAAAAAAAAAAAAAAAAAAAAAAAAAAAAAAAAAAAAAAAAAAAAAAAAAAAAAAAAAAAAAAAAAAAAAAAAAAAAAAAAAAAAAAAAAAAAAAAAAAAAAAAAAAAAAAAAAAAAAAAAAAAAAAAAAAAAAAAAAAAAAAAAAAAAAAAAAAAAAAAAAAAAAAAAAAAAAAAAAAAAAAAAAAAAAAAAAAAAAAAAAAAAAAAAAAAAAAAAAAAAAAAAAAAAAAAAAAAAAAAAAAAAAAAAAAAAAAAAAAAAAAAAAAAAAAAAAAAAAAAAAAAAAAAAAAAAAAAAAAAAAAAAAAAAAAAAAAAAAAAAAAAAAAAAAAAAAAAAAAAAAAAAAAAAAAAAAAAAAAAAAAAAAAAAAAAAAAAAAAAAAAAAAAAAAAAAAAAAAAAAAAAAAAAAAAAAAAAAAAAAAAAAAAAAAAAAAAAAAAAAAAAAAAAAAAAAAAAAAAAAAAAAAAAAAAAAAAAAAAAAAAAAAAAAAAAAAAAAAAAAAAAAAAAAAAAAAAAAAAAAAAAAAAAAAAAAAAAAAAAAAAAAAAAAAAAAAAAAAAAAAAAAAAAAAAAAAAAAAAAAAAAAAAAAAAAAAAAAAAAAAAAAAAAAAAAAAAAAAAAAAAAAAAAAAAAAAAAAAAAAAAAAAAAAAAAAAAAAAAAAAAAAAAAAAAAAAAAAAAAAAAAAAAAAAAAAAAAAAAAAAAAAAAAAAAAAAAAAAAAAAAAAAAAAAAAAAAAAAAAAAAAAAAAAAAAAAAAAAAAAAAAAAAAAAAAAAAAAAAAAAAAAAAAAAAAAAAAAAAAAAAAAAAAAAAAAAAAAAAAAAAAAAAAAAAAAAAAAAAAAAAAAAAAAAAAAAAAAAAAAAAAAAAAAAAAAAAAAAAAAAAAAAAAAAAAAAAAAAAAAAAAAAAAAAAAAAAAAAAAAAAAAAAAAAAAAAAAAAAAAAAAAAAAAAAAAAAAAAAAAAAAAAAAAAAAAAAAAAAAAAAAAAAAAAAAAAAAAAAAAAAAAAAAAAAAAAAAAAAAAAAAAAAAAAAAAAAAAAAAAAAAAAAAAAAAAAAAAAAAAAAAAAAAAAAAAAAAAAAAAAAAAAAAAAAAAAAAAAAAAAAAAAAAAAAAAAAAAAAAAAAAAAAAAAAAAAAAAAAAAAAAAAAAAAAAAAAAAAAAAAAAAAAAAAAAAAAAAAAAAAAAAAAAAAAAAAAAAAAAAAAAAAAAAAAAAAAAAAAAAAAAAAAAAAAAAAAAAAAAAAAAAAAAAAAAAAAAAAAAAAAAAAAAAAAAAAAAAAAAAAAAAAAAAAAAAAAAAAAAAAAAAAAAAAAAAAAAAAAAAAAAAAAAAAAAAAAAAAAAAAAAAAAAAAAAAAAAAAAAAAAAAAAAAAAAAAAAAAAAAAAAAAAAAAAAAAAAAAAAAAAAAAAAAAAAAAAAAAAAAAAAAAAAAAAAAAAAAAAAAAAAAAAAAAAAAAAAAAAAAAAAAAAAAAAAAAAAAAAAAAAAAAAAAAAAAAAAAAAAAAAAAAAAAAAAAAAAAAAAAAAAAAAAAAAAAAAAAAAAAAAAAAAAAAAAAAAAAAAAAAAAAAAAAAAAAAAAAAAAAAAAAAAAAAAAAAAAAAAAAAAAAAAAAAAAAAAAAAAAAAAAAAAAAAAAAAAAAAAAAAAAAAAAAAAAAAAAAAAAAAAAAAAAAAAAAAAAAAAAAAAAAAAAAAAAAAAAAAAAAAAAAAAAAAAAAAAAAAAAAAAAAAAAAAAAAAAAAAAAAAAAAAAAAAAAAAAAAAAAAAAAAAAAAAAAAAAAAAAAAAAAAAAAAAAAAAAAAAAAAAAAAAAAAAAAAAAAAAAAAAAAAAAAAAAAAAAAAAAAAAAAAAAAAAAAAAAAAAAAAAAAAAAAAAAAAAAAAAAAAAAAAAAAAAAAAAAAAAAAAAAAAAAAAAAAAAAAAAAAAAAAAAAAAAAAAAAAAAAAAAAAAAAAAAAAAAAAAAAAAAAAAAAAAAAAAAAAAAAAAAAAAAAAAAAAAAAAAAAMjAxODoxMDoyMyAwOTo0MzoxNgAyMDE4OjEwOjIzIDA5OjQzOjE2AAAAAAYBAwADAAAAAQAGAAABGgAFAAAAAQAAEZQBGwAFAAAAAQAAEZwBKAADAAAAAQACAAACAQAEAAAAAQAAEaQCAgAEAAAAAQAAIj8AAAAAAAAAYAAAAAEAAABgAAAAAf/Y/9sAQwAIBgYHBgUIBwcHCQkICgwUDQwLCwwZEhMPFB0aHx4dGhwcICQuJyAiLCMcHCg3KSwwMTQ0NB8nOT04MjwuMzQy/9sAQwEJCQkMCwwYDQ0YMiEcITIyMjIyMjIyMjIyMjIyMjIyMjIyMjIyMjIyMjIyMjIyMjIyMjIyMjIyMjIyMjIyMjIy/8AAEQgA+AEAAwEhAAIRAQMRAf/EAB8AAAEFAQEBAQEBAAAAAAAAAAABAgMEBQYHCAkKC//EALUQAAIBAwMCBAMFBQQEAAABfQECAwAEEQUSITFBBhNRYQcicRQygZGhCCNCscEVUtHwJDNicoIJChYXGBkaJSYnKCkqNDU2Nzg5OkNERUZHSElKU1RVVldYWVpjZGVmZ2hpanN0dXZ3eHl6g4SFhoeIiYqSk5SVlpeYmZqio6Slpqeoqaqys7S1tre4ubrCw8TFxsfIycrS09TV1tfY2drh4uPk5ebn6Onq8fLz9PX29/j5+v/EAB8BAAMBAQEBAQEBAQEAAAAAAAABAgMEBQYHCAkKC//EALURAAIBAgQEAwQHBQQEAAECdwABAgMRBAUhMQYSQVEHYXETIjKBCBRCkaGxwQkjM1LwFWJy0QoWJDThJfEXGBkaJicoKSo1Njc4OTpDREVGR0hJSlNUVVZXWFlaY2RlZmdoaWpzdHV2d3h5eoKDhIWGh4iJipKTlJWWl5iZmqKjpKWmp6ipqrKztLW2t7i5usLDxMXGx8jJytLT1NXW19jZ2uLj5OXm5+jp6vLz9PX29/j5+v/aAAwDAQACEQMRAD8A9/ooAKKACigAooAKKACigAooAKKACigAooAKKACigAooAKKACigAooASigAooAKKACigAooAKKACigDn/GHiFPDmhSXKkfaZPkgX1b1/DrVbwV4sj8S6biUql9CMTIO/+0PY1nz+/wApHN71jqaK0LCigAooAKKACigAooAKKACigBaKACkoAWigAooAKKACigAprMFBYnAAyT6UAeBeOfETeIPEEhjf/RLfMcI7H1b8T/SsjRtXutD1SG+tHxJGeVPRx3B9jXnym+fmRzOXvXPoXRdXttc0uG/tW+SQcrnlT3BrRrvTurnQndXCimMKKACigAooAKKACigAooASigAooAKKACigAooAKKACuM+JHiH+x9BNrC+Lu8yi46qn8R/p+NRUdotkydkeHUleccp2Xw/8UtoOri1uH/0C6IV8n7jdm/oa9zBDAEcg9K7aErxsdFN6WCitzQKKACigAooAKKACigAooAWigAooAKKACigAooAKKAEYgDJ4A5r578Z62dd8SXFwrZgjPlQ/7o7/AI8mufEP3UjKq9LHP1JNA8DAOMZGRXFzJOxiR17Z8NvE/wDa+knT7l83loAMk8vH2P1HQ/hXRQlaVi6bszuKWu06AooAKKACigAooAKKACigApKAFpKAFpKACloASloAKSgDlPiFrZ0bwxMIn23F1+5j9QD94/ln868FrjxDvKxhVepc06DzbgMR8qcmtS7thcwlf4xyprzKs7VV5CitDAIIJBGCK0/D+sS6FrVvfxZwjYdR/Ep6iuyMrNMhaM+jLS5ivLSK5gcPFKgdGHcEZqavTR1hRQAlLQAUUAFFABSUAFLQAlFABRxQAUUAFFAC0lABQaAPE/ihq/27xILJGzFZrtIz/GeT/SuHrz6jvNnNN3kdFYWghslyMO3zNUnfmvHnLmk2WtjK1O22sJ1HB+99azq76MuaCM5LU9c+FOvGexm0aZ8vATJDk/wE8j8D/OvSK9Wk7wRvB3iFFaFhRQAUUAFFABxS0AJRQAUUAFFABRQAUUAFFABkDqar393HYafcXcp+SGNpD+AobsB803lzLe3s91Md0s0jSOfcnJp1hB9ovI0I4zk/SvKnK0Wzk3Z1FRypn5hXkI1K8iCSNkYcMMGuemjMMrRt1U124WW6JmjQ8PavJoeu2t+mSsb/ALxR/Eh4I/KvoW4um/st7uzVZ28rzI1zgPxkc+9eth3o0XSejOe0P4haLrDrBJIbK6PHlz8An2bp/KutBBGQcitoTUldGkZKSCirGFFABRQAUUAFFABRQAUUAFFAC0lABWJ4g8Uab4btvMvJN0pHyQJy7/4D3qZSUVdibsrnnFh4p1bxl4usbN3MFkZd5giPBVeTuPfpXXfEzUPsXhJ4VbD3UixD6dT/ACrCM24SkzNSbi2eH1taJBiOSYjknaK87EO1NmUdzWorzTQgddrfyrL1WDKrMByOG+lb0JWmhS2MqvcPhpq/9peGFtpGzLaN5Zz/AHeor2KD96wqT1PMPG2k/wBj+K7yBVxFI3mx/wC63P8APP5VY8O+O9W0BljMhurQdYZW6D2Pap5nCbsK7jI9i0DxNpviK186ym+cD54X4dPqP61s5rtjJSV0dCd1cWkqhi0UAFFABRQAUUAFFACUtABSZoA43xp45g8Oxta2mybUWHC9RF7t7+1eKXl9c6jdPc3czzTOcs7nmuOvO75UYVJXdjvfhHY+drV7fMMi3gCD6uf8FP51L8Xr7fqWn2APEcRlYe7HA/8AQT+dPaiG1M82rqbKLybOJO+3JrzMW/dSJjuT0VwljXG5fpVWVBLGyN0YYqouwHOOpjdkbqDg12vwv1b7B4oFo7YivUMf/Axyv9R+NezSfvJkR0kdV8U9An1CztdStIGllt8pKEGTsPIP4HP514/V142mOoveLFjqF3pt2l1ZzvDMhyGU/wCeK9t8G+OLbxHCLa42w6ii/NH2k91/wqqE7PlY6crOx1+aK7DcWigAooAKKAEoJx1PFABnPSigAooAK5Hxx4xj8OWXkW7BtRnX92vXYP7x/pUTlyxuTJ2VzwyaaS5neaZ2eSRizMxyST3qSysrnUbuO1tIWlnkOFRR1/8ArV5+rZzbs918EeF28MaVJHNIJLi4YPIV6LgcCvKfiDdm78bagc5WJliX22qAf1zXTVXLTUTWatFI522j825jj/vMBXWV5GLeqREQorkLCoHG1yKaAxNUi2XAkA4cc/WobC6ex1C2u4zhoZVcH6HNepRd4Jmb0Z9L20yXNrFOn3ZUDj6EVxXi74eWusCS801Utr48lQMJKff0PvXp1Ic8TolHmR43d2lxY3UlrdQtFNG210YYINNt7ia0uI7i3kaOaNgyupwQa4Nmc2x7t4K8XxeJbAxzYTUIQPNT+8P7wrqq9CEuaKZ1Rd1cKKsYUFgBk8UAAOe9FABVbUV3abdD1hcfoaT2A8B0rxhreivttr12iB/1UvzL+vT8K9D0L4rWN0Vh1eA2kh485PmjP17j9a5Kdbl0kYQnbRnfWt1b3kKzW0yTRN0ZGyDU1dhuZuvaxb6DpE9/cn5Y1+Ve7t2Ar541TUrnV9Rmvrpy0srZPsOwHtXLiJbRMar6ENraz3t1HbW0bSTSMFRFHJJr3fwd4Qt/DVkGcLJfyL+9l9P9lfb+dTh43fMKlG7udRivmrXJ/tOvahPnO+4dv1q8TsiquyE0hN1+p/uqT/T+tdFXiYp++RHYKK5ygqOYcA+lCAzdTj32pbupzWJXo4Z+4RLc+gfAV8b7wbYOTlo1MTfVTiukxXswd4o6I7HJ+M/B1v4ksjNCFj1CJf3cn9//AGTXhdxbzWtxJbzxtHLG21lYcg1y4iFncxqKzuWdI1W50XU4b61bEkZzjsw7g+xr6H0XV7fW9Kgv7U/JKuSp6oe4PuKrDy3iOk+hoVBdXltYwNPdTxwxL1Z2wK6m7GxwGu/Fezti0OjwG6ccedJ8qD6Dqf0/GvP9R8Wa3rdwq3V7J5bMP3UZ2r19B1rjqVnLRGEpt6I+gbUYtIR6Rr/Kpa7EbhTZEEkboejKQaAPmG4Qx3MsbDBVyD+BqZtPlESyJ86kA8dRXkzmoNXOWxY0nXdU0K582wuXhIPzIeVb6ivWPDPxKsNW2W2pBbO7PG4n9259j2+hrpo1baPYuE7aM1PGPhYeKtNSNLpoZoSXi7ox9x/WvD9W0e90S9a1voGjkHQ9mHqD3qq8HfmHUjrc9S+GnhQWNmNZvI/9JnX9ypH3E9fqf5V6JW9KPLBGkFZDJm2QSN/dUn9K+Yrk7rqZvVyf1rHE9DOr0NHQ1/fSt6LituvExP8AEZMdgorAoKRhlSKAKkqeZE6H+JSK5vHrXdhXo0RM9g+EV35mh31oTkw3AcewZf8AFTXole1SfuI3h8KCvN/ib4UF1bHXLJMTxDFwqj76/wB76j+X0oqx5oimrxPM9H0S/wBdvRa2MBkf+Jv4UHqTXuPhLwyvhXSmge7aaSQ75SeEU/7I9PesMPB35iKcepi+JviZZaZvttLVby6HBfP7tD9e/wCFeU6prWp65c+bfXUkzE8L/Cv0A6VNarfRbCnO+iIBYS+U0r4RVUnnrSafGZdStYxyWlUfqK5qc1N6EWsfTSDagUdAMU6vWOoKQ0AfOfiu0Nh4s1S3IwBcMyj2Y7h+hFW7FQ9jEwPOK8PGaL5nOtxLmzjmH7xOezDrWRc2EkGWX509R1FZ0K1vdYSj1Oo8J/EG90IpaXha60/OApPzRj/ZPp7V6vJBovjDSoZWSO7tSQyN3Uj9QfUV7FGfPHlkXB8yszZVVRAqjCqMADtTq6DUgvf+PG4/65t/KvmOU/vn/wB41y4noY1ehraGOJj9BWxxXh4j+IyY7BRWJQUtICseGI965y5XZcyL6Ma7cK9WTM9E+D8+NT1OD+/Cj/8AfLEf+zV65Xt0PgRrT+EKZIiSxtG6hkYYYHuK1LMUR6J4M0Z3VY7W2U5J/idv5k15P4s8fX2vs9tal7XT8/cB+aT/AHj6e1c1WaguWJlOXKrI5u20+Sb5m+RPfqa1rezjhH7tOe7GvHr1r+6iIrqGoL5dhKxPOMfrUPg21+2eL9MixkecHI9l5P8AKtsHqvmD+JH0RS17Z0CUtAHivxWsfs/ieO7A+W5hBJ9SvH8sVh6M+6zK91bFePjlo/U53pJmj1HSo2i7r+VeWmUZd5pqyZeIBX7jsak8O+JdQ8L3/mQEmMn99Ax+Vx/j716eGrP5oh+67o920PXLLX9NS9spAykYdD95G9CK0q9hNNXR0J3VyO4XdbSr6oR+lfMU423Eq+jkfrXNiehlV6Gtof3JvqK168Kv/EYo7BVqCHzbK6YD5ogr/hnB/mKzirsZVopAQSDDmsDUFxev74NdWF+ImWx2fwmbb4puF/vWrD/x5a9nr3KHwGlP4QrL1/X7Lw9pr3l2444SMH5nb0FayaSuy27K54Tr/iLUfE+o+bcsdoOIoV+6g/x96bZ6aseGkAaT07CvHxNZ/NmC953ZqLFjk/lUmO1eY2UZutvi0VP7zZroPhNp/wBo8RXF6wylrDgH/aY4H6Bq9XArRErWZ7NRXrnQFFAHA/FXTDdeHor1Fy1rJ8x/2W4/nivLdEl2zyRE/eGR9RXmY6OjMJ6TNyivFGNZQ319az72xEy9MSDofWtac3CVwaurDPD2v3vhbVlniyUziaEnh1/x9DXvulapa6xp8V7Zyb4ZRkeoPofevew07qw6b6Fw9K+Z9YhNtrV7CRgpO6/rTxOyCrsi3oR/1w+hrZrwsR/EZMdgrb8MQ/a726tOvnWkiD69v1pUFeokUtzE5BxRWQiGX7/4Vg6n/wAfh+grpw3xky2Ov+Eyk+K5j6WrH/x5a9pr3aHwGlP4Sjq+r2uiabLfXkm2KMcDux7Ae5rwHXdcvfFGrtcTk4JxFEDwi+lZ4mdlYVV9CezslgXgZkPVqvqoX6+teBUm5SuJaDqKgDC1qXdcrGP4F/nXrPwt0w2Xhg3TLh7uQv8A8BHA/r+de1gY6IUPiO4or0jcWigCpqVhFqemXNjN/q542jb2z3/CvnGSGbSdWeCYbZbeUo4+nBrkxUboyq9GdICGUEdCM5pVG5gCQM9zXz1tRDpI3hkKSKVYHkGo2UMMEUbMDOv7ITJkD94Pun1rS8B+Kn8O6t9lu2IsbhtsgP8Ayzbs3+Nelg6v4E7Sue5hgwBByDyCO9fP/jy0+yeNdSTGA8glH/AgD/M16WI+FGlXYoaG3+kSL6rmtyvCxK/eGcdgroPBhx4mtx/eVx+hpYf+NH1Ra3MvVrf7Nq93DjASVgB7Z4qnWc1aTQmQy/eH0rB1Pm8P0Fb4b4iZbHdfCCEtrOoT44S3Cfm2f/Za9dZlRSzEBQMkk8AV7tD4DWn8J4R448Tv4k1jybZibGBisIH8Z7t+P8qpWNkIU6Zc/eP9K8vGVb6dzLeVzRAAGBT44nlkCRqSx7V5qTbsUNYYYgHOO4prMEUsxwAMk0WA522t5tZ1mK3hUmW5lCqPTJ/oP5V9H2FnHp9hBaRDEcMYRfwFfQ4WNkOl1ZZpK6zUWigAryD4q6CbbUItYhT91cfJKQOjgcH8R/Ksa6vAiorxOZ0i68238pj88f6itGvna0eWbRmtjWsPs+pxrYXUgiuAMW856f7je3oaoXdncWFy9vcxmORTyD/SnOPNBTXoyvMrlQwwaxtTsjzMg+Yfe9xToT5Zol6o9T+GniP+1dHOnXD5urMADJ5aPsfw6flXN/F2w8vV7G/UfLNCY2Pupz/Jv0r3ZPmo3KbvA4fSX26gg/vAiujrxMUvfIjsFbng/wD5Gi0/4F/6Caih/Fj6otbh4vi8rxLdf7eH/MVh0YhWqyXmwe5BL978K5/UDm9f24rXC/ERLY9T+ENn5ek6heEf66ZYx9FGf/ZqsfE/xEdO0pdLt3xPdg78HlY+/wCfSvaT5aJadoHmel2WAJXHzEcZ7CtcAKMCvArz5pslKyLNlY3OoXK29rGXkb06D3PoKvagbfTY20+0kWWQ8XE69GP91fb+dEY8sHN+iK8zJrM1i58uAQqfmfr9KVGPNNEvY634UaCZbqXWpk+WIGOAkdWPU/lx+NetYr6OjG0DSmrRCitSxKKACqOr6Zb6xpVxYXC5jmXGfQ9iPcGk1dWB6nz5fWV14c1uS1nUiSFsezL2P41tQypPEsiHKsOK8DGQadznjpoSd811WmapZazbLpet/fAxBdfxL7E1nhpxUuWWz0LRmaz4cvdHcs6+bbn7syDj8fSsZlDLg1nVpSpT5WDVmVdGvX8NeKbW9UkQM+2T/dPBH9fwr0r4l2A1HwibqP5jbOsoI/ung/zr2cPLnosS+Fo8VtpPKuon/usM11debi1qmREK3/Boz4ntfYMf/HTWOH/ix9UaLctePE26+r4+/CtctVYr+NL1B7kEv3z9K5u5bfdSN/tVphd2RPY958E2i6R4Ks/N+TMZnkJ7Z5/lXkep3sniXxLdahLnyi+IweyjhRXpYqfJRRctki6qhQAO1bejeGrzV2D48m1H3pnHGPb1rx6NKVWfKgSuX9V1Wz0u2bS9EGAeJ7n+J/YGuWqsROMpcsNlogZHPMlvE0jnCgVkaZp134l1yO1gHzyty2OEXufwrbB07u5D1dj6E0vTbfSdNgsbVdsMK7R6n3PuauV7yVlY3WgUlMYUUAFFAHJ+NvCEfiWwEkIVNQhB8p+m4f3T/T0rxiGW40i9ktrmJkZG2yRsMFTXBi6XMvUxqKzubkcqTRh42DKe4p9eE007MDqdB8WvZxiy1EefaHgEjJQf1FamoeELLVIftuizIofny8/Ifp6fSvTp2xVLkfxR2LXvI4XWdGuYA1teQNFJ/CWHB+h716L4RuF1/wADpa3XLqjWk4PXgYB/Ig1eX3jKVKRMVqeIX9lLpuo3FlOMSwSFG+oNdFbSebaxv6qK58ZGyRnHexLXSeB13eJEP92Nj/n8658N/Gj6mi3LnxBGNVtW9Yf6muQq8Z/HkEtypcSbFkkP8IJrI0TT31fXLOxQZM0oB46DqT+AzW2EV7kS1aR7V47u/wCzPCElvb/K8+22iA7A9f0BrzrR9FubkLbWUDSMPvEDge5Nb5hec404mktZHdWHhKw0mD7drUyPs52E/ID/AFNZGv8AiyS/U2dgDBZjg4GC4/oPaoq2wtL2cfie43orHMUyWZIIy8jBVFeYk27Igw3a61q/itbWJ3Z22xxqOSa9r8F+EovDOn5kxJfTDM0n93/ZHt/OvdwlJRXoFNXdzqKK7zYKKACigAooAD0rmvFPgyw8TR+Y/wC4vFGEnUcn2PqKmcVJWYpK6seR6p4c13wrcMZoGaDPE0Y3Rt/h+NR2+rwS4Ev7pvfpXi4nDO91uYaxdmX1dXGVYEeoNaek6xfaTNvtJDtP3ozyrfhXFTnKnNSW6KTPRtMv4PElgY7zT3XjLLLGdh91NWdJ0O10V7n7IXEc7BjGTkAgYyPwx+VfQ0lGpatazNd9TzH4raL9m1aHVY0/d3K7JCB/GP8A638q5zRpd9mUJ5RsV5+PjozFq0zRrrfAEe7WZpP7sOPzIrjwivXiVHcl+If/ACEbP/rkf5muN7GnjP48gluZOpybLUju5xXa/CbQ8y3GsypwoMMGR/30f6fnXbgI7EpXmeg6toVrrM1s12WaO3LERg4DE45P5frVXVdSh8OWSx2mnu3HyiOMhB9TXbV5aXNWtdm22p5zqmrXuq3HmXkhOPuoOFX6Cs5nRBlmCj1Jr5+c5VJOT3MmzPuNXgj+WEeY/t0qXSfDGu+KZ1aOFkt+80o2oo9vX8K7sLhne73J1k7I9d8L+DtP8Mw7olE124w9ww5+g9BXSV7MIqKsjeKsrBRVDCigAooAKSgBao6vdT2OmyXUEYlaL5mQnGV71FSTjFtAZth4s0jUowjyiF2GDHMMfr0NF14T8OaoTI+n2zk/xxcfyrKnVp143ROktymnw58NI25bOQfSZv8AGtmw0DTNMH+i2iIf7x5P5mrVGCd7AoJGlilrUoxvFOiJr/h+5sTgSFd0TH+Fx0/w/GvCNLL22oS20qlGOVZT1DD/ACa8/HRvG5jUXvJm5XcfDyL5r6bHZV/ma83Aq9eI47lb4gtnVbUekP8AU1xshwh96WL/AI8ge5lNaXGr6xb6barulkYKPQE9z7AV79pGlw6PpVvYW/8Aq4UC5x949yfqa9XAwtC4Q3bL1Jiu41My/wDD2l6n/wAfVojN/eHyn9Kx2+HPhpm3NZyE+8zf41k6FNu9iXBMu2vhXw5peJI9PtUI/jkGf503UPF2k6chSOTz5AMCOHp+fQVFSrToRuw0iaml3E93p0VzPGsbyjcEHYHpV2toNuKbKCiqAKKAEooAKKACkdQ6lWAKsMEHvQB4/r2mNpOrTW2D5ed0Z9VPSqUN3cW7q0UzoVORhiK+XmnSqNLoY7M9Q8P60uo2aSFvm+64J+61b1fSUpqpBSXU2WwUVoAV5B8SNBOla3DrdumLe4cCXA+6/wD9cfyrDER5qbIqLQygQQCDwa9J8AweXokkv/PSU/kAK8jL1+/+TFHcwPHr7teRf7sIrjrmQIhY9FGTWOJ1ry9RPc7v4b+GGs7ZtbvUxdXQzErdUQ9/qf5V6B+Ne/RjywSLgrIKK1KCuf8AEetjTrJnRsOfljGerf8A1qzrT9nTcuwm7HmMtzPOxaWZ3J/vMTWh4e0ttW1eKDB8pTvlP+yP8elfN04urUSfUzWrPXlAVQoGABgAUtfUGolFABRQAUUAFFABRQBzni/Q/wC1dO86Fc3MALKP7w7ivLuhweteFmNPlq83czktTS0bVX0q8EnJibiRfUV6jp+oRXEEbLIHjcZV66stq3g6b6Dg+ho0V6ZYVR1jTINZ0q4sLhQY5kx06HsfwNJq6sDV9DxlrSbT5pbG4H762cxt746H8Rg1674YtvsvhuyQjlo/MP8AwI5/rXk4GHLiJ+X+ZnA4HxnJ5niW4/2FVf0ql4a0A+INVCyrmzhIeb0Pov41zqPPimvMLXZ7CoCqFAAAGAKWvfNAooAzdR1GK3t5HZwsaDLNXlusapJql6ZWyI14jX0FeZmVW0VTXUiTM8AkgAZzwBXqnhPRP7J00PMuLmfDP6qOwrmy6nzVebsKK1Ogor3DQKKACigAooAKKACigANed+MfDhtZm1G1TMDn96o/gPr9DXFj6XPSut0TJXRx9bGia7LpUuxsvbMfmTPI9xXi0KrpVFNEJ2Z6Np+qRXECyROJIm6EdRWojrIMqwIr6aMlJJo1HUYpgcL430Uy39rewr80zLBJgd/4T+uK7eKMRQpGowqKFA+grko0+WtUfewktTyXV4Z9W8VXVvbKXllnKgegHBP6V6ZomkQ6NpsdpEASOXfuzdzXNgad6k6j7iiupo4or1ChrusYyxxWXf6nFBA0ksgihXqT1NKUlFXYHnGt65LqsuxcpbKflQ9/c1kV8zXqurUc2Yt3Z2fgzw6ZpV1O7TESnMKkfePr9K9BHSvbwNL2dJN7vU0itAorsKCigAooAWigAooAKKACmSRpLG0cihkYYII4NDV9APNPE3haTS5GurVS9mxyR3j+vtXMV81iaLpVHHoZNWZd0/U7rTJvMt5MD+JDyrfUV22leJ7W82qX+zz/AN1jwfoa7MBiuT93PboVFnSR3vHzrn3FWUuIn6MPxr2SwkijnUCRQwBDDPqOlSHpSt1Aw/D+grpnm3UwDXtwxZ2/ugnO0VuHArOjT9nBRElYje4iTq4+gqtJek8IMe5rUZzmq+JrWy3KH+0T/wB1TwPqa4jUNUutTm33D5A+6g4VfpXjY7Fc/wC7ht1M5PoU66nwv4Vk1GRLy8UraKcqp6yf/WrjwtF1aij0FFXZ6TGixoEVQqqMAAdBTq+lWhqFFABRQAUUAFFABRQAUUAFFADXUOpVlDKRgg9DXC6/4JYF7nSl4PLQZ/8AQf8ACuPGYf20NN0TJXOIdHjdkkUoynBVhgikr596aGZpWOvahYALHMWjH8EnI/8ArVv23jSIgC6tmU9yhyPyr0MNj5U1yz1RSkasHifS5MYu/LPowK1dXXLMjK6lB/3+H+NepDF0ZLSRd0I2uWaj5tSg/CYf41Tn8T6XH1uzIfRATRPF0YLWQXRlXPjOIAi2tmb0LnArBvte1C/BSSYpGeqR8A/X1ry8Rj5VFyw0RDl2MynRxyTSLHGhd2OAqjJJrz0m9ESdz4f8E4KXWqqCeqwf/Ff4V26qFUKoAAGAB2r6HB4f2MNd2aRVkOorrKCigAooAKKAEooAKKACigAooAKKAMnVfD1hq65ni2y44lThv/r1w2qeCtRsSz2wF1CO6cMPqP8ACvMxuD5/3lPciUexzkkbxOUkRlYdQwwabXjNNbkBRQAUUgCnxxyTOEjRnY9Aoyaa10QHSaV4J1G9Ie6xaw/7XLH6D/Gu50rQLDSE/wBHizJjBlblj/hXs4PB8n7ypuXGPU1KK9MsKKAFpKACigAooAKKACigAooAKKACigAoxQBVu9Ns75cXNtFL7sozWDd+A9KnJMDTW7eituX8j/jXLWwlOrq9GJxTMib4dzgnyL+Nv99CP5Zqq3gDVAeJrdv+BH/CvPllk18LI5AXwBqh6zWy/wDAj/hVuH4eTE/v9QjX12IT/MiiOWTfxMORmtaeBNKgwZjNcH0ZsD8h/jW/a6daWS7ba2jiH+yuK9GjhKdHVblpJFnFFdIwooAKKACigAooAKKAFooAKKACigAooAKKACigAooATFLigBMUYoAWigAooAKKACigAooAKKACigAooAKKACigAooAKKACigAooAKKACigAooAKKACigAooAKKACigAooA/9kA//4APENSRUFUT1I6IGdkLWpwZWcgdjEuMCAodXNpbmcgSUpHIEpQRUcgdjYyKSwgcXVhbGl0eSA9IDkwCgD/4THoaHR0cDovL25zLmFkb2JlLmNvbS94YXAvMS4wLwA8P3hwYWNrZXQgYmVnaW49J++7vycgaWQ9J1c1TTBNcENlaGlIenJlU3pOVGN6a2M5ZCc/Pg0KPHg6eG1wbWV0YSB4bWxuczp4PSJhZG9iZTpuczptZXRhLyI+PHJkZjpSREYgeG1sbnM6cmRmPSJodHRwOi8vd3d3LnczLm9yZy8xOTk5LzAyLzIyLXJkZi1zeW50YXgtbnMjIj48cmRmOkRlc2NyaXB0aW9uIHJkZjphYm91dD0idXVpZDpmYWY1YmRkNS1iYTNkLTExZGEtYWQzMS1kMzNkNzUxODJmMWIiIHhtbG5zOnhtcD0iaHR0cDovL25zLmFkb2JlLmNvbS94YXAvMS4wLyI+PHhtcDpDcmVhdG9yVG9vbD5XaW5kb3dzIFBob3RvIEVkaXRvciAxMC4wLjEwMDExLjE2Mzg0PC94bXA6Q3JlYXRvclRvb2w+PHhtcDpDcmVhdGVEYXRlPjIwMTgtMTAtMjNUMDk6NDM6MTYuOTQyPC94bXA6Q3JlYXRlRGF0ZT48L3JkZjpEZXNjcmlwdGlvbj48L3JkZjpSREY+PC94OnhtcG1ldGE+DQogICAgICAgICAgICAgICAgICAgICAgICAgICAgICAgICAgICAgICAgICAgICAgICAgICAgICAgICAgICAgICAgICAgICAgICAgICAgICAgICAgICAgICAgICAgICAgICAgICAgCiAgICAgICAgICAgICAgICAgICAgICAgICAgICAgICAgICAgICAgICAgICAgICAgICAgICAgICAgICAgICAgICAgICAgICAgICAgICAgICAgICAgICAgICAgICAgICAgICAgICAKICAgICAgICAgICAgICAgICAgICAgICAgICAgICAgICAgICAgICAgICAgICAgICAgICAgICAgICAgICAgICAgICAgICAgICAgICAgICAgICAgICAgICAgICAgICAgICAgICAgIAogICAgICAgICAgICAgICAgICAgICAgICAgICAgICAgICAgICAgICAgICAgICAgICAgICAgICAgICAgICAgICAgICAgICAgICAgICAgICAgICAgICAgICAgICAgICAgICAgICAgCiAgICAgICAgICAgICAgICAgICAgICAgICAgICAgICAgICAgICAgICAgICAgICAgICAgICAgICAgICAgICAgICAgICAgICAgICAgICAgICAgICAgICAgICAgICAgICAgICAgICAKICAgICAgICAgICAgICAgICAgICAgICAgICAgICAgICAgICAgICAgICAgICAgICAgICAgICAgICAgICAgICAgICAgICAgICAgICAgICAgICAgICAgICAgICAgICAgICAgICAgIAogICAgICAgICAgICAgICAgICAgICAgICAgICAgICAgICAgICAgICAgICAgICAgICAgICAgICAgICAgICAgICAgICAgICAgICAgICAgICAgICAgICAgICAgICAgICAgICAgICAgCiAgICAgICAgICAgICAgICAgICAgICAgICAgICAgICAgICAgICAgICAgICAgICAgICAgICAgICAgICAgICAgICAgICAgICAgICAgICAgICAgICAgICAgICAgICAgICAgICAgICAKICAgICAgICAgICAgICAgICAgICAgICAgICAgICAgICAgICAgICAgICAgICAgICAgICAgICAgICAgICAgICAgICAgICAgICAgICAgICAgICAgICAgICAgICAgICAgICAgICAgIAogICAgICAgICAgICAgICAgICAgICAgICAgICAgICAgICAgICAgICAgICAgICAgICAgICAgICAgICAgICAgICAgICAgICAgICAgICAgICAgICAgICAgICAgICAgICAgICAgICAgCiAgICAgICAgICAgICAgICAgICAgICAgICAgICAgICAgICAgICAgICAgICAgICAgICAgICAgICAgICAgICAgICAgICAgICAgICAgICAgICAgICAgICAgICAgICAgICAgICAgICAKICAgICAgICAgICAgICAgICAgICAgICAgICAgICAgICAgICAgICAgICAgICAgICAgICAgICAgICAgICAgICAgICAgICAgICAgICAgICAgICAgICAgICAgICAgICAgICAgICAgIAogICAgICAgICAgICAgICAgICAgICAgICAgICAgICAgICAgICAgICAgICAgICAgICAgICAgICAgICAgICAgICAgICAgICAgICAgICAgICAgICAgICAgICAgICAgICAgICAgICAgCiAgICAgICAgICAgICAgICAgICAgICAgICAgICAgICAgICAgICAgICAgICAgICAgICAgICAgICAgICAgICAgICAgICAgICAgICAgICAgICAgICAgICAgICAgICAgICAgICAgICAKICAgICAgICAgICAgICAgICAgICAgICAgICAgICAgICAgICAgICAgICAgICAgICAgICAgICAgICAgICAgICAgICAgICAgICAgICAgICAgICAgICAgICAgICAgICAgICAgICAgIAogICAgICAgICAgICAgICAgICAgICAgICAgICAgICAgICAgICAgICAgICAgICAgICAgICAgICAgICAgICAgICAgICAgICAgICAgICAgICAgICAgICAgICAgICAgICAgICAgICAgCiAgICAgICAgICAgICAgICAgICAgICAgICAgICAgICAgICAgICAgICAgICAgICAgICAgICAgICAgICAgICAgICAgICAgICAgICAgICAgICAgICAgICAgICAgICAgICAgICAgICAKICAgICAgICAgICAgICAgICAgICAgICAgICAgICAgICAgICAgICAgICAgICAgICAgICAgICAgICAgICAgICAgICAgICAgICAgICAgICAgICAgICAgICAgICAgICAgICAgICAgIAogICAgICAgICAgICAgICAgICAgICAgICAgICAgICAgICAgICAgICAgICAgICAgICAgICAgICAgICAgICAgICAgICAgICAgICAgICAgICAgICAgICAgICAgICAgICAgICAgICAgCiAgICAgICAgICAgICAgICAgICAgICAgICAgICAgICAgICAgICAgICAgICAgICAgICAgICAgICAgICAgICAgICAgICAgICAgICAgICAgICAgICAgICAgICAgICAgICAgICAgICAKICAgICAgICAgICAgICAgICAgICAgICAgICAgICAgICAgICAgICAgICAgICAgICAgICAgICAgICAgICAgICAgICAgICAgICAgICAgICAgICAgICAgICAgICAgICAgICAgICAgIAogICAgICAgICAgICAgICAgICAgICAgICAgICAgICAgICAgICAgICAgICAgICAgICAgICAgICAgICAgICAgICAgICAgICAgICAgICAgICAgICAgICAgICAgICAgICAgICAgICAgCiAgICAgICAgICAgICAgICAgICAgICAgICAgICAgICAgICAgICAgICAgICAgICAgICAgICAgICAgICAgICAgICAgICAgICAgICAgICAgICAgICAgICAgICAgICAgICAgICAgICAKICAgICAgICAgICAgICAgICAgICAgICAgICAgICAgICAgICAgICAgICAgICAgICAgICAgICAgICAgICAgICAgICAgICAgICAgICAgICAgICAgICAgICAgICAgICAgICAgICAgIAogICAgICAgICAgICAgICAgICAgICAgICAgICAgICAgICAgICAgICAgICAgICAgICAgICAgICAgICAgICAgICAgICAgICAgICAgICAgICAgICAgICAgICAgICAgICAgICAgICAgCiAgICAgICAgICAgICAgICAgICAgICAgICAgICAgICAgICAgICAgICAgICAgICAgICAgICAgICAgICAgICAgICAgICAgICAgICAgICAgICAgICAgICAgICAgICAgICAgICAgICAKICAgICAgICAgICAgICAgICAgICAgICAgICAgICAgICAgICAgICAgICAgICAgICAgICAgICAgICAgICAgICAgICAgICAgICAgICAgICAgICAgICAgICAgICAgICAgICAgICAgIAogICAgICAgICAgICAgICAgICAgICAgICAgICAgICAgICAgICAgICAgICAgICAgICAgICAgICAgICAgICAgICAgICAgICAgICAgICAgICAgICAgICAgICAgICAgICAgICAgICAgCiAgICAgICAgICAgICAgICAgICAgICAgICAgICAgICAgICAgICAgICAgICAgICAgICAgICAgICAgICAgICAgICAgICAgICAgICAgICAgICAgICAgICAgICAgICAgICAgICAgICAKICAgICAgICAgICAgICAgICAgICAgICAgICAgICAgICAgICAgICAgICAgICAgICAgICAgICAgICAgICAgICAgICAgICAgICAgICAgICAgICAgICAgICAgICAgICAgICAgICAgIAogICAgICAgICAgICAgICAgICAgICAgICAgICAgICAgICAgICAgICAgICAgICAgICAgICAgICAgICAgICAgICAgICAgICAgICAgICAgICAgICAgICAgICAgICAgICAgICAgICAgCiAgICAgICAgICAgICAgICAgICAgICAgICAgICAgICAgICAgICAgICAgICAgICAgICAgICAgICAgICAgICAgICAgICAgICAgICAgICAgICAgICAgICAgICAgICAgICAgICAgICAKICAgICAgICAgICAgICAgICAgICAgICAgICAgICAgICAgICAgICAgICAgICAgICAgICAgICAgICAgICAgICAgICAgICAgICAgICAgICAgICAgICAgICAgICAgICAgICAgICAgIAogICAgICAgICAgICAgICAgICAgICAgICAgICAgICAgICAgICAgICAgICAgICAgICAgICAgICAgICAgICAgICAgICAgICAgICAgICAgICAgICAgICAgICAgICAgICAgICAgICAgCiAgICAgICAgICAgICAgICAgICAgICAgICAgICAgICAgICAgICAgICAgICAgICAgICAgICAgICAgICAgICAgICAgICAgICAgICAgICAgICAgICAgICAgICAgICAgICAgICAgICAKICAgICAgICAgICAgICAgICAgICAgICAgICAgICAgICAgICAgICAgICAgICAgICAgICAgICAgICAgICAgICAgICAgICAgICAgICAgICAgICAgICAgICAgICAgICAgICAgICAgIAogICAgICAgICAgICAgICAgICAgICAgICAgICAgICAgICAgICAgICAgICAgICAgICAgICAgICAgICAgICAgICAgICAgICAgICAgICAgICAgICAgICAgICAgICAgICAgICAgICAgCiAgICAgICAgICAgICAgICAgICAgICAgICAgICAgICAgICAgICAgICAgICAgICAgICAgICAgICAgICAgICAgICAgICAgICAgICAgICAgICAgICAgICAgICAgICAgICAgICAgICAKICAgICAgICAgICAgICAgICAgICAgICAgICAgICAgICAgICAgICAgICAgICAgICAgICAgICAgICAgICAgICAgICAgICAgICAgICAgICAgICAgICAgICAgICAgICAgICAgICAgIAogICAgICAgICAgICAgICAgICAgICAgICAgICAgICAgICAgICAgICAgICAgICAgICAgICAgICAgICAgICAgICAgICAgICAgICAgICAgICAgICAgICAgICAgICAgICAgICAgICAgCiAgICAgICAgICAgICAgICAgICAgICAgICAgICAgICAgICAgICAgICAgICAgICAgICAgICAgICAgICAgICAgICAgICAgICAgICAgICAgICAgICAgICAgICAgICAgICAgICAgICAKICAgICAgICAgICAgICAgICAgICAgICAgICAgICAgICAgICAgICAgICAgICAgICAgICAgICAgICAgICAgICAgICAgICAgICAgICAgICAgICAgICAgICAgICAgICAgICAgICAgIAogICAgICAgICAgICAgICAgICAgICAgICAgICAgICAgICAgICAgICAgICAgICAgICAgICAgICAgICAgICAgICAgICAgICAgICAgICAgICAgICAgICAgICAgICAgICAgICAgICAgCiAgICAgICAgICAgICAgICAgICAgICAgICAgICAgICAgICAgICAgICAgICAgICAgICAgICAgICAgICAgICAgICAgICAgICAgICAgICAgICAgICAgICAgICAgICAgICAgICAgICAKICAgICAgICAgICAgICAgICAgICAgICAgICAgICAgICAgICAgICAgICAgICAgICAgICAgICAgICAgICAgICAgICAgICAgICAgICAgICAgICAgICAgICAgICAgICAgICAgICAgIAogICAgICAgICAgICAgICAgICAgICAgICAgICAgICAgICAgICAgICAgICAgICAgICAgICAgICAgICAgICAgICAgICAgICAgICAgICAgICAgICAgICAgICAgICAgICAgICAgICAgCiAgICAgICAgICAgICAgICAgICAgICAgICAgICAgICAgICAgICAgICAgICAgICAgICAgICAgICAgICAgICAgICAgICAgICAgICAgICAgICAgICAgICAgICAgICAgICAgICAgICAKICAgICAgICAgICAgICAgICAgICAgICAgICAgICAgICAgICAgICAgICAgICAgICAgICAgICAgICAgICAgICAgICAgICAgICAgICAgICAgICAgICAgICAgICAgICAgICAgICAgIAogICAgICAgICAgICAgICAgICAgICAgICAgICAgICAgICAgICAgICAgICAgICAgICAgICAgICAgICAgICAgICAgICAgICAgICAgICAgICAgICAgICAgICAgICAgICAgICAgICAgCiAgICAgICAgICAgICAgICAgICAgICAgICAgICAgICAgICAgICAgICAgICAgICAgICAgICAgICAgICAgICAgICAgICAgICAgICAgICAgICAgICAgICAgICAgICAgICAgICAgICAKICAgICAgICAgICAgICAgICAgICAgICAgICAgICAgICAgICAgICAgICAgICAgICAgICAgICAgICAgICAgICAgICAgICAgICAgICAgICAgICAgICAgICAgICAgICAgICAgICAgIAogICAgICAgICAgICAgICAgICAgICAgICAgICAgICAgICAgICAgICAgICAgICAgICAgICAgICAgICAgICAgICAgICAgICAgICAgICAgICAgICAgICAgICAgICAgICAgICAgICAgCiAgICAgICAgICAgICAgICAgICAgICAgICAgICAgICAgICAgICAgICAgICAgICAgICAgICAgICAgICAgICAgICAgICAgICAgICAgICAgICAgICAgICAgICAgICAgICAgICAgICAKICAgICAgICAgICAgICAgICAgICAgICAgICAgICAgICAgICAgICAgICAgICAgICAgICAgICAgICAgICAgICAgICAgICAgICAgICAgICAgICAgICAgICAgICAgICAgICAgICAgIAogICAgICAgICAgICAgICAgICAgICAgICAgICAgICAgICAgICAgICAgICAgICAgICAgICAgICAgICAgICAgICAgICAgICAgICAgICAgICAgICAgICAgICAgICAgICAgICAgICAgCiAgICAgICAgICAgICAgICAgICAgICAgICAgICAgICAgICAgICAgICAgICAgICAgICAgICAgICAgICAgICAgICAgICAgICAgICAgICAgICAgICAgICAgICAgICAgICAgICAgICAKICAgICAgICAgICAgICAgICAgICAgICAgICAgICAgICAgICAgICAgICAgICAgICAgICAgICAgICAgICAgICAgICAgICAgICAgICAgICAgICAgICAgICAgICAgICAgICAgICAgIAogICAgICAgICAgICAgICAgICAgICAgICAgICAgICAgICAgICAgICAgICAgICAgICAgICAgICAgICAgICAgICAgICAgICAgICAgICAgICAgICAgICAgICAgICAgICAgICAgICAgCiAgICAgICAgICAgICAgICAgICAgICAgICAgICAgICAgICAgICAgICAgICAgICAgICAgICAgICAgICAgICAgICAgICAgICAgICAgICAgICAgICAgICAgICAgICAgICAgICAgICAKICAgICAgICAgICAgICAgICAgICAgICAgICAgICAgICAgICAgICAgICAgICAgICAgICAgICAgICAgICAgICAgICAgICAgICAgICAgICAgICAgICAgICAgICAgICAgICAgICAgIAogICAgICAgICAgICAgICAgICAgICAgICAgICAgICAgICAgICAgICAgICAgICAgICAgICAgICAgICAgICAgICAgICAgICAgICAgICAgICAgICAgICAgICAgICAgICAgICAgICAgCiAgICAgICAgICAgICAgICAgICAgICAgICAgICAgICAgICAgICAgICAgICAgICAgICAgICAgICAgICAgICAgICAgICAgICAgICAgICAgICAgICAgICAgICAgICAgICAgICAgICAKICAgICAgICAgICAgICAgICAgICAgICAgICAgICAgICAgICAgICAgICAgICAgICAgICAgICAgICAgICAgICAgICAgICAgICAgICAgICAgICAgICAgICAgICAgICAgICAgICAgIAogICAgICAgICAgICAgICAgICAgICAgICAgICAgICAgICAgICAgICAgICAgICAgICAgICAgICAgICAgICAgICAgICAgICAgICAgICAgICAgICAgICAgICAgICAgICAgICAgICAgCiAgICAgICAgICAgICAgICAgICAgICAgICAgICAgICAgICAgICAgICAgICAgICAgICAgICAgICAgICAgICAgICAgICAgICAgICAgICAgICAgICAgICAgICAgICAgICAgICAgICAKICAgICAgICAgICAgICAgICAgICAgICAgICAgICAgICAgICAgICAgICAgICAgICAgICAgICAgICAgICAgICAgICAgICAgICAgICAgICAgICAgICAgICAgICAgICAgICAgICAgIAogICAgICAgICAgICAgICAgICAgICAgICAgICAgICAgICAgICAgICAgICAgICAgICAgICAgICAgICAgICAgICAgICAgICAgICAgICAgICAgICAgICAgICAgICAgICAgICAgICAgCiAgICAgICAgICAgICAgICAgICAgICAgICAgICAgICAgICAgICAgICAgICAgICAgICAgICAgICAgICAgICAgICAgICAgICAgICAgICAgICAgICAgICAgICAgICAgICAgICAgICAKICAgICAgICAgICAgICAgICAgICAgICAgICAgICAgICAgICAgICAgICAgICAgICAgICAgICAgICAgICAgICAgICAgICAgICAgICAgICAgICAgICAgICAgICAgICAgICAgICAgIAogICAgICAgICAgICAgICAgICAgICAgICAgICAgICAgICAgICAgICAgICAgICAgICAgICAgICAgICAgICAgICAgICAgICAgICAgICAgICAgICAgICAgICAgICAgICAgICAgICAgCiAgICAgICAgICAgICAgICAgICAgICAgICAgICAgICAgICAgICAgICAgICAgICAgICAgICAgICAgICAgICAgICAgICAgICAgICAgICAgICAgICAgICAgICAgICAgICAgICAgICAKICAgICAgICAgICAgICAgICAgICAgICAgICAgICAgICAgICAgICAgICAgICAgICAgICAgICAgICAgICAgICAgICAgICAgICAgICAgICAgICAgICAgICAgICAgICAgICAgICAgIAogICAgICAgICAgICAgICAgICAgICAgICAgICAgICAgICAgICAgICAgICAgICAgICAgICAgICAgICAgICAgICAgICAgICAgICAgICAgICAgICAgICAgICAgICAgICAgICAgICAgCiAgICAgICAgICAgICAgICAgICAgICAgICAgICAgICAgICAgICAgICAgICAgICAgICAgICAgICAgICAgICAgICAgICAgICAgICAgICAgICAgICAgICAgICAgICAgICAgICAgICAKICAgICAgICAgICAgICAgICAgICAgICAgICAgICAgICAgICAgICAgICAgICAgICAgICAgICAgICAgICAgICAgICAgICAgICAgICAgICAgICAgICAgICAgICAgICAgICAgICAgIAogICAgICAgICAgICAgICAgICAgICAgICAgICAgICAgICAgICAgICAgICAgICAgICAgICAgICAgICAgICAgICAgICAgICAgICAgICAgICAgICAgICAgICAgICAgICAgICAgICAgCiAgICAgICAgICAgICAgICAgICAgICAgICAgICAgICAgICAgICAgICAgICAgICAgICAgICAgICAgICAgICAgICAgICAgICAgICAgICAgICAgICAgICAgICAgICAgICAgICAgICAKICAgICAgICAgICAgICAgICAgICAgICAgICAgICAgICAgICAgICAgICAgICAgICAgICAgICAgICAgICAgICAgICAgICAgICAgICAgICAgICAgICAgICAgICAgICAgICAgICAgIAogICAgICAgICAgICAgICAgICAgICAgICAgICAgICAgICAgICAgICAgICAgICAgICAgICAgICAgICAgICAgICAgICAgICAgICAgICAgICAgICAgICAgICAgICAgICAgICAgICAgCiAgICAgICAgICAgICAgICAgICAgICAgICAgICAgICAgICAgICAgICAgICAgICAgICAgICAgICAgICAgICAgICAgICAgICAgICAgICAgICAgICAgICAgICAgICAgICAgICAgICAKICAgICAgICAgICAgICAgICAgICAgICAgICAgICAgICAgICAgICAgICAgICAgICAgICAgICAgICAgICAgICAgICAgICAgICAgICAgICAgICAgICAgICAgICAgICAgICAgICAgIAogICAgICAgICAgICAgICAgICAgICAgICAgICAgICAgICAgICAgICAgICAgICAgICAgICAgICAgICAgICAgICAgICAgICAgICAgICAgICAgICAgICAgICAgICAgICAgICAgICAgCiAgICAgICAgICAgICAgICAgICAgICAgICAgICAgICAgICAgICAgICAgICAgICAgICAgICAgICAgICAgICAgICAgICAgICAgICAgICAgICAgICAgICAgICAgICAgICAgICAgICAKICAgICAgICAgICAgICAgICAgICAgICAgICAgICAgICAgICAgICAgICAgICAgICAgICAgICAgICAgICAgICAgICAgICAgICAgICAgICAgICAgICAgICAgICAgICAgICAgICAgIAogICAgICAgICAgICAgICAgICAgICAgICAgICAgICAgICAgICAgICAgICAgICAgICAgICAgICAgICAgICAgICAgICAgICAgICAgICAgICAgICAgICAgICAgICAgICAgICAgICAgCiAgICAgICAgICAgICAgICAgICAgICAgICAgICAgICAgICAgICAgICAgICAgICAgICAgICAgICAgICAgICAgICAgICAgICAgICAgICAgICAgICAgICAgICAgICAgICAgICAgICAKICAgICAgICAgICAgICAgICAgICAgICAgICAgICAgICAgICAgICAgICAgICAgICAgICAgICAgICAgICAgICAgICAgICAgICAgICAgICAgICAgICAgICAgICAgICAgICAgICAgIAogICAgICAgICAgICAgICAgICAgICAgICAgICAgICAgICAgICAgICAgICAgICAgICAgICAgICAgICAgICAgICAgICAgICAgICAgICAgICAgICAgICAgICAgICAgICAgICAgICAgCiAgICAgICAgICAgICAgICAgICAgICAgICAgICAgICAgICAgICAgICAgICAgICAgICAgICAgICAgICAgICAgICAgICAgICAgICAgICAgICAgICAgICAgICAgICAgICAgICAgICAKICAgICAgICAgICAgICAgICAgICAgICAgICAgICAgICAgICAgICAgICAgICAgICAgICAgICAgICAgICAgICAgICAgICAgICAgICAgICAgICAgICAgICAgICAgICAgICAgICAgIAogICAgICAgICAgICAgICAgICAgICAgICAgICAgICAgICAgICAgICAgICAgICAgICAgICAgICAgICAgICAgICAgICAgICAgICAgICAgICAgICAgICAgICAgICAgICAgICAgICAgCiAgICAgICAgICAgICAgICAgICAgICAgICAgICAgICAgICAgICAgICAgICAgICAgICAgICAgICAgICAgICAgICAgICAgICAgICAgICAgICAgICAgICAgICAgICAgICAgICAgICAKICAgICAgICAgICAgICAgICAgICAgICAgICAgICAgICAgICAgICAgICAgICAgICAgICAgICAgICAgICAgICAgICAgICAgICAgICAgICAgICAgICAgICAgICAgICAgICAgICAgIAogICAgICAgICAgICAgICAgICAgICAgICAgICAgICAgICAgICAgICAgICAgICAgICAgICAgICAgICAgICAgICAgICAgICAgICAgICAgICAgICAgICAgICAgICAgICAgICAgICAgCiAgICAgICAgICAgICAgICAgICAgICAgICAgICAgICAgICAgICAgICAgICAgICAgICAgICAgICAgICAgICAgICAgICAgICAgICAgICAgICAgICAgICAgICAgICAgICAgICAgICAKICAgICAgICAgICAgICAgICAgICAgICAgICAgICAgICAgICAgICAgICAgICAgICAgICAgICAgICAgICAgICAgICAgICAgICAgICAgICAgICAgICAgICAgICAgICAgICAgICAgIAogICAgICAgICAgICAgICAgICAgICAgICAgICAgICAgICAgICAgICAgICAgICAgICAgICAgICAgICAgICAgICAgICAgICAgICAgICAgICAgICAgICAgICAgICAgICAgICAgICAgCiAgICAgICAgICAgICAgICAgICAgICAgICAgICAgICAgICAgICAgICAgICAgICAgICAgICAgICAgICAgICAgICAgICAgICAgICAgICAgICAgICAgICAgICAgICAgICAgICAgICAKICAgICAgICAgICAgICAgICAgICAgICAgICAgICAgICAgICAgICAgICAgICAgICAgICAgICAgICAgICAgICAgICAgICAgICAgICAgICAgICAgICAgICAgICAgICAgICAgICAgIAogICAgICAgICAgICAgICAgICAgICAgICAgICAgICAgICAgICAgICAgICAgICAgICAgICAgICAgICAgICAgICAgICAgICAgICAgICAgICAgICAgICAgICAgICAgICAgICAgICAgCiAgICAgICAgICAgICAgICAgICAgICAgICAgICAgICAgICAgICAgICAgICAgICAgICAgICAgICAgICAgICAgICAgICAgICAgICAgICAgICAgICAgICAgICAgICAgICAgICAgICAKICAgICAgICAgICAgICAgICAgICAgICAgICAgICAgICAgICAgICAgICAgICAgICAgICAgICAgICAgICAgICAgICAgICAgICAgICAgICAgICAgICAgICAgICAgICAgICAgICAgIAogICAgICAgICAgICAgICAgICAgICAgICAgICAgICAgICAgICAgICAgICAgICAgICAgICAgICAgICAgICAgICAgICAgICAgICAgICAgICAgICAgICAgICAgICAgICAgICAgICAgCiAgICAgICAgICAgICAgICAgICAgICAgICAgICAgICAgICAgICAgICAgICAgICAgICAgICAgICAgICAgICAgICAgICAgICAgICAgICAgICAgICAgICAgICAgICAgICAgICAgICAKICAgICAgICAgICAgICAgICAgICAgICAgICAgICAgICAgICAgICAgICAgICAgICAgICAgICAgICAgICAgICAgICAgICAgICAgICAgICAgICAgICAgICAgICAgICAgICAgICAgIAogICAgICAgICAgICAgICAgICAgICAgICAgICAgICAgICAgICAgICAgICAgICAgICAgICAgICAgICAgICAgICAgICAgICAgICAgICAgICAgICAgICAgICAgICAgICAgICAgICAgCiAgICAgICAgICAgICAgICAgICAgICAgICAgICAgICAgICAgICAgICAgICAgICAgICAgICAgICAgICAgICAgICAgICAgICAgICAgICAgICAgICAgICAgICAgICAgICAgICAgICAKICAgICAgICAgICAgICAgICAgICAgICAgICAgICAgICAgICAgICAgICAgICAgICAgICAgICAgICAgICAgICAgICAgICAgICAgICAgICAgICAgICAgICAgICAgICAgICAgICAgIAogICAgICAgICAgICAgICAgICAgICAgICAgICAgICAgICAgICAgICAgICAgICAgICAgICAgICAgICAgICAgICAgICAgICAgICAgICAgICAgICAgICAgICAgICAgICAgICAgICAgCiAgICAgICAgICAgICAgICAgICAgICAgICAgICAgICAgICAgICAgICAgICAgICAgICAgICAgICAgICAgICAgICAgICAgICAgICAgICAgICAgICAgICAgICAgICAgICAgICAgICAKICAgICAgICAgICAgICAgICAgICAgICAgICAgICAgICAgICAgICAgICAgICAgICAgICAgICAgICAgICAgICAgICAgICAgICAgICAgICAgICAgICAgICAgICAgICAgICAgICAgIAogICAgICAgICAgICAgICAgICAgICAgICAgICAgICAgICAgICAgICAgICAgICAgICAgICAgICAgICAgICAgICAgICAgICAgICAgICAgICAgICAgICAgICAgICAgICAgICAgICAgCiAgICAgICAgICAgICAgICAgICAgICAgICAgICAgICAgICAgICAgICAgICAgICAgICAgICAgICAgICAgICAgICAgICAgICAgICAgICAgICAgICAgICAgICAgICAgICAgICAgICAKICAgICAgICAgICAgICAgICAgICAgICAgICAgICAgICAgICAgICAgICAgICAgICAgICAgICAgICAgICAgICAgICAgICAgICAgICAgICAgICAgICAgICAgICAgICAgICAgICAgIAogICAgICAgICAgICAgICAgICAgICAgICAgICAgICAgICAgICAgICAgICAgICAgICAgICAgICAgICAgICAgICAgICAgICAgICAgICAgICAgICAgICAgICAgICAgICAgICAgICAgCiAgICAgICAgICAgICAgICAgICAgICAgICAgICAgICAgICAgICAgICAgICAgICAgICAgICAgICAgICAgICAgICAgICAgICAgICAgICAgICAgICAgICAgICAgICAgICAgICAgICAKICAgICAgICAgICAgICAgICAgICAgICAgICAgICAgICAgICAgICAgICAgICAgICAgICAgICAgICAgICAgICAgICAgICAgICAgICAgICAgICAgICAgICAgICAgICAgICAgICAgIAogICAgICAgICAgICAgICAgICAgICAgICAgICAgICAgICAgICAgICAgICAgICAgICAgICAgICAgICAgICAgICAgICAgICAgICAgICAgICAgICAgICAgICAgICAgICAgICAgICAgCiAgICAgICAgICAgICAgICAgICAgICAgICAgICAgICAgICAgICAgICAgICAgICAgICAgICAgICAgICAgICAgICAgICAgICAgICAgICAgICAgICAgICAgICAgICAgICAgICAgICAKICAgICAgICAgICAgICAgICAgICAgICAgICAgICAgICAgICAgICAgICAgICAgICAgICAgICAgICAgICAgICAgICAgICAgICAgICAgICAgICAgICAgICAgICAgICAgICAgICAgIAogICAgICAgICAgICAgICAgICAgICAgICAgICAgICAgICAgICAgICAgICAgICAgICAgICAgICAgICAgICAgICAgICAgICAgICAgICAgICAgICAgICAgICAgICAgICAgICAgICAgCiAgICAgICAgICAgICAgICAgICAgICAgICAgICAgICAgICAgICAgICAgICAgICAgICAgICAgICAgICAgICAgICAgICA8P3hwYWNrZXQgZW5kPSd3Jz8+/9sAQwADAgIDAgIDAwMDBAMDBAUIBQUEBAUKBwcGCAwKDAwLCgsLDQ4SEA0OEQ4LCxAWEBETFBUVFQwPFxgWFBgSFBUU/9sAQwEDBAQFBAUJBQUJFA0LDRQUFBQUFBQUFBQUFBQUFBQUFBQUFBQUFBQUFBQUFBQUFBQUFBQUFBQUFBQUFBQUFBQU/8AAEQgBIAEqAwEiAAIRAQMRAf/EAB8AAAEFAQEBAQEBAAAAAAAAAAABAgMEBQYHCAkKC//EALUQAAIBAwMCBAMFBQQEAAABfQECAwAEEQUSITFBBhNRYQcicRQygZGhCCNCscEVUtHwJDNicoIJChYXGBkaJSYnKCkqNDU2Nzg5OkNERUZHSElKU1RVVldYWVpjZGVmZ2hpanN0dXZ3eHl6g4SFhoeIiYqSk5SVlpeYmZqio6Slpqeoqaqys7S1tre4ubrCw8TFxsfIycrS09TV1tfY2drh4uPk5ebn6Onq8fLz9PX29/j5+v/EAB8BAAMBAQEBAQEBAQEAAAAAAAABAgMEBQYHCAkKC//EALURAAIBAgQEAwQHBQQEAAECdwABAgMRBAUhMQYSQVEHYXETIjKBCBRCkaGxwQkjM1LwFWJy0QoWJDThJfEXGBkaJicoKSo1Njc4OTpDREVGR0hJSlNUVVZXWFlaY2RlZmdoaWpzdHV2d3h5eoKDhIWGh4iJipKTlJWWl5iZmqKjpKWmp6ipqrKztLW2t7i5usLDxMXGx8jJytLT1NXW19jZ2uLj5OXm5+jp6vLz9PX29/j5+v/aAAwDAQACEQMRAD8A/VLmjmk/OigBeaKbSigBaOaQ0UALzRzSUlADuaOabRQA7mjmm0v0oAXmjmk2mjaaAF5o5pMUfnQAvNHNMb8RXg8/7Wnhq1+PUnw8uGWO2VVthqvmDYL0nmE/7OCF3dmBHvWc6kaduZ2uTKSja573zRTFz3pwrQoWik/Oj86AHUlJ+dH50ALRSfnR+dAC80Un50fnQAtFJ+dH50AL3NFJ+dH50ALS0386PzoAWjmk/Oj86AFpab+dH50ALRxSc+tHPrQAvFH503NGaAHfnRxSc+tHPrQAvFHFJz60c+tAC8UcU3NGaAHcUU3NGaAHUUnPrRz60ALSH8aOfWmyHaMk8UAeSftPfGZPgv8ADG81C3kUa5eZtNNjOCfNYcyEeiLlvchR3r8qZJ5bidppHaWaRt7SMclmJyST3J5P1r2T9rH4yn4wfFS7ks5/N0DSS1np20kq4Bw8w/32GQf7oSvFs+or5TGV/bVNNkeLiKntJabI/Rf9jH9o7/hZGgDwj4gut3ifS4QYZ5D819bjHzc9XXIDdyCG7mvqFe9fi74U8Uan4M8Sadrej3D2upWMyzwyp/eHYjuCCQR3BI71+sXwO+LmnfGj4f2PiCxKx3DDyr21BybecAbl+nOQe4Ir1cDifax9nPdfiduHrc65Xuj0Gik59aOfWvWO0Wik59aMmgBaKTJo59aAFopOfWjn1oAWik59aTNADvzo/Ok59aOfWgBaKTn1o59aAFo/Ok59aOfWgBfzopOfWjn1oANpo2mlx70Y96AE2mjaaXHvRj3oATaaNppce9GPegBNpo2mlx70Y96AE20baXHvRj3oATaaNppce9GPegBNpo2mlx70Y96AGsteA/tm/F7/AIVn8J57Gyn8vXNf32NtsPzRxbf30g+inbn1dSOle/N8vvX5YftafFY/FT4wanLbzebo+lE6dY7T8rKjHfIP959xB/uha8/G1vY0nbd6HNiKnJDzZ4x+NIaWt3w/4Yk1u1u5s+WFGISe7f5GPxr5CpVjSjzzdkeOk5OyMLb617T+yr8cpPgr8QojeTMPDWqlbfUU5Ij5+SbHqhPPqrMOuK8ZljeGRo5FKOpwVP8An/OKZ1/lW9Oo6clOI4ycGmj9s7eRLiJZEcSRuAyupBDA9CD3FS7a+Vf2FfjefG3g2TwZqtwX1nQ0Btmc/NNZ9APrGSF+hQ+tfVK8ivsqNRVoKcep7sJqcVJC7aNtGPejHvWxYbaTbS496Me9ACbaXbRj3ox70AG2jbRj3ox70AG2jbRj3ox70AG2jbRj3ox70AG2jbRj3ox70AG2jbRj3ox70AH4frSc0frR07UAHNBo69qMe360AApfw/Wk/D9aOPpQAc0c0cetH60AL+H60nNH4UfhQAc0v4frSfXij9aADmjml/Cmt+VAHkn7VHxOPwr+DWs6jBMYNUvF/s+wIPImlBG4e6oHf/gNflIc5PGPbNfVn/BQT4jf298RNN8J28ubTQ4PNuFB/wCXiXDYPriMR/Tewr5U4HXpXy2Oq+0qtLZHj4mfNO3YWGF7iZIkBaSQhVA9Sa9b0rT003T4LZOiDBPqx6muU+Guhi+1CW8mXMVuu1c9DIR/QZ/MV3dxAbeTnp2NfDZpiOaoqK6fmFGNtTh/HWhb1/tGBPm+7MB39G/T+VcTzXs0kSTRtG6hkYbSvqDXlmv6Q2jalJByY/vRt6rXZluJ54+xm9Vt6EVY2fMjY+FvxC1D4WePtH8TaeS01lMC8WcCaMjDxn2ZSR7cGv148K+I7Hxd4d07WtLm+0affwJcwSA9UYAjPofUdjkV+LpH5jkV91/8E+vi4b7StS+H9/Pmay3X+m7j1hZv3sYz2DEMP+ujelfZZfX5J+yez/M2wtTllyPqfZv4frR+H600YpeK+kPVF/D9aQ0cfWjPtQACl/D9aTj6UcUAL+H60fh+tJxRx9aAF/D9aPw/Wk4+lHFAC/h+tH4frScfWl4oATmjml+lJ+FAC/h+tH4frSde1H4UAJRS59qKAEooooAKKWigApDSrSn2oAbRS80UAJSntTWOK5vx58RPD3w00OXV/Eeqw6ZZLwDIcvI391EHzM3sBSbUVdibS1Z0tVNX1S30TSrzUbuQQ2tpC880h6KiqWY/kK+cPhH+1Nqfx4+Mw0Xw7pv9l+EtPtpry6nugHubkDCIvBIjBZ1bAy2F6jkVv/tq+Nj4O+AerwxyFLrWZI9LjOedr5aT840cf8Crm+sQlTlUjsjP2kXByWyPzf8AHXiy58c+Mta8QXeRcandyXTKf4dzEhfoBgfhWEo5wOv0p2PXr3rZ8I6X/a2v2sRGY0Pmv9F5r4ypUUYyqS9Tw9ZM9Q8J6SNH0G2hK7ZXXzJP95uSPw6fhWrJGsqEMKk5HHX/ADijn0r86nUdSbnLdnctNDFkjMTFSORWF4s0carphZFzNBl0x1x1I/EV117B5se4D5l5+tZvT/PeuijVlTkpx3Q2uZWPFjn8a6r4W+Prz4Y/EDRPE1luMlhcrI8anHmxniRD7MhYfjVHxdpI0vVXKL+4m/eJ6D1H55/MVifUV97RqqcY1IepwaxZ+1Gj6va69o9lqdhMJ7K8gS4gmXo8bKGVvxBFcR4d+PngrxD4mv8Aw1/bC6b4isrl7SXTNSHkSmRSRhMnbID1GwngivKP2CfiWfF3wsuPDd1Nvv8Aw7P5SAnk20mWjPvhhIvsAorxX/goN8NxoPxC0vxfbRbbbXIPJuWA6XEIAyfqmz/vg19ZUxMlQjXgvU9eVVqmqkT9Blz3pa/L34P/ALYPjv4VtBZ3F03iXQlwp0/UXJZB6RS5LLx2OQP7tfeXwc/aK8IfGqx3aLeG31SNN8+k3mEuIx3IHR1/2lz1GcdKuhjKdfRaPsVTrQqep6hS4+lIpzmnfhXcdAho60vFI1ACUtC0tACY+lGPpS0fhQAlJTvwo/CgBKMe9LgelG0elABtFG0Un5UflQAu0UbRSflR+VAC49qMe1JRQAuKMUlFAC7RTXHTH6UjnaM181ftW/tWwfCWzk8N+G5o7rxhNH+8m4ZNOUgEOw6GQgjap4GQx4wGyq1Y0o80iJzUFdnRftE/tUaF8ELN9Ptgms+LZFzFpyMdsGRkPMRyBjkKPmbtgc1+cfxD+JHiH4peIJdZ8SalJqF2/CKTiKFeuyNBwqj2/HnNYGpaldaxqFxfX1zLd3lxI0ks8zl3dickknkknJyfWq2en5jP0r5bEYqeIeui7Hj1a0qj8j7w/wCCcvhIQeHPFviWRfmu7qPT4nI6LGpd8exMi/itcx/wUa8XG48S+E/DEb/La20mozIpzkyMEQH6CN/++q+hf2OfDf8AwjP7PPhdGTZNerJfScYJ8yRmUn/gGyvhf9sDxMfFH7Qnip1ffBZypYRD0ESKrj/v4JK9Ct+6wcYd/wDhzqqe5QUTxvt644/z+deifC3Tdsd5fEZyfJQn0HLfzH5V5zjPXp0r2rwfY/YPDdjGRhnj8xvq3P8AIj8q+JzWpyUOVfaZx01eVza9cUc0lFfHHUL9eazLqHyZT6NyK0qhu4vNhP8AeHIqouzGcf4x0v8AtLR5GQZng/eIPUfxD8v5CvNP0HavZ9u4YP615Nr2nHS9WuLcD5FbKe6nkV9TlVa6dJ9NTnrR+0ey/sZ/EI+AvjlpMU0nl6frQOlz5PG5yDEf+/gQZ9GNfbX7Xnw/HxA+BevRxR+ZfaUo1W24yQYgS4H1jMg+pFflvZ3c2nXcN3byNDcQOJYpF6qynII+hAP4V+xHgHxPbfEb4eaJrexZINXsI5pIuCAzJ86H6Hcv4GvvMBJVac6L/q50YZ88JU2fjl7fgf8AP0xVrS9UvNF1K3v9Pu5rG+t3EkNzbyFJI2HdWHIPXpX0x8fP2H9c8BLc634OabxFoKkvJabc3lqvXoOJFHqoz/s4ya+XcCvIqUp0ZWkrHFOEqbsz7x/Zt/bch8RSWvhv4gzxWepNiO31wgRwznoBMOkbf7XAPfb3+xU+bnqK/EnHT86+u/2S/wBryTwvJZeDfG96ZNEbbFYatM2TaHoI5T3j9GP3MgHjBHr4THaqFX7zuo4j7Mz79xR+GaZG25cggg8g078q949EUfSlpv40c0AOoptLzQAUUn5UflQA6im/jRz60AGfams2Mduead+P6UhAoA5GT4seEbfxhceFbjX7O08QwBCbC5k8p33qGXZuwH4I4XJrrVb8a/Mz9uyEx/tDamTkeZZWrg+nyYz/AOOn865P4Z/tRfEP4WeVFpuuSX2mJj/iW6kTcQBfRcncg9lI6147zBU6koVFojh+s8snGSP1hz7UZ9q+YPhP+3f4O8aeTY+KI28I6o3y+bK/mWUh9peCmf8AbAA/vV9MWV5b6hbR3FrPHc28qh45YnDqynoQRwQfavTp1YVVeDudcZxmrxZPn2pD+VLg1z3xA8baZ8OPB+p+I9Xl8qxsIjIwH3nboqL6szEKB6kVo2oq7Kbsrs8s/al/aJg+B/hIQ6e8c/irUkZbCBsMIV6NOw9B2B6k+gNfmLqOpXesahc319cSXl7cStLNcTMWeR2JJZie5JP5+9b/AMTviNqvxV8bal4l1eTN1dvlIg2VgiGdka+igfnkk8k1yw7fl17elfJYrEPETv0Wx4taq6kvIXuPT+n+f5V9Zfst/scy+Nks/FnjeCS30BtslnpbZSS9XqHfusZ7dC3XgYLJ+xv+y6vjq4h8b+LLXd4et3zYWMy8Xsi/xuO8Snt/ERzlcg/oHGoVQMYHTGK7sHg1K1SqtOiOihh7+/Mr2Vla6Rp8NrawxWllboEihiQIkSKMBQo4AAHavxr8Za43ibxhrmsPy+oX092fq8jN/Wv17+JWqf2F8OvFGpK202el3VwCOMFYmb+lfjV6ewxVZnL4Ijxb+FFiytTe3lvbqOZpFj/M4r3pFWNFUD5VGBj0HFeNeB7f7V4osR2RjIf+AqSP1Ar2Xpx6cV+cZxO9SMOyv/X3HPS2bHZHpRxSUV8+bi8UcGkooAyriPypiD0zmuH+IVh/x7Xi/wDXJ8D8R/WvQdRjyFk/Cue8S2f23Q7pAPnVfMX6rz/LNelg6vs60ZBJc0Tysn0IyeB+Vfo3/wAE/vGX9vfBq40WR90uiX8kUanqIZP3iH/vsyj8K/OPP1FfWf8AwTr8UHT/AIkeItBZ9sWpactwoJ+9JC4AH/fMr/lX6RgZ8ldeehjh5ctReZ+gbjgevQcGvln9pr9jmy+IkN34l8HQQ6d4o5kmslxHDqB6n0CSn+90bvjO4fU64pGA7/SvpalKFaPLNHrThGorSPxS1DT7rSb6ezvbeS1u7dzHLDMhR42BwVYHkEEGq565J59utfo3+1z+y7D8UdLm8U+GrVU8X2se6WGMY/tGMD7p/wCmgA+U9SOPQj85ZI2jZkYFWU4ZW6j2Pvn+VfKYjDyw8uV7Hi1abpuzPt/9if8Aaae6+zfDrxRdZlxs0a9mb72B/wAezE98Z2Hvjb12ivtZWH1r8TLW4ms7mK4gkeG4icPHJG21lYHIIPYg85r9SP2V/jsnxq+HqPeSoPE2l7bbUYxx5hx8kwHo4HOOjBh2FexgMVzr2U3qtjuw1bm9yR7Zn2oz7Unr9aRmxXsneOz7Ujdq8X+Lf7WXgP4Tma0mvjrmtx5X+zNKxK6t6O/3U98nd/smvjX4oftvfELx60ttpNynhLTG4WLTW3XBH+1ORu/FAnfiuGtjKVHRu78jnnXhDTqfoJ41+LHhH4eeWPEOv2WmzSkCO1eQGeTPA2xjLH6gV1qnjmvxl8NyT6t400l7iWS4uZ76HfJK5Z2YyDkk8nk9TX7Nr09KWFxLxHM2rWFRqurfSwufajPtR+P6Ufj+ld50hz60HJ70vFI3agD85/8AgoVpptPjZpt0Fwl3osLbvVlllU/oF/OvnDR9HfW7qWGORUkWMyDd0bBHH619jf8ABSLQStx4I1pFyCtzZyP9PLdB+OX/ACr5L8BEN4kiizt8xHX9M/0r4nNOalKpKO61PGqx/fNMytR0W80mQrcwNH6OOQfcGu7+Ev7QfjX4M3SnQdUaTTd26XSrzMlrJk8/LkbSc/eQg9OvSukuLAmMpKgkj7qRkH8K5LWPAtvdbpLJvssp/wCWZ5jP49q8DDZsr3n7r7oHTlH3oM/QH4H/ALXfhH4w+Rp07/8ACO+JW+X+zbx/lmb/AKYyHAf/AHThuvHGa6z4+fBe0+OngltAudSutLkhl+0W80BynmBSB5iEjeuCeMj2Ir8nbzT7rSbrZPG0Eq8q307g19S/s8/tw6n4Pa10Hx5JNrOhZEcOqcvdWo7b88yoPpvA7twK+1oZhCtHkrbPqdEMQpLkqnhPxY+C/if4M66dN8RWRSNiTbX0O5re5XuyNj35U4IyOK6H9mn4Hz/G/wCIUVhKsiaBY7bjU7hOCI88RKezORgeg3HtX6Waxo/hL41eB/IuUsvEnh3UUDxup3L0IDIw5VxzyMEHI4rP+CnwV0L4H+GLjRtFaS4FxcvczXVxtMsmSQikgdFXA+uT3NaRy9e1Uk7w/rQawq500/dO20vTbbR9OtrGygjtbO2jWKGGJQqRoowFUDoAOKt9OmBS8UcV7h6B5p+0peGx+AvjuQH72kzxf99rt/rX5JYr9Xf2snMf7PHjYj/nzUfnKlflFwK+czP+JH0PKxfxo674YwhvETuRkRwM3/jyjH616ntPc15v8Kk3alev/diUfm3/ANavSfx7V+Z5o74lryRFP4Q20baPxo/GvJNQ20YIo/Gjj1oAiuo91uw/Gsll3LtIyDwRW3wQR68VjsuxyM98VpBlI8bvbf7LeTwc/u3ZfyNetfsj69/wjv7Q3g+YvtjuLh7N8ng+bG6KP++mWvOfGFv9n8QXPYPtcfiBn9c1Z+G+rf2F8RPC+pbtv2PVLW4J9kmVj/Kv0XC1LqFT0ZxL3Z/M/ZQUflQuKWvvD3hp47ZFfBH7dX7P48PakfiHoVtjT76UJqsMS/LFcE8TYHQOeD/tY7vX3zxWT4q8N6f4w8O6homqQLcaffwPbzxkdVYYOPQjqD2IBrmxFFV6bizKrTVSNmfjh4b8L6r4y1q20jRbCbUtRum2RW8C7mPfJ9AOpJwAOpHWv0R/ZV/ZXuPgm8viDW9UebxFe2/kSWNq+LaBCQdpP/LR8gfN0HIAP3q9G+C/wF8L/AzRGttHgM9/Mo+16tcAefP3xn+FB2UccZOTknxP9or9t6x8JNc+H/AMkOqayMxzaswD21s3QiMdJHx/wEf7XIrzKWHp4Ne1rPU5IU40Vzzep7x8WPjl4S+C+k/a/EWohLiRd1vp8A33M/OPlTIwM8bmwPfNfBHxp/bK8afFIz2GmSt4W8PsSv2WykInlHpLLgE+6rgc85614lrOt6r4w1yfUNTu7nVdVun3yTzOZJHbp19MdO30HA3tH8Bs4WTUX8tcZ8lDz+J7V5WOzblWr5V26sxnWnVdo6I5W1s5r6byoYmnlP8ACgyfrWjqXhm50nTkuLp0VnkCCJTu6gnr+Fem2Glx2sIitbdY068d/c+tcz8S1a2tbGNmyXdmwP8AZA/xr5inmEsRXjTgrJv5mbpqKuyn8GdMOsfFzwVZbdwm1mzVh1+XzlJP5Zr9hV9q/LH9jfQTr37RPhRSm6Kzaa8kOOmyFip/772fpX6nLjFfoGWR/dyfmdmEXuti80c0cUV7B3Cfj+lHX3o3fhRu/GgD5x/b18KnXvgPLfImZNHv4LvIHIRiYm/D94D/AMBr86fC919j8Q2E3RfOVTz2J2n9Ca/X/wCJfhNPHngDxB4ecDOo2M1uhP8AC5U7G/Btp/Cvxymilsrpo5FaK4hcqytwVYHv6HNfM5rS5peUlY8vFRtNSPfPu1BPZxzZI+VvWk028W+0+3uR92WNXGPcA1ZyK/IWnF27DMLUtJjuoWhuolmiPTPr6g9jXnviHwbLpm6e1Jnte4xl19j6/X2r15grDBHBqjcWe3LR8jH3e+P8K78LjKmHfu7dhSip7mL8A/2jPEPwL1oNas2oaBM4N5o8r4R/V0P8En+10OPmzxX6afDb4k6B8VfC1tr3h68F1ZTcOnSSF/4kkX+FhkcehBGQQa/KrxN4OWbfdWCbXGWeFehHqP8ACrnwT+NevfA3xhHqelO0trKRHfaZKxEd1GD0P91hk7W7ZPUEg/omW5pGSWvu/iv+AKnVlRfLLY/XP8aPx/SuW+GvxH0T4q+EbLxHoF19osrlcNG3EkEg+9G47MPT0IIyCDXVZ96+wjJSV0eomnqjyj9qqE3H7PfjhRyVsC//AHy6t/Svydxt461+vnx60/8AtT4J+O7YDezaJeMox1ZYWYD8wK/IPPtXzuZr95F+R5mL+JHe/Clf9I1HP9xP5mvRa85+FL/6bfr6oh/U16PX5jmf+9S+X5EU/hEpcZ9/SjI9KODge9eWaGhr+mnS79Y8YSaCG5Tj+GSNX/TcR+FZ1d78QNN3+C/AOtquBeafLaNx/FBO68++1l/KuDyPSujEU/ZVLd7P5NJr8ypKzErLuk23Eg9/6Vq5HpWbf8XJPqKyjuCPN/iFDt1WCQD78P8AJj/jXMQyNBKki/eRgw+oOa7D4iL+9sH9Vcflt/xrji3pX3OBlfDQZxVPjZ+2VnOLi1hlB4dAwPsRmpefWs7w23/FO6Xnr9li/wDQBWjur9IWx7q2D61W1LULXSbGe9vbmK0tLdDJNPMwRI0AyWYnoAB1p99ewafZzXVzMltbQoZJZpW2oiAZLEnoAB1r83f2rP2qLr4ualN4c8PTyW3g63kxnOx9QkBwHcdRGCMqntk84A5cRiI4eN3uZVaqpq7Nf9p79sW8+Ikl14Y8GzyWHhjJiuL1cpNf9iB3WL26sOvdR82aH4eutckPljy4VPzzMPlHfH1wenvWh4b8JvqzLcXAaO0/h9XHtn+H3r0jT9PWOFEiRYoUG1VUYwPQfmfzr88zHNXzNJ3l+CPNtKq+aZmaH4ettJjVLaPdLjmRuW/Pt9K34bFE5f5m9OwqzHGkS7VFOyK+NqVZVJc0ndm22iEUDoOBXmPxSuvM1e1tweI4dxA9WPP6AV6furxbxlffbvEl9IDuVZNi46HaNv8AQ16uUw5q/N2RjVfun1D/AME5/CrX3jnxR4hdMpYWCWasRwHmfdx7hYf1r794r5v/AGDfBZ8M/A+PVJYwtxrl5Ld5xz5a/u0H0+RmH+/X0eOK/XsHDkoRXzPQoR5aaF/H9KM+9G78KM+9dp0B+dH50Z96M+9ACMOOhr8r/wBr74fn4f8Ax016OOPy7DVmGqWxA4Kyklx7YkEgx6AV+qDc9TxXyx+398Lz4o+HNl4rs4d99oEv7/aOWtpCFb/vlgh9gWNedjqXtKLa3Wpy4iHND0Pkb4b6l9u0AQE5ktnKY/2T8w/mfyrq/wAMV5N8PdWGm68sLMBDdDy8k8buqn+Y/GvWsZ5zmvx7MaPscQ+z1OOm7xEpP51NbmOOZGmQyQ5+dVbacex7GtLXfDk+i/Zp1b7Rp94vmWl4qkLKAeR7Op4Zex9RgnzlFuLktkaHP3VmJMsg2v8AzrhPF3hMXSyXVrGFnUZki7OPX616J6dh9KgurUS8jhxyK6MPiJ4ealETSkrMwv2cPj9qHwJ8aC4dpbjw7esqalYg9VzgSqP765J9xkcZyP1M0PWLLxBpNpqWnXKXljdxLNBPEcq6MMgg1+RPjbwz5fmahbKVxzMijp23AfjzX0j+wj8fH0fVP+Fc61c7bG8dpNIlkbiKYnLQ/wC6/JX/AGsjq1fp+U5hGrFRvo/wY6FR05ezlsfcfiDS01zQ9R05z8l3bSW7Z9HUqf51+LVxbyW9xLFIpSSNijKeoIJGK/bLtg896/If48eHD4T+M3jPS9nlpFqk7xr/ANM3cun/AI6y16GZx0hL1Kxa0TKvwsk263coeN1uT+IZf8a9PryT4czeT4ogUnAkR0/TP9K9cxX5dmsbYi/dI56XwiUUuDRtrxzU9n1XTf7U/Zb0W8RcyaXq0qk/3Udmz+rJXi9fSPw707+3P2UvFtuRuMM08w+sYil/pXzfivazKnyxw9Rfagvw0/RGkujErP1AfvV/3a0cGs/UP9an+6K8ePxEI4H4jD5bDP8A00/9lrjI42lkVFGWYhRj1Ndl8Rmy9gvoHP8A6DWb8O9JOvfEDwzpgG77Zqdtb4x/elVf5E19zlyvh4Lv/mck/jP2OsIBa2NvCOBHGqD8BipmOOgJpR6c9a+ef2xvj4fhJ4GGkaTc7PFGtI0cDKfmtYcYkmPoecL7nP8ADX6LUqRpQcpdD2pSUI8zPC/21v2ln8R6hcfD7wzdkaVbPs1W7hOftEqnJhXHVFxz6t7Cvmjwn4XOpMLq5XZaA/Kv98j+Y7Z/wqr4a8Pvrl4zzbhbRn943dj12/X1r1jT9PWFE+QIiDCR+gA4FfmmbZnJyaT95/h5Hla1XzzG2dgNq7l2RgcRj+ntV/px09qdirek6Tea5qENjYwNc3UxwkaD9T2AHUk8AAk8A18Z703Zas2KdFX9Xtrazuvs1rMt15XyyXKHKSP32f7IIwO568ZAFLHWlJcrsBS1fUF0vS7q7Y/6pCw92x8o/PFeNaDod54s8RafpNkhlvtQuUtoV67ndwoz+Lcn8a7f4oax5VnBpyN88x82XHZR0H5/yr1n9gf4Xt4q+J1z4qu4d2n+Ho8xFh8pupAVQD12rvb2JU19nkeFcop/zP8ABf0zBr2k1BH3/wCEfDdr4P8AC+k6HZDFrptrFaR+pVFCgn3OK1+PekXHODS596/UErKyPZ22Dj3oz9aM+9GfemA6im/nR+dAC5qjrmkWniDR73TL+BbmyvYJLeeFujo6lWU/UE1d/OkwPQ0t9GB+Pvxe+HN78IfiNq/hy73/AOiTbrW4Ix50B+aOQe5GM+hBFdx4X1xde0eK5JHnj5JgP746nHoev419cftpfAVvil4JXxDo9v5viTQ42dUQfNdW3V4/UsD8yjudwHLV+fXg/wARHw9qmZd32SY4mX2z94fQk/nX57nWXtpqK1Wq/wAjyJR9jO3RnsmRwfTmux+H/i6w0vz9D8QwNf8AhjUGBnjT/WW0naeL0cDr/eHBzgY4uNkkjWRGDqwyrL0YetO4PXp3r4KlUlRmpx3/AK0ZqnbVHc/Ej4U3/gN4b6CRdX8O3gD2WrW/Mcin7qseitj8D2rhuOo5Xt716n8IfjIPB6TaB4hg/tbwleZE1vIok8jPVkHcZ5K+pyOevS/Ej9nQSWP/AAkfgKf+2dFuF80WkbeZIqkZzG38a+33hjHPOPWlgY4qm6+CV7fFDrH07o05ebWJ8/3lqtwpIwX7Z7+3868p1/S5/CesQX1hI9sElE1vLGdrwyKQwwR0IIyK9fkjaN2R1ZGUkMrDkEdQf8Kyte0WLWLKWJx94ZOByCOhHuK5cFipYWpd7PcwlHmR9+fs7/FqL4y/C/TdcYqupxj7LqMScbLhANxA7BgVcezAdQa+Lv2//CR0P40W+sIhEGtafFKz44MseY2H1CrH+dT/ALDvxEm+Hvxen8IX8uyw15PJUE4UXKAtEw/3gWX3LL6V7b/wUG8DnXPhXpniKJN82h3n7xgORBMAjH/vtYR+Oa/V5VPreC51q1/X5G0n7Whfqj4F8M3QtfEGny9AJlB+hO0/oTXt/A4618/RSGGRGHDKcgj+de92k63VrDMvSRFcY9xn+tfnWcQ96E/VHJS6k3FHGRR+dJ0wcV84dB9b/sx6eNX+CWu2LDK3N1cwn33QRr/Wvknp1HPevsn9kmPy/hXMxHD6jMf/AByMf0r5G8Q2o0/xBqdrjHk3UseP91yP6V9XmtP/AGDBz8n+htP4ImfWfqB/fL/u/wCNX/pWdfHdcY9gK+WjuYo86+IUwbUraP8AuxZ/Mn/Cu4/ZD8Of8JN+0J4SiKb4rSZ76Q4+75UbOp/77CD8a858aXHn+IJQeRGip+mT+pr6m/4JzeDzdeKvFPieSP5LK0jsInYcF5G3tj3Cxr/3371+jZVTuqUPn+phFc9ax9y65rNn4d0e91TUJ1tbCzhe4nmboiKCzH8hX5L/ABP8ean8dPijqWuTllF1JstomPFtbKSI0/AdfVix719jf8FAPik3h3wJp/g2xlK3uuSebc7eSttGQcf8CfH4Iwr5O8D+GBpdmJZkxPJy2eoHYV2Z7mCoR5Fv+v8AwDpry55cnRGvoejQ6dZxRIuI0Hy+p9Sfqa1uPoOpowOSM49hXp/wq+Aet/EiWK7lVtL0InLXsq8yD0iX+Lp977vJ5OMV+a0qNfG1eSmuaT/rUlRb0Rxfg/wXq/jrWo9M0e0a4uW5dukcSjq7t0A/xx1IrtfGt5pPw00658JeG7hb3VpR5esa0vVvW2i/uoDjcR1xg+g634ifE7RPhxos3gv4dhYifl1DWI23M5/iCuPvNzyw4GcLjt4F65z+P+f8/hXfXVLAp0aUuap1l0XlH9X8l1Ldo6LcOOo5/Co7i4itbeSeVtkcalmY9gOv41ITXnXxG8ULITpVq42qf37Kc5PZPfB5P4VwYbDyxNRU18zGUuVXOW1O9ufFGvNJHE809xII4IUBLHsqAevt61+q/wCzp8J4/g58K9K0J1X+0mX7VqEi/wAVw4BYZ7hQAo9lFfJf7CfwFfxF4gHxB1i2P9l6ZIU0yORf9fcg4MvPUR/+h+65r9AF4r9fyzCqlDnt5L0NsNTa9+W7FpaT86Pzr3DvDNGaTij86ADdRuo/Cj8KADdRn2o/Cj8KAGuemBz7V+f/AO2Z+zA/hS+u/HnhW03aFct5mpWcIz9jkPWRR/zzYnJ/uk8cEAfoFj2qK6t47qF4ZolmgkUpJHIu5WUjBBB6gj+dc2IoRxEOWRlUpqpGzPyB8D+NP7MIsL5z9lz8khP+q9j/ALP6j8a9NDh1DKQwPIIOQfevRv2kP2IbvTZ7rxJ8OrVruxbMtxoK5MkB7tB/fX/Y6jsSOB8weH/GV94Ymayuo5JYI2Kvby/LJG2eRz0P+ycfhX5rmeTzjNzgtfwfp5nme9SfLM9a3cg9SDXoXwm+NGsfC++2Qk32jytum0+Rjg+rIf4W9+h7jpjyvSdesNchElrOrnvG3ysD6EGtH6/lXy1KrWwdVTg3GSNoy6o+xdW8D+A/2itFbWdJnWy1XGHuoFAljfB+WePo31z9Gr51+IXwa8S/Dedm1CzNxp+cJqFsC8JH+0eqn6/gTXM+GfFOq+D9Wj1PR76Sxu4/44zwy/3WB4K+x4r6q+GP7TGieMYE0rxRHDpWoyDYZX5tLjt1P3Sf7pyPevqYVMDnPu1/3Vbutn/X9Pob+7U30Z8LeLNPudNu7HxFpTGLUdNmS5SReoKMGVvwYA9e5r9HrqHT/j18EWQBVtPE2kBk3c+S8kYI/FHx+K1yPxC/Zb8NeLFlutFcaHfOCxSJQ9tJkd0/hz/skD2rof2e/BGtfDf4fnwxrQjP9nXk62csUm9ZLd28wHPGMM7rggcKOK+myfC4rAylhsQrxezW3p5DhTcJO+zPyg1LTrjSdSurC8iaC8tpngmibqjq21gfcEEfhXrfge++2+GLM5y0YMTf8BOB+mK6j9ub4ZnwT8YX1q3iK6b4jj+2AqOBOuBMoPrna/8AwOvN/hXflre+tDjKMJVHrn5T/IV89nWHcaTX8r/A89L2dRxZ3uTSg0lFfDm59s/ssweT8IbF8H99czv/AOP7f/Za+SviVH9n+IvimPH3dVuh/wCRWr7L/Z3s/sXwc8OJjBaOWU/8Cldh/Ovjz4uLt+KPiwf9RO4P/kRq+6zmHLleET7L/wBJOmp8COUzWVdNuuHPbPP0rUzhSfauY169Njpd5cZ+ZUO36ngfqRXxlKLlKy6nPtqeX6pdfa9Su58/fkbH0zwa/Tr9jXwCfAfwI0ZpovLvdYZtVnBHOJABGP8Av2sf4k1+eXwV+HUvxU+J2geG41Yw3NwGunXqluvzStnt8gIHuRX6z65Fd6b4Vvo9DtlN9BZyJY24IVfMVCIl54AyAOeBX65llHkTqdFogwsdXNn50/GzXW+LH7QPiPWHcyaTpM/9m2ndWEJ28eoL73/4GK1PCPgjWvGl8thoenS3sq4DFBhE56sxwFHXkmvffhX+xvaaLZ20niq+N24G5rO0YhWY8kySdWJJOduPqa9J8Y/FLwZ8EdJGmWUFuLtR+70mwCqQf70h/hHuck+hr5qvllTFVJYzMJ+zp9utv+D835Gsaf2pnH+Bf2b/AA94BsjrvjW8t76a3HmPHIdtpDjnnd9/8ePY9a4P4yftH3HiiOXQ/Cxaw0THlvdD5JLkdNo/uJjI9T7dK89+IvxX1/4m3ok1O48uyQ7obCLKxR+hx1J9zz9Og4z1zXj4rNIU4PDZfHkh1f2pf1/Vgc1tENw/z/nijdjoPwqG8vILCAzXMywRActIQK8/8S/Ed51e30oNHH0a4YYYj/ZHbv8A/WrxcPhauJdoLTv0OeUlE1/G3jaPSY3s7KQNekYZ1P8Aqhj9TVj9nf4Bat8ePF6wDzLbw/auH1LUsfdH/PJM9ZG5x2HJ7YO98Av2TfEvxmuodT1FZtC8Kb976jOmJLkdxCrfeOP4zlfqQQf0f8C+BNE+HPhq10HQLCOw022XCxryWPdmY8sx7k81+kZXlMacU2tPz/4A6dKVV809i74a0HTvCug2OkaTaR2Wm2USwwQRj5UUDA+p756nOa093tRj2o/CvsUrKyPUDdRuo/Cj8KYBuo3UfhR+FAB+dGKXNGaAEwBSU7NBP40ANpeKUH8KM0AU77UbTTWtxczx2/2iTyYvMYLvcgkKM9yAfyrzb4rfs3eBPjDun1rSxBqjLgapYEQ3Htk4w/8AwMNiup+Kng9fHngXVdHABnliL27H+GVfmQ/mAD7E18h+D/2gPG3gNhZm8/tG1hbY1nqSmTYRwQGzvGOwzgelfO5jmdLA1Y08TC8JbNa69dPu2MakltJaFLxZ/wAE7vEOm3DT+EvFdneqOUj1BHtpQPTegcH64X8K52P9mL466O3lDRLLV4l4Dfb7ccfVnU/nX0XoX7Y2k3EajWNBvLV+7WcizKT6/Ntx+tew+C/iVofjrS4b/TJpGhkdo9sybWVgcFW5Iz3+hFc1OllWZvlpvmfbr+KuYqjSk/ddj468P/sz/FXUJo11Dw9p+lJnmSXVEcD3wgY/rXs3hr9j/SYYYpNe1a6uZwMtDZEJFn03MpJH4Cvorijiumnw/l9N39nf1bZtGlFb6mN4V8K6f4O0eHS9MSZLKH7iTTPLj2BYnA9hxWxgelLxRmvfhCNOKjFWSNjxL9rr4T/8LU+D2oR2kPmaxpP/ABMbLA+ZigO+Mf7ybuP7wWvzV8A3/wBh8S24J2pOpiOexI4H5gV+ysnIr8uv2sfhLJ8Hfi5NPp8Bj0XVXOo6cUHyxtuzJCP9xzkD+6yV8/m+F9rTcl1Vn+h5+KjZqojR60beOtQ2N0l9ZwXCHKSorg/UZq3a2r3t1BbxDdJM6xqB3JOB+pr8e5Xfl6kn6D/C3T/7M+HPhi2K7WXToC49GKAn9Sa+Hfis3mfE7xW3/UUuR/5Fav0Es7VLGzgt4+I4UVF+gGP6V+eHj+4+1eO/Ek2ciTUrl/zlY/1r9D4mj7PC0Kfb9EdNbRJHNXTGO3cjrjArz/4gXojsoLRTgytvb/dGB/M/pXdajJwiA9eTWR8LfhjefHv4xWuiQb00q3YSX10o4ht0PzkH+8x+VfdgegNfLZTh5V8QrLb+kccr25Vuz6e/YB+EB8P+E77x1qEOy91gfZ7EEcraq3zMM/33H5IvrX1yoH5Gq2k6ba6NplrYWUKW1naxLBDDGMLGijCqPYAAfhVviv2OjSVGmoI9KnFQioohurdLiF4n3hXBU7HKNz6EEEH3BrxPxJ+yb4W1iaW4sbzUdNnkJbaZRMmT67xu/wDHq9y4o4rHE4PD4tJV4KVhuKlufEnir9ln4g6TO40Wy07XIP4GW+ELke4dQM/jXD3X7OPxzunMcPhWzsUbjzDqFs5H/kX+lfonxWbq2vWWixvJdzCGONC7seiqB1NeN/q/l8HzKH4/5mDoRfU+CNF/YD+IniS4SfxLr+l6ZETlv3j3Uq/RQqr+TCvoX4X/ALE3w++Hc0N7fwSeKtUjOVn1RVMKn1WEDb/31uIx1qxq/wC2B4Ys1I0/TNS1CXHHmBIUP/Ask/8AjteXeLv2q/FniBXh0tLfQLdv4oB5k2PTe3A+oANccsyynBL3HzNdFr/wCFCjDXc+vo7+zjv005LiFbnyvNW2VhvEYIGdvXGSKvKAM9a8P/ZZ8K3Nv4XvfE+qPLcahrUu5Zbhi7mFMgEseTuYsfcbfQV7jX0uDryxVCNaUeXm1t5dPwOqLurhRRmjNdpQmDxRj1pc0ZoAOPSk49KXNGaAE/Cl/Cm5ozQA78KT8KTNGaAF/Cj8KTNGaAEk7cV8a/tRfDk+F/GZ1u1j26brBLnavEc/Vwf97O76sfSvsuuZ+I3gez+IXhO90W7+XzhuhmxkxSjlHH0PX1GR3rxM3y9ZhhnTXxLVev8AwSJx5lY/PDOSDivR/gl8Rf8AhCvEX2a7kK6VfMqyntE44WT8Oh9uewriPEGg3vhfWrzStQhMF5ayGORO2R3B7gjBB7gg1nf5/wA/571+QYevVwVeNSGkov8A4dM4U3F6H6P6DrC3sKxO4aUDhs5Dj1FbH4V8m/Ab4uGVbfw5q1wY7qM7bG4c8sO0bH+96H049Afp3R9aW+Xy5DsnHbPDe4NftWBxtLH0VWpP1XZ9jvjJSV0av4UfhSc+tGa9AoX8K8k/ac+Dcfxo+GF5psEajXLPN3pkpwP3yj/Vk/3XHy/Uqf4a9azSHtUTgqkXGWzJlFSVmflL4AupTpEtjcxtDdWMzQyRSAh05PBB6EHI/CvVfhDpX9tfE7wza7dwN9HIw9VQ7z+imut/ao+Eq+CPiLB4x0yHy9L8SMYb+NRhY70AlZDjoJFDf8CBPerX7J+jf2l8U0uypK2FlLOGI6MwEY/Rz+VfktbAOnm8aD2ck/luzgjFxkoM+zmwqnPAGa/NbVrr7bqt7cHnzp3cn6kn+tfot4ovv7L8M6teE4FvaTTE/wC6hP8ASvzauJBHEx4z0/GvZ4sld0Yev6HRW6GJ4gvJY4JfsyNNcyEQQRIu4tIxwoAHXntX3p+zD8D4Pgn8PYbaeNX8Q6jtudTn4J8zHyxA/wB1ASPqWPevFf2T/g2viTX4vG2rQb7DTHP9nRyLxJcd5ceiDgH1Oe1fZK55r0eG8F7Kh9YmtZbegU6evOx34Uv4U2jNfZnSO/Ck/Sjn1qrqGoRafFvkbnsg5JoATUtQj063aR/vfwrnr/8AWr5c/aO+JjeW3hy0mLXVwA17Ip+4uMrFx0J6n2wO9d58YfixH4N0xpSyzaxcqRa2ueE/22/2RwfUnjjqPkG+vJtRvJrq5lae4mcySSMclmJySa+H4izVUYPCUX70t/JdvV/h8znqTtoiIMOtdL8OfBdx8QfGGn6LbhlWZ8zTKM+VEOXb8unuRXM8npyfQDk/SvtL9m74UnwJ4ZOq6hDs1rU1V2VhzDF1VPYn7xH0H8NfGZRl8swxKg17q1fp2+ZhTjzM9a0vT4NK0+3srWJYbe3jWKONeiqoAA/AVb/Cmj24ozX7VFKKsjvHfhR+FN59aOfWmA78KPwpuaM0AO/Ck/CjNHNABtNGDS0YoATBo2mlxRQAmDRg0uKMUAJtNNbt9eM0+jaKAPEP2jPgufHOl/25pMO7XbKPDxoObqIfw4HVx29eR6V8cMpjYg5BBwQexHFfpo6gj/69fOP7Qn7Pzaq1z4o8M2wN59+90+JT++9ZEA/i9VHJ5I54Pwef5M6t8Xh1732l38159/6vz1Kd/eR8sqxjIK5UqeCvX8P/AK1fRHwi+OSXwg0fxFcCK9XCQagx4l7AOezdge/1r53K7SVOQw4INAAzxXxGAzCtl1X2lJ+q6P1OeMnF3R+iel+JBxHdnjoJc5/OugjZZFDIysp6EHIr4g+G/wAddR8KLFYasJNT0pRhWP8AroR7E/eH+yfTgjv9JeD/AB1Za9Zi80XUI7uD+KMdV9mXqpr9ay/NcNmEV7N2l2e//B+R2RmpHp+DRtrDs/FEMmBcDym/vLyta8NzFcLmORXH+yc17Joct8VvA8XxB8CapozorTSp5lux/hmQ7kP5gD6E147+x34cktbHxPqc0ZSZp0sgGGCrICzj/wAeT8q+j3H5Vn6L4fstBF6LKLyRd3T3koHeR8bj+OK8itgI1MbSxfWKa/y/NkcvvKRy/wAbtRGlfCfxTPnbusnhz/10xH/7NXxV8MfhlffFfxdDpNtuh0+HEl9d7eIY+/tuI4A/E9K+xf2gNF1PxR4DTQdIg8+81O9ht+ThUUEyF3PZRsyfyHJFbPwt+GumfDDwxFpVgPNlY+ZdXjKA9xL3Y+3oOw/OvIx2XSzHMY8/8OCV/N3en5XIlHmlrsdBoOh2XhzR7XTNOgW2srWMRxRL0UD37nPUnknk81obaMCmySLGpLMEUdSxxX1kYqKUUtEbDsGjpyelZV54itbcEITO3+z0/Oue1bxJJ9nkluJ47O1QbnZnCqo/2mJHFNtJXYG/qevQ2uY4iJpenXCj6mvIfin8XLPwTbs0sgvtZmXMFmpwR6Fx/Cv6nH1I4P4h/tDQWqyWHhcC4mb5W1CRSUH/AFzU43H3Ixx3rwK9vLjUrqa6uppLi4mYvJLI25nJ7k/5+lfEZrxFCinRwbvL+bovTu/wOedRLSJZ17Xr7xNqs+o6jcG4upWyWPQegA7Adh2/Gs7G3vgU7H4+1ev/AAJ+BV18Qr6LVtVjkt/DkLZLHKtdsDyqf7PYn6gc5x+fUKFbH1/Z01zSl/V2zmScnY3P2a/gu3iLUIvFOswf8Sq2kzaQyDi4kU/eweqKR+LD0r63TJz7GodPsoNPtIra2gS3t4UEcccYAVVAwAAOgFWcD0r9ky3L6eX0FShv1fd/1sd0YqKsJg0YNLijFeqWJg0YNLijFACYNG00uKMUAJg0vNGKNooAOKOKTn0o/SgAyPSl4pOfWjn60ALxRxSc+lHPpQAvFHFJz9KPxoAXimvjHb60v60c+lAHg/xq/ZxtvGDT6z4cWOy1n70ttkLFc9/oj+/Q559R8m6ppd5od/NY6hay2d5CdssEyFWVvcH+nFfpVj6VxnxG+E/h/wCJViItVtAt0o2w30GFmi+hxyP9k8V8ZmvD8MU3Ww3uz7dH/kzCdJS1R+fvB7Vc0rWL3Q7xLuwu5rK5U8SQuVP/ANf8eK9E+I37PfibwC01zDA2taQvIvLSMllX/ppGMlT78j3ry/kd6/N61Cvg6nLUi4yX9aP9UcrTjue1+E/2lb+y2Qa9YrfIODc2xCSY9SuNpP0IFeseHPjB4V8QbDbaxFazH/lndN5D/Tng/gT9a+O6DXv4XiPG4dKM2prz3+//ADuaKrJbn6A22vXYRWiuWmRhkdHzVuPxRdrwyxN/wEj+tfAOna7qWkHdY6hdWZzn/R5mT+RrpLT4xeMrNQI9fuGA/wCeoST89wNfRU+LKD/iUmvRp/nY19suqPt4+Kp8YMEZ/Omt4ouudsUa/wDASa+MR8ePG/8A0F1Pv9lh/wDiar3Hxq8a3Qw2tyKP+mcMSfqFrofFWCtpCX3L/MftkfZs3iC+kyPN2D/YUVyniD4haHoe46rrdvFKv/LNpd8n4ICSfyr4/wBS8Za9rKsL3WL65Q9Y5Lhyv5ZxWOST1/WvOrcWPajS+9/ov8yHW7I+hvE/7TFhbh4tC0972XkC4uyY4/qFHzH6ZFeNeLPiBrvjSbfqt/JNGDlbdPkiX6IOPzyfeud9uKPbqegAPNfJ4zNcXjtK0/d7LRf8H5mUpyluG6lHPQc5/Wur8CfC3xH8RrgJo+nu9vnD3knyQJ9X7/QZNfVvws/Z10H4ftFfXm3WdbT5hcSp+6hP/TNOx9zk+mK2y/J8TmDTirR7vb5dxxg5Hk3wZ/ZnutdaDWfFkUlnpnDxac3yyz+hf+6vtwx9u/1dY2sFhaxW9tCkFvEoSOKNdqqoHAA7fSph+YpRmv1TAZbQy6nyUlq931Z1xiorQUYoyKOfSj8K9UsTI9KMj0paDntQAmR6UZHpS80c0AJkelLuFHP0o5+tABkUcUfhR+FADc0UuB60YHrQAlFLgetGB60AJRS4HrRgetACUUuB60YHrQAlFLgetGB60AJRS4HrRgetADeO9eceOvgD4Q8dNLPPYf2dqD8m80/ETk/7S42n6kZ9xXpOB60bRXPWw9LEx5K0VJeYmk9z4+8Xfsk+JdJZ5NDu7XW7f+GNiIJsemGO0/Xd+FeS+IPA/iDwq7DVtHvdPCnG+eBgh+jdD+Br9G8CkaNXUhgGB4INfKYjhfC1NaMnD8V/n+Ji6K6H5lUV+h+sfDHwlrjFr3w5pk7t1k+yoHP/AAIAGuXu/wBmz4d3jEnQfJY/88ruZf034rwqnCuKXwVIv71/mZ+xfQ+GKK+2D+yz4A3f8eV4B6fa3qzb/sx/Dy3bLaNJNj/npeTf0YViuF8d1cfvf+QvYyPh4fT+dXdL0TUdenEGnWF1fzZx5drC0rfkuTX3ppfwb8EaSwa28MaaWXo08ImP5vk119rZ29lCsVvDHBEvSOJAqj6AV30uE6j/AItVL0X/AAxSo92fFfhX9mHxr4iaN7u2h0S2bq99J+8x/uLk5+uK9w8E/sseFfDZjn1UyeIbtcH/AEgbIR/2zHX/AIETXtW0UYFfSYXIMDhXzcvM+8tfw2/A1VOMSC1tYbO3SCCKOGGMbVjjUKqgdgBwPpU1LgUYHrX0S0VkaiUUuB60YHrTATNGaXA9aMD1oATNFLgetGB60AJRmlwPWjHvQAlFLgetGB60AJmjNLj3ox70ALRxRn2o/CgA4oo/Cjn0oAKOKMn0o/CgA4oo/CjPtQAUUZ9qPwoAKKMn0oz7UAFFGfajPtQAUUZ9qPwoAMD0ooyfSjPtQAYHpRj2oz7UZoAKKM0bqACijNH4UAFFGaM0AFFGaPwoAKOKPwo/CgA4oo/CjP4UAFFGaPwoAKKPwo/CgAoo59KOfSgD/9k=', '', '#BD2E9D', '2018-06-29 00:00:00', 'admin', 'local', '2019-04-25 15:55:44', 'admin', 'smi.alianzacacaoperu.org', 0, 0, '2018-10-05 17:20:31', '2019-04-25 20:55:44', 'be17cb71-348d-11e9-869a-000d3a033fcb', NULL);
INSERT INTO `seccion` (`id`, `codigoGIS`, `nombre`, `nombreIdioma`, `idTipoGeoData`, `menuCategoria`, `menuAccion`, `idTipoAccion`, `idSeccionPadre`, `geoJsonData`, `geoJsonFile`, `logo`, `marker`, `color`, `fechaCrea`, `usuarioCrea`, `terminalCrea`, `fechaCambio`, `usuarioCambio`, `terminalCambio`, `activo`, `eliminado`, `created_at`, `updated_at`, `codigoSeccion`, `idTipoInfra`) VALUES
(2, NULL, 'Cacao', 'Cocoa', '0', 0, 1, '1', '1', 'NULL', 'NULL', NULL, '', '#BD2E9D', '2018-06-30 00:00:00', 'admin', 'local', '2018-10-05 12:20:31', 'admin', 'smi.alianzacacaoperu.org', 1, 0, '2018-10-05 17:20:31', '2018-10-05 17:20:31', 'be198012-348d-11e9-869a-000d3a033fcb', NULL),
(3, NULL, 'Producción', 'Production', '1', 0, 1, NULL, '2', 'NULL', 'NULL', NULL, NULL, '#BD2E9D', '2018-06-30 00:00:00', 'admin', 'local', '2018-10-05 12:20:31', NULL, NULL, 0, 0, '2018-10-05 17:20:31', '2018-10-05 17:20:31', 'be1a758f-348d-11e9-869a-000d3a033fcb', NULL),
(4, NULL, 'Mantenimiento', 'Maintenance', '1', 0, 1, NULL, '2', 'NULL', 'NULL', NULL, NULL, '#BD2E9D', '2018-06-30 00:00:00', 'admin', 'local', '2018-10-05 12:20:31', NULL, NULL, 0, 0, '2018-10-05 17:20:31', '2018-10-05 17:20:31', 'be1f8ef9-348d-11e9-869a-000d3a033fcb', NULL),
(5, NULL, 'Platano', 'Banana', '0', 0, 1, '1', '1', 'NULL', 'NULL', 'data:image/jpeg;base64,/9j/4AAQSkZJRgABAQEBLAEsAAD/4SbkRXhpZgAATU0AKgAAAAgABgALAAIAAAAmAAAIYgESAAMAAAABAAEAAAExAAIAAAAmAAAIiAEyAAIAAAAUAAAIrodpAAQAAAABAAAIwuocAAcAAAgMAAAAVgAAEUYc6gAAAAgAAAAAAAAAAAAAAAAAAAAAAAAAAAAAAAAAAAAAAAAAAAAAAAAAAAAAAAAAAAAAAAAAAAAAAAAAAAAAAAAAAAAAAAAAAAAAAAAAAAAAAAAAAAAAAAAAAAAAAAAAAAAAAAAAAAAAAAAAAAAAAAAAAAAAAAAAAAAAAAAAAAAAAAAAAAAAAAAAAAAAAAAAAAAAAAAAAAAAAAAAAAAAAAAAAAAAAAAAAAAAAAAAAAAAAAAAAAAAAAAAAAAAAAAAAAAAAAAAAAAAAAAAAAAAAAAAAAAAAAAAAAAAAAAAAAAAAAAAAAAAAAAAAAAAAAAAAAAAAAAAAAAAAAAAAAAAAAAAAAAAAAAAAAAAAAAAAAAAAAAAAAAAAAAAAAAAAAAAAAAAAAAAAAAAAAAAAAAAAAAAAAAAAAAAAAAAAAAAAAAAAAAAAAAAAAAAAAAAAAAAAAAAAAAAAAAAAAAAAAAAAAAAAAAAAAAAAAAAAAAAAAAAAAAAAAAAAAAAAAAAAAAAAAAAAAAAAAAAAAAAAAAAAAAAAAAAAAAAAAAAAAAAAAAAAAAAAAAAAAAAAAAAAAAAAAAAAAAAAAAAAAAAAAAAAAAAAAAAAAAAAAAAAAAAAAAAAAAAAAAAAAAAAAAAAAAAAAAAAAAAAAAAAAAAAAAAAAAAAAAAAAAAAAAAAAAAAAAAAAAAAAAAAAAAAAAAAAAAAAAAAAAAAAAAAAAAAAAAAAAAAAAAAAAAAAAAAAAAAAAAAAAAAAAAAAAAAAAAAAAAAAAAAAAAAAAAAAAAAAAAAAAAAAAAAAAAAAAAAAAAAAAAAAAAAAAAAAAAAAAAAAAAAAAAAAAAAAAAAAAAAAAAAAAAAAAAAAAAAAAAAAAAAAAAAAAAAAAAAAAAAAAAAAAAAAAAAAAAAAAAAAAAAAAAAAAAAAAAAAAAAAAAAAAAAAAAAAAAAAAAAAAAAAAAAAAAAAAAAAAAAAAAAAAAAAAAAAAAAAAAAAAAAAAAAAAAAAAAAAAAAAAAAAAAAAAAAAAAAAAAAAAAAAAAAAAAAAAAAAAAAAAAAAAAAAAAAAAAAAAAAAAAAAAAAAAAAAAAAAAAAAAAAAAAAAAAAAAAAAAAAAAAAAAAAAAAAAAAAAAAAAAAAAAAAAAAAAAAAAAAAAAAAAAAAAAAAAAAAAAAAAAAAAAAAAAAAAAAAAAAAAAAAAAAAAAAAAAAAAAAAAAAAAAAAAAAAAAAAAAAAAAAAAAAAAAAAAAAAAAAAAAAAAAAAAAAAAAAAAAAAAAAAAAAAAAAAAAAAAAAAAAAAAAAAAAAAAAAAAAAAAAAAAAAAAAAAAAAAAAAAAAAAAAAAAAAAAAAAAAAAAAAAAAAAAAAAAAAAAAAAAAAAAAAAAAAAAAAAAAAAAAAAAAAAAAAAAAAAAAAAAAAAAAAAAAAAAAAAAAAAAAAAAAAAAAAAAAAAAAAAAAAAAAAAAAAAAAAAAAAAAAAAAAAAAAAAAAAAAAAAAAAAAAAAAAAAAAAAAAAAAAAAAAAAAAAAAAAAAAAAAAAAAAAAAAAAAAAAAAAAAAAAAAAAAAAAAAAAAAAAAAAAAAAAAAAAAAAAAAAAAAAAAAAAAAAAAAAAAAAAAAAAAAAAAAAAAAAAAAAAAAAAAAAAAAAAAAAAAAAAAAAAAAAAAAAAAAAAAAAAAAAAAAAAAAAAAAAAAAAAAAAAAAAAAAAAAAAAAAAAAAAAAAAAAAAAAAAAAAAAAAAAAAAAAAAAAAAAAAAAAAAAAAAAAAAAAAAAAAAAAAAAAAAAAAAAAAAAAAAAAAAAAAAAAAAAAAAAAAAAAAAAAAAAAAAAAAAAAAAAAAAAAAAAAAAAAAAAAAAAAAAAAAAAAAAAAAAAAAAAAAAAAAAAAAAAAAAAAAAAAAAAAAAAAAAAAAAAAAAAAAAAAAAAAAAAAAAAAAAAAAAAAAAAAAAAAAAAAAAAAAAAAAAAAAAAAAAAAAAAAAAAAAAAAAAAAAAAAAAAAAAAAAAAAAAAAAAAAAAAAAAAAAAAAAAAAAAAAAAAAAAAAAAAAAAAAAAAAAAAAAAAAAAAAAAAAAAAAAAAAAAAAAAAAAAAAAAAAAAAAAAAAAAAAAAAAAAAAAAAAAAAAAAAAAAAAAAAAAAAAAAAAAAAAAAAAAAAAAAAAAAAAAAAAAAAAAAAAAAAAAAAAAAAAAAAAAAAAAAAAAAAAAAAAAAAAAAAAAAAAAAAAAAAAAAAAAAAAAAAAAAAAAAAAAAAAAAAAAAAAAAAAAAAAAAAAAAAAAAAAAAAAAAAAAAAAAAAAAAAAAAAAAAAAAAAAAAAAAAAAAAAAAAAAAAAAAAAAAAAAAAAAAAAAAAAAAAAAAAAAAAAAAAAAAAAAAAAAAAAAAAAAAAAAAAAAAAAAAAAAAAAAAAAAAAAAAAAAAAAAAAAAAAAAAAAAAAAAAAAAAAAAAAAAAAAAAAAAAAAAAAAAAAAAAAAAAAAAAAAAAAAAAAAAAAAAAAAAAAAAAAAAAAAAAAAAAAAAAAAAAAAAAAAAAAAAAAAAAAAAAAAAAAAAAAAAAAAAAAAAAAAAAAAAAAAAAAAAAAAAAAAAAAAAAAAAAAAAAAAAAAAAAAAAAAAAAAAAAAAAAAAAAAAAAAAAAAAAAAAAAAAAAAAAAAAAAAAAAAAAAAAAAAAAAAAAAAAAAAAAAAAAAAAAAAAAAAAAAAAAAAAAAAAAAAAAAAAAAAAAAAAAAAAAAAAAAAAAAAAAAAAAAAAAAAAAAAAFdpbmRvd3MgUGhvdG8gRWRpdG9yIDEwLjAuMTAwMTEuMTYzODQAV2luZG93cyBQaG90byBFZGl0b3IgMTAuMC4xMDAxMS4xNjM4NAAyMDE4OjEwOjIzIDA5OjQ3OjU2AAAGkAMAAgAAABQAABEckAQAAgAAABQAABEwkpEAAgAAAAMyMQAAkpIAAgAAAAMyMQAAoAEAAwAAAAEAAQAA6hwABwAACAwAAAkQAAAAABzqAAAACAAAAAAAAAAAAAAAAAAAAAAAAAAAAAAAAAAAAAAAAAAAAAAAAAAAAAAAAAAAAAAAAAAAAAAAAAAAAAAAAAAAAAAAAAAAAAAAAAAAAAAAAAAAAAAAAAAAAAAAAAAAAAAAAAAAAAAAAAAAAAAAAAAAAAAAAAAAAAAAAAAAAAAAAAAAAAAAAAAAAAAAAAAAAAAAAAAAAAAAAAAAAAAAAAAAAAAAAAAAAAAAAAAAAAAAAAAAAAAAAAAAAAAAAAAAAAAAAAAAAAAAAAAAAAAAAAAAAAAAAAAAAAAAAAAAAAAAAAAAAAAAAAAAAAAAAAAAAAAAAAAAAAAAAAAAAAAAAAAAAAAAAAAAAAAAAAAAAAAAAAAAAAAAAAAAAAAAAAAAAAAAAAAAAAAAAAAAAAAAAAAAAAAAAAAAAAAAAAAAAAAAAAAAAAAAAAAAAAAAAAAAAAAAAAAAAAAAAAAAAAAAAAAAAAAAAAAAAAAAAAAAAAAAAAAAAAAAAAAAAAAAAAAAAAAAAAAAAAAAAAAAAAAAAAAAAAAAAAAAAAAAAAAAAAAAAAAAAAAAAAAAAAAAAAAAAAAAAAAAAAAAAAAAAAAAAAAAAAAAAAAAAAAAAAAAAAAAAAAAAAAAAAAAAAAAAAAAAAAAAAAAAAAAAAAAAAAAAAAAAAAAAAAAAAAAAAAAAAAAAAAAAAAAAAAAAAAAAAAAAAAAAAAAAAAAAAAAAAAAAAAAAAAAAAAAAAAAAAAAAAAAAAAAAAAAAAAAAAAAAAAAAAAAAAAAAAAAAAAAAAAAAAAAAAAAAAAAAAAAAAAAAAAAAAAAAAAAAAAAAAAAAAAAAAAAAAAAAAAAAAAAAAAAAAAAAAAAAAAAAAAAAAAAAAAAAAAAAAAAAAAAAAAAAAAAAAAAAAAAAAAAAAAAAAAAAAAAAAAAAAAAAAAAAAAAAAAAAAAAAAAAAAAAAAAAAAAAAAAAAAAAAAAAAAAAAAAAAAAAAAAAAAAAAAAAAAAAAAAAAAAAAAAAAAAAAAAAAAAAAAAAAAAAAAAAAAAAAAAAAAAAAAAAAAAAAAAAAAAAAAAAAAAAAAAAAAAAAAAAAAAAAAAAAAAAAAAAAAAAAAAAAAAAAAAAAAAAAAAAAAAAAAAAAAAAAAAAAAAAAAAAAAAAAAAAAAAAAAAAAAAAAAAAAAAAAAAAAAAAAAAAAAAAAAAAAAAAAAAAAAAAAAAAAAAAAAAAAAAAAAAAAAAAAAAAAAAAAAAAAAAAAAAAAAAAAAAAAAAAAAAAAAAAAAAAAAAAAAAAAAAAAAAAAAAAAAAAAAAAAAAAAAAAAAAAAAAAAAAAAAAAAAAAAAAAAAAAAAAAAAAAAAAAAAAAAAAAAAAAAAAAAAAAAAAAAAAAAAAAAAAAAAAAAAAAAAAAAAAAAAAAAAAAAAAAAAAAAAAAAAAAAAAAAAAAAAAAAAAAAAAAAAAAAAAAAAAAAAAAAAAAAAAAAAAAAAAAAAAAAAAAAAAAAAAAAAAAAAAAAAAAAAAAAAAAAAAAAAAAAAAAAAAAAAAAAAAAAAAAAAAAAAAAAAAAAAAAAAAAAAAAAAAAAAAAAAAAAAAAAAAAAAAAAAAAAAAAAAAAAAAAAAAAAAAAAAAAAAAAAAAAAAAAAAAAAAAAAAAAAAAAAAAAAAAAAAAAAAAAAAAAAAAAAAAAAAAAAAAAAAAAAAAAAAAAAAAAAAAAAAAAAAAAAAAAAAAAAAAAAAAAAAAAAAAAAAAAAAAAAAAAAAAAAAAAAAAAAAAAAAAAAAAAAAAAAAAAAAAAAAAAAAAAAAAAAAAAAAAAAAAAAAAAAAAAAAAAAAAAAAAAAAAAAAAAAAAAAAAAAAAAAAAAAAAAAAAAAAAAAAAAAAAAAAAAAAAAAAAAAAAAAAAAAAAAAAAAAAAAAAAAAAAAAAAAAAAAAAAAAAAAAAAAAAAAAAAAAAAAAAAAAAAAAAAAAAAAAAAAAAAAAAAAAAAAAAAAAAAAAAAAAAAAAAAAAAAAAAAAAAAAAAAAAAAAAAAAAAAAAAAAAAAAAAAAAAAAAAAAAAAAAAAAAAAAAAAAAAAAAAAAAAAAAAAAAAAAAAAAAAAAAAAAAAAAAAAAAAAAAAAAAAAAAAAAAAAAAAAAAAAAAAAAAAAAAAAAAAAAAAAAAAAAAAAAAAAAAAAAAAAAAAAAAAAAAAAAAAAAAAAAAAAAAAAAAAAAAAAAAAAAAAAAAAAAAAAAAAAAAAAAAAAAAAAAAAAAAAAAAAAAAAAAAAAAAAAAAAAAAAAAAAAAAAAAAAAAAAAAAAAAAAAAAAAAAAAAAAAAAAAAAAAAAAAAAAAAAAAAAAAAAAAAAAAAAAAAAAAAAAAAAAAAAAAAAAAAAAAAAAAAAAAAAAAAAAAAAAAAAAAAAAAAAAAAAAAAAAAAAAAAAAAAAAAAAAAAAAAAAAAAAAAAAAAAAAAAAAAAAAAAAAAAAAAAAAAAAAAAAAAAAAAAAAAAAAAAAAAAAAAAAAAAAAAAAAAAAAAAAAAAAAAAAAAAAAAAAAAAAAAAAAAAAAAAAAAAAAAAAAAAAAAAAAAAAAAAAAAAAAAAAAAAAAAAAAAAAAAAAAAAAAAAAAAAAAAAAAAAAAAAAAAAAAAAAAAAAAAAAAAAAAAAAAAAAAAAAAAAAAAAAAAAAAAAAAAAAAAAAAAAAAAAAAAAAAAAAAAAAAAAAAAAAAAAAAAAAAAAAAAAAAAAAAAAAAAAAAAAAAAAAAAAAAAAAAAAAAAAMjAxODoxMDoyMyAwOTo0NzoyMwAyMDE4OjEwOjIzIDA5OjQ3OjIzAAAAAAYBAwADAAAAAQAGAAABGgAFAAAAAQAAEZQBGwAFAAAAAQAAEZwBKAADAAAAAQACAAACAQAEAAAAAQAAEaQCAgAEAAAAAQAAFTcAAAAAAAAAYAAAAAEAAABgAAAAAf/Y/9sAQwAIBgYHBgUIBwcHCQkICgwUDQwLCwwZEhMPFB0aHx4dGhwcICQuJyAiLCMcHCg3KSwwMTQ0NB8nOT04MjwuMzQy/9sAQwEJCQkMCwwYDQ0YMiEcITIyMjIyMjIyMjIyMjIyMjIyMjIyMjIyMjIyMjIyMjIyMjIyMjIyMjIyMjIyMjIyMjIy/8AAEQgBAAD9AwEhAAIRAQMRAf/EAB8AAAEFAQEBAQEBAAAAAAAAAAABAgMEBQYHCAkKC//EALUQAAIBAwMCBAMFBQQEAAABfQECAwAEEQUSITFBBhNRYQcicRQygZGhCCNCscEVUtHwJDNicoIJChYXGBkaJSYnKCkqNDU2Nzg5OkNERUZHSElKU1RVVldYWVpjZGVmZ2hpanN0dXZ3eHl6g4SFhoeIiYqSk5SVlpeYmZqio6Slpqeoqaqys7S1tre4ubrCw8TFxsfIycrS09TV1tfY2drh4uPk5ebn6Onq8fLz9PX29/j5+v/EAB8BAAMBAQEBAQEBAQEAAAAAAAABAgMEBQYHCAkKC//EALURAAIBAgQEAwQHBQQEAAECdwABAgMRBAUhMQYSQVEHYXETIjKBCBRCkaGxwQkjM1LwFWJy0QoWJDThJfEXGBkaJicoKSo1Njc4OTpDREVGR0hJSlNUVVZXWFlaY2RlZmdoaWpzdHV2d3h5eoKDhIWGh4iJipKTlJWWl5iZmqKjpKWmp6ipqrKztLW2t7i5usLDxMXGx8jJytLT1NXW19jZ2uLj5OXm5+jp6vLz9PX29/j5+v/aAAwDAQACEQMRAD8A9/ooAKKACigAooAKKACigAooAKKACigApKACjNABmjNAC0UAFFABRQAUUAFFABRQAUUAFFABRQAUUAFFABRQAUUAJTJZUhRnkYKq9Samc1CLk+g0m3ZGFdeI+SttHn/ab/CsuTVr6U8zsPZeK+FzDPqtWTjR0j+J61DBRiry1ZEL67Bz9plz/vmuo0dbk2oluJWcuMqD2Fb8P1sRWxD5pNpIjGxpwhojSor7U8sKKACigAooAKKACigAooAKKACigAooAKKACigAooASq95apeW7Qv0PQ+lZV6Sq05U31RUZcskzjLm3ktbhoZB8yn86hr8qrUnSqSpvdH0MJKUVLuKOSB6136KERVUYAGBX1fCq/iv0/U87MX8KHUV9eeaFFABRQAUUAFFABRQAUUAFFABRQAUUAFFABRQAUUAFJQBjeILITW4uEHzx9fcVy9fn3END2eMcl9pXPZwU+albsFd9C4khRx/EoNejwtLWrH0/UxzBfCySivsDzAooAKKACigAooAKKACigAooAKKACigAooAKKACigAooAZIgkjZGHDDBrhLiIw3EkR6oxFfJcUUvdp1PVHo5fLVojrsdFm87TYueUG01xcMVOXEyj3Rtj4/u0/M0aK+6PICigAooAKKACigAooAKKACigAooAKKACigAooAKKACigBK5PX4fL1IuOkig/j0/pXz/ABJDmwd+zR2YF2q28jKrf8N3GJJbcnqNwr5fI6nJjoeeh6OLjeizo6K/SDwgooAKKACigAooAKKACigAooAKKACigAooAKKACigAooASsLxLFmGGXH3WK/nXlZ3DnwNTyOjCu1ZHN1Ysbg2t5FMOitz9O9fnuGqeyrRn2aPbqR5otHcKQygjkHkU4V+rRd1dHzmwUUwCigAooAKKACigAooAKKACigAooAKKACigAooAKKACsrxAM6Wx9GFcGaK+Cq+jNsP/ABY+pyVFfmB751eh3wubUQsf3kYx9R61rCv0/LMQq+EhPyPAxEOSq0LRXeYhRQAUUAFFABRQAUUAFFABRQAUUAFFABRQAUUAFFACVi+I5dtpHHn77Z/KvMzifJgqj8rfeb4ZXqxOYor80PeLemXBtr+KTPBO1voa7YdK+44Yq3w86fZ/meTj42mmLRX0xwBRQAUUAFFABRQAUUAFFABRQAUUAFFABRQAUUAFFACVx+tXTXF+6nhYjtA/nXzvEtVwwqh/MztwMb1L9jOor4M9gUHByOorubKXzrKGT+8gJr6rhedqtSHlc87MF7sWSCQGQp3Az+FSV9lF3PLaCiqAKKACigAooAKKACigAooAKKACigAooAKKACigBK4fUDnULg/9ND/Ovl+KH+4gvM78v+N+hWor4k9YK6/Qn36VH/skj9a+i4albFteRw49fu0SajIbYw3Q+6jbX+hq8rBlBBBBHBr7GlP9/OHo/v8A+GPMkvcTForrMwooAKKACigAooAKKACigAooAKKACigAooAKKAEJwCa4K4bfcSP6sTXyfFMvcprzf6Ho5etZMjor409QK6vw6c6aR6SEV7/Dn++/JnHjv4Ra1SPzNNnHoufyqDQ7nz9PVWOWjO38O1fVTnyZlFfzRf4M85K9BvszTpa9U5wooAKKACigAooAKKACigAooAKKACigAooAKKAK19L5NlNIeymuG96+L4onerCPkepl692TCivlT0QrrPDwxpmfVya+g4bX+2fJnFjv4RevObG4/wCubfyrnvDs2y9eLPDrx9RXu5lPkzHDv1/E5KCvQmjqKWvoTiCigAooAKKACigAooAKKACigAooAKKACigAooAxfEVx5dmsIPzSN+grl6/PuIqnNjWuyR7WBjalfuFFeEdYV2ejp5elwD1Gfzr6XhiN8TJ9l+qODHv92kS6g+zTrg/7BFclpknlalbt/tgfnxXZntTlx1B9v8zLCRvRmdtS19ajzgooAKKACigAooAKKACigAooAKKACigAooAKTNK9gOP1m6+06g2DlY/lFZ1fl+Y1fa4qpPzPoKEeWmkFFcRqORC8ioOrEAV3kMYihSP+6AK+u4WhrUn6I83MXpFGfr0vl6Y655cgVysB23EZHZga5uIJ3x8F2S/MvBL9y33O9HSlr7hbHkhRTAKKACigAooAKKACigAooAKKACigAooAKoareCzsmbPzt8qj3rlxtZUcPOp2RpSjzzUTjScnJpK/LG76n0IUUgNLQ7bz9RViPlj+Y/0rr6+94bpcmEcu7PHx0r1bdkc34kuN00cA/hG41jQjNxGPVgP1r5vNantMxl5NL8juwy5aCO9HSlr9EWx4gUUwCigAooAKKACigAooAKKACigAooAKKAEPAyelcfrF99suyFP7tOF9/evnOJMRyYdUl9p/kd2Ap81Tm7GdRXwh64UUAddodn9msgzDDycn6dq0ZHWONnY4VRk1+nYCl9XwcIvors8CtLnqt92cNdzm5upJm/ibP4VJp0Zl1G3X/bB/Lmvz6EvbYxS7y/U9prkpW7I7cUtfqJ8+FFABRQAUUAFFABRQAUUAFFABRQAUUAFFAGHrupeVGbWJvnYfOR2FczX57n+K9ti3FbR0/wAz2sFT5aV+4UV4Z1hWjpFgby7BYHykOW9/au3L6Ht8TCn5mVefJTcjrxxwBwKxfEF95cItkPzPy3sK+9zev7DBTa66Hj4aPPVSOZrX8PQ778ydo1z+Jr4XKYe0xtNeZ62JdqMmdVS1+nHghRQAUUAFFABRQAUUAFFABRQAUUAFFAAaztU1JLGDggysPlX+tcmOxKw2HlVfQ0pU3Umoo5B3aR2dyWZjkk02vy6cnKTk92fQJJKyCipGS29vJdTrDGMsx/KuzsrRLO3WJO3U+pr63hjCXlLENeSPNx9Tamh13cpaWzSueAOPc1xVxO9zO8rnLMc0+J8TrDDr1f6Bl8N5kVdT4et/LsjKRzIf0rz+HafPjFLsmzbHStSt3NjvS1+gHjBRQAUUAFFABRQAUUAFFABRQAUUAFJQBR1LUorGLn5pW+6tcjPPJczNLKxZjXxXEmO55rDw2W/qergaVo87IqK+WPQCpIIJLiVY4lLMxrSlTlUmoR3YpSUU2zrtN01LCHs0rD5mq67rGhdiAoGSTX6dhKEcJhlDstT5+pN1J83c5DVdRN9PhSRCp+UevvWfX5zmGJeJxEqvfb0PcoQVOmoktvC1xcJEvVjiu5hiWGFI14VQAK+l4Xo6VKvyOHMJaqJJRX1p5oUUAFFABRQAUUAFFABRQAUUAFJQAVlanrMdoDHFh5vTsv1rgzHGxwdB1Hv09TahSdWaictLNJPI0kjFmPUmmV+ZVJyqScpbs96KSVkFFSMtWVhPfSbY1wo+856CussdPhsYsIMufvOepr6/h7LWn9ZqL0/zPMx1fT2cfmWWdUUsxAA5JNctq2rG7YwwkiEHk/3q7+IMb7DD+yi/el+RjgqXPPmeyMmivgT2dzofDtl967cf7Kf1NdDX6PkeH9jgo33ep4eLnzVWFFeucwUUAFFABRQAUUAFFABRQAUlABUc1xFboXlcKo9azqVI04Oc3ZIcYuTsjnNQ12SbMdtlI+7dz/hWMSSck5J71+c5rmLxta6+FbHuYegqUfMSivLOgfHE8rhI0LMewFbdh4fLESXZwO0Y/rXs5RlcsXU5pK0EcuJxCpRstzoIoo4YwkahVHQCmz3EVtGZJXCqK+/bp4elfZRR4yvOXmzldS1aS9YomUhHQdz9aza/NcxxksXXlUe3Q92hSVOCQVZsbRr26WJeh5Y+grDDUXWrRpLqy6k1CDl2O1ijWGJY0GFUYAqSv1SEVCKiuh883d3CirEFFABRQAUUAFFABRQAUUAFRT3EUCbpZFQe5rOpUhTi5TdkhqLk7IxbvxEqgrapuP8AebpWDPczXL75pC59+1fB5vm8sVL2cNIfmexhsL7Ncz3IqK8LyOwsQWNzcn91ExHrjiti18NnhrmTj+6n+Ne7lmS1cS1OorR/M48Ri4wVo7m3b2kFqm2GNVH61NX3dGjCjBQgrJHkSk5O7My/1mC0BRD5kvoOg+tczdXk95Jvmcn0HYV8dn2aKrL6vSfurfzPTweH5Vzy3K9FfMHoCqpdgqgkk4AFdhpWnixtvmH71+WP9K+k4bwvtK7rPaP5s4MfUtBQ7mhS19yeSFFABRQAUmaACilqAUUwCgkdyKTkoq7ArS6haQf6y4jB9N2TVCbxFapxGryH6YFeTjM5w2HW935HTSwtSp0sZlx4gu5ciPbED6cmsx3lnfc7M7HueTXxuNzHEY6VunZHqUqFOivMmj0+7l+5bSn324q3FoF7JywRB7mjDZNiq7+G3qKeLpQ6l+Hw0nWadj7KK0INJsrfBWFWYd25NfVYHIaFC0qnvM8+tjJz0WiLwAHQUhOOc4r3dIrsjj6mfd6zaW2QH8x/7qc/rWBeazc3WVU+XGeynk/jXymcZ2knRoP1Z6WFwl/fmZ1FfHX6nphRTV2B0uiaV5QFzOv7wj5FPatwdK/Scnwn1bCxi93qzwsTU9pUbWwtFeoc4UUAFFABmuW1rUZJLryYnZUj67TjJrwuIMS6OFtF2cmdeDp89S76Get/dofluZPxbNXYfEF3Hw+2Qe4xXymEznE4eV73XmejUwlOa7F+LxJC3EsLp7qc1bj1Sxn6XW3/AHuP519Ths9w2IXLP3WefUwlSnqtSbyoZhkXLkH+7JUbaTayD5zK/wDvSE11vB4evrzt/MyVWcOn4DRodgP+WOfxNSLpFgvS3X8aUcmwkXfluDxNV9SVbC1Q8W8X/fIqZY0X7qqPoK7aeFo017sV9xnKpOW7HUZA71u2kQRvPDGMvKij3aqU2uWMXSUufRBmuDFZlh8MvfkbU6FSeyM6fxIxyIIQPdjWVcahdXXEszbT/COBXx+Y55VxPuQ0ienQwcaestWVaK8K52BRSAK6DR9IztubhPdEP8zXr5LgvrOJV9o6s5cXV9nTsup0IFKK/RzxAooAKKACigBrAkHmuL1Cxns5j5o3BjkOOhr5jiXDznRjVW0dzvwE0puL6lOiviD1gooQChipypI+hqZLy5j+7PIP+BVvTxNWk/clYiVOEviRMur3y/8ALwx+tSDXL8f8tQfqtehTzvGQ3ncxlhKT6Dv7ev8A/nov/fIpp1y/P/LUf98itHn+M7k/UqQxtXvm/wCXhh9Kge9uZPvTyH/gVclXNMXV0lN2NY4enHZEJJY5Ykn3pK4G29zZJBRSAKKAClAJOACSegFNJt2DTdnRaTouzbcXK/N1VD2+tbwHNfo+T4H6ph0n8T1Z4WJre0nfoLRXrHOFFABRQAUUAFQXVrHdQNFIMhh+RrKtSjVpunLZoqMnFpo4q5t3tbh4XHKn86hr8rrU3SqOnLdaH0MJKUVJdQorIoKKACigYUUCCigAooAKKACiiwEsFvLcyiOJCzH0rqNN0eOzAkkw8x79l+lfSZBl3tant6i92O3mzgxtfljyLc1MUtfdHkhRQAUUAFFABRQAUlAGXrGmi8g8yMfvkHHuPSuTIIJBBBHBFfB8RYX2WJ9qlpL8z2MDU5ocj6CUV86doUUAFFABRQAUUAFFABRQAVp2Giz3eHceXEe56n6V35dgZ4ysoR26sxr1o0o3Z01rZw2cWyJMep7mrFfpNCjChTVOGyPCnJzlzPqLRWxIUUAFFABRQAUUAFFACdqx9V0ZbnM0ACzdx/erzs0wSxeHcOq1XqbYer7OaZzDo0blHUqw6gjpTa/NJwcZcstGj3lJNXCipGFFABRQAUUAFFABV200y5vDlEIT++3ArqwmEqYqoqcEZ1akaceZnQ2WiW9rhnHmyDuw4H4Vp4r9GwGBp4OlyR+bPDrVZVZczForuMgooAKKACigAooAKKACigApKAKd7ptvfL+8XD9nHWubvNGurUkqvmx/3lHT8K+UzzKPaf7RRWvVHo4TFcvuTM4gjg0V8a007M9QKKQBRQAUULcB6RSSnbGjMT6DNadtoF1NzLiJffk/lXp4DKq2Llpou5z1sRGktTZtdFtLbBK+Y/q9aIAHQYFffYHA0sJT5aa+Z49WrKo7sWlrtMgooAKKACigAooAKKACigAooAKKACkNAFWfT7W5/wBbCpPqBg1mzeG4W5hmdPZhkV4mOyOhiXzx0kdVHFzp6bopv4cul+5LG35iojoF8P4EP/Aq+eqcOYmL91pnbHHU3uINBvz1RR/wKpU8OXbfeeJR9SaVPhzEyerSG8dTRai8Mr/y1uGPsq4q9DodjEf9WXPq5zXtYTh2hTtKpq/wOSpjpy0joXo4o4hiNFUewqSvoYQjCPLFWRxttu7CiqEFFABRQAUUAFFABRQAUUAFFABRQAUUAFFACY5ooAKWgBKWgApKAFooAKKACigAooAKKACigAooAKKACigD/9kA/+Ex6Gh0dHA6Ly9ucy5hZG9iZS5jb20veGFwLzEuMC8APD94cGFja2V0IGJlZ2luPSfvu78nIGlkPSdXNU0wTXBDZWhpSHpyZVN6TlRjemtjOWQnPz4NCjx4OnhtcG1ldGEgeG1sbnM6eD0iYWRvYmU6bnM6bWV0YS8iPjxyZGY6UkRGIHhtbG5zOnJkZj0iaHR0cDovL3d3dy53My5vcmcvMTk5OS8wMi8yMi1yZGYtc3ludGF4LW5zIyI+PHJkZjpEZXNjcmlwdGlvbiByZGY6YWJvdXQ9InV1aWQ6ZmFmNWJkZDUtYmEzZC0xMWRhLWFkMzEtZDMzZDc1MTgyZjFiIiB4bWxuczp4bXA9Imh0dHA6Ly9ucy5hZG9iZS5jb20veGFwLzEuMC8iPjx4bXA6Q3JlYXRvclRvb2w+V2luZG93cyBQaG90byBFZGl0b3IgMTAuMC4xMDAxMS4xNjM4NDwveG1wOkNyZWF0b3JUb29sPjx4bXA6Q3JlYXRlRGF0ZT4yMDE4LTEwLTIzVDA5OjQ3OjIzLjIwNzwveG1wOkNyZWF0ZURhdGU+PC9yZGY6RGVzY3JpcHRpb24+PC9yZGY6UkRGPjwveDp4bXBtZXRhPg0KICAgICAgICAgICAgICAgICAgICAgICAgICAgICAgICAgICAgICAgICAgICAgICAgICAgICAgICAgICAgICAgICAgICAgICAgICAgICAgICAgICAgICAgICAgICAgICAgICAgIAogICAgICAgICAgICAgICAgICAgICAgICAgICAgICAgICAgICAgICAgICAgICAgICAgICAgICAgICAgICAgICAgICAgICAgICAgICAgICAgICAgICAgICAgICAgICAgICAgICAgCiAgICAgICAgICAgICAgICAgICAgICAgICAgICAgICAgICAgICAgICAgICAgICAgICAgICAgICAgICAgICAgICAgICAgICAgICAgICAgICAgICAgICAgICAgICAgICAgICAgICAKICAgICAgICAgICAgICAgICAgICAgICAgICAgICAgICAgICAgICAgICAgICAgICAgICAgICAgICAgICAgICAgICAgICAgICAgICAgICAgICAgICAgICAgICAgICAgICAgICAgIAogICAgICAgICAgICAgICAgICAgICAgICAgICAgICAgICAgICAgICAgICAgICAgICAgICAgICAgICAgICAgICAgICAgICAgICAgICAgICAgICAgICAgICAgICAgICAgICAgICAgCiAgICAgICAgICAgICAgICAgICAgICAgICAgICAgICAgICAgICAgICAgICAgICAgICAgICAgICAgICAgICAgICAgICAgICAgICAgICAgICAgICAgICAgICAgICAgICAgICAgICAKICAgICAgICAgICAgICAgICAgICAgICAgICAgICAgICAgICAgICAgICAgICAgICAgICAgICAgICAgICAgICAgICAgICAgICAgICAgICAgICAgICAgICAgICAgICAgICAgICAgIAogICAgICAgICAgICAgICAgICAgICAgICAgICAgICAgICAgICAgICAgICAgICAgICAgICAgICAgICAgICAgICAgICAgICAgICAgICAgICAgICAgICAgICAgICAgICAgICAgICAgCiAgICAgICAgICAgICAgICAgICAgICAgICAgICAgICAgICAgICAgICAgICAgICAgICAgICAgICAgICAgICAgICAgICAgICAgICAgICAgICAgICAgICAgICAgICAgICAgICAgICAKICAgICAgICAgICAgICAgICAgICAgICAgICAgICAgICAgICAgICAgICAgICAgICAgICAgICAgICAgICAgICAgICAgICAgICAgICAgICAgICAgICAgICAgICAgICAgICAgICAgIAogICAgICAgICAgICAgICAgICAgICAgICAgICAgICAgICAgICAgICAgICAgICAgICAgICAgICAgICAgICAgICAgICAgICAgICAgICAgICAgICAgICAgICAgICAgICAgICAgICAgCiAgICAgICAgICAgICAgICAgICAgICAgICAgICAgICAgICAgICAgICAgICAgICAgICAgICAgICAgICAgICAgICAgICAgICAgICAgICAgICAgICAgICAgICAgICAgICAgICAgICAKICAgICAgICAgICAgICAgICAgICAgICAgICAgICAgICAgICAgICAgICAgICAgICAgICAgICAgICAgICAgICAgICAgICAgICAgICAgICAgICAgICAgICAgICAgICAgICAgICAgIAogICAgICAgICAgICAgICAgICAgICAgICAgICAgICAgICAgICAgICAgICAgICAgICAgICAgICAgICAgICAgICAgICAgICAgICAgICAgICAgICAgICAgICAgICAgICAgICAgICAgCiAgICAgICAgICAgICAgICAgICAgICAgICAgICAgICAgICAgICAgICAgICAgICAgICAgICAgICAgICAgICAgICAgICAgICAgICAgICAgICAgICAgICAgICAgICAgICAgICAgICAKICAgICAgICAgICAgICAgICAgICAgICAgICAgICAgICAgICAgICAgICAgICAgICAgICAgICAgICAgICAgICAgICAgICAgICAgICAgICAgICAgICAgICAgICAgICAgICAgICAgIAogICAgICAgICAgICAgICAgICAgICAgICAgICAgICAgICAgICAgICAgICAgICAgICAgICAgICAgICAgICAgICAgICAgICAgICAgICAgICAgICAgICAgICAgICAgICAgICAgICAgCiAgICAgICAgICAgICAgICAgICAgICAgICAgICAgICAgICAgICAgICAgICAgICAgICAgICAgICAgICAgICAgICAgICAgICAgICAgICAgICAgICAgICAgICAgICAgICAgICAgICAKICAgICAgICAgICAgICAgICAgICAgICAgICAgICAgICAgICAgICAgICAgICAgICAgICAgICAgICAgICAgICAgICAgICAgICAgICAgICAgICAgICAgICAgICAgICAgICAgICAgIAogICAgICAgICAgICAgICAgICAgICAgICAgICAgICAgICAgICAgICAgICAgICAgICAgICAgICAgICAgICAgICAgICAgICAgICAgICAgICAgICAgICAgICAgICAgICAgICAgICAgCiAgICAgICAgICAgICAgICAgICAgICAgICAgICAgICAgICAgICAgICAgICAgICAgICAgICAgICAgICAgICAgICAgICAgICAgICAgICAgICAgICAgICAgICAgICAgICAgICAgICAKICAgICAgICAgICAgICAgICAgICAgICAgICAgICAgICAgICAgICAgICAgICAgICAgICAgICAgICAgICAgICAgICAgICAgICAgICAgICAgICAgICAgICAgICAgICAgICAgICAgIAogICAgICAgICAgICAgICAgICAgICAgICAgICAgICAgICAgICAgICAgICAgICAgICAgICAgICAgICAgICAgICAgICAgICAgICAgICAgICAgICAgICAgICAgICAgICAgICAgICAgCiAgICAgICAgICAgICAgICAgICAgICAgICAgICAgICAgICAgICAgICAgICAgICAgICAgICAgICAgICAgICAgICAgICAgICAgICAgICAgICAgICAgICAgICAgICAgICAgICAgICAKICAgICAgICAgICAgICAgICAgICAgICAgICAgICAgICAgICAgICAgICAgICAgICAgICAgICAgICAgICAgICAgICAgICAgICAgICAgICAgICAgICAgICAgICAgICAgICAgICAgIAogICAgICAgICAgICAgICAgICAgICAgICAgICAgICAgICAgICAgICAgICAgICAgICAgICAgICAgICAgICAgICAgICAgICAgICAgICAgICAgICAgICAgICAgICAgICAgICAgICAgCiAgICAgICAgICAgICAgICAgICAgICAgICAgICAgICAgICAgICAgICAgICAgICAgICAgICAgICAgICAgICAgICAgICAgICAgICAgICAgICAgICAgICAgICAgICAgICAgICAgICAKICAgICAgICAgICAgICAgICAgICAgICAgICAgICAgICAgICAgICAgICAgICAgICAgICAgICAgICAgICAgICAgICAgICAgICAgICAgICAgICAgICAgICAgICAgICAgICAgICAgIAogICAgICAgICAgICAgICAgICAgICAgICAgICAgICAgICAgICAgICAgICAgICAgICAgICAgICAgICAgICAgICAgICAgICAgICAgICAgICAgICAgICAgICAgICAgICAgICAgICAgCiAgICAgICAgICAgICAgICAgICAgICAgICAgICAgICAgICAgICAgICAgICAgICAgICAgICAgICAgICAgICAgICAgICAgICAgICAgICAgICAgICAgICAgICAgICAgICAgICAgICAKICAgICAgICAgICAgICAgICAgICAgICAgICAgICAgICAgICAgICAgICAgICAgICAgICAgICAgICAgICAgICAgICAgICAgICAgICAgICAgICAgICAgICAgICAgICAgICAgICAgIAogICAgICAgICAgICAgICAgICAgICAgICAgICAgICAgICAgICAgICAgICAgICAgICAgICAgICAgICAgICAgICAgICAgICAgICAgICAgICAgICAgICAgICAgICAgICAgICAgICAgCiAgICAgICAgICAgICAgICAgICAgICAgICAgICAgICAgICAgICAgICAgICAgICAgICAgICAgICAgICAgICAgICAgICAgICAgICAgICAgICAgICAgICAgICAgICAgICAgICAgICAKICAgICAgICAgICAgICAgICAgICAgICAgICAgICAgICAgICAgICAgICAgICAgICAgICAgICAgICAgICAgICAgICAgICAgICAgICAgICAgICAgICAgICAgICAgICAgICAgICAgIAogICAgICAgICAgICAgICAgICAgICAgICAgICAgICAgICAgICAgICAgICAgICAgICAgICAgICAgICAgICAgICAgICAgICAgICAgICAgICAgICAgICAgICAgICAgICAgICAgICAgCiAgICAgICAgICAgICAgICAgICAgICAgICAgICAgICAgICAgICAgICAgICAgICAgICAgICAgICAgICAgICAgICAgICAgICAgICAgICAgICAgICAgICAgICAgICAgICAgICAgICAKICAgICAgICAgICAgICAgICAgICAgICAgICAgICAgICAgICAgICAgICAgICAgICAgICAgICAgICAgICAgICAgICAgICAgICAgICAgICAgICAgICAgICAgICAgICAgICAgICAgIAogICAgICAgICAgICAgICAgICAgICAgICAgICAgICAgICAgICAgICAgICAgICAgICAgICAgICAgICAgICAgICAgICAgICAgICAgICAgICAgICAgICAgICAgICAgICAgICAgICAgCiAgICAgICAgICAgICAgICAgICAgICAgICAgICAgICAgICAgICAgICAgICAgICAgICAgICAgICAgICAgICAgICAgICAgICAgICAgICAgICAgICAgICAgICAgICAgICAgICAgICAKICAgICAgICAgICAgICAgICAgICAgICAgICAgICAgICAgICAgICAgICAgICAgICAgICAgICAgICAgICAgICAgICAgICAgICAgICAgICAgICAgICAgICAgICAgICAgICAgICAgIAogICAgICAgICAgICAgICAgICAgICAgICAgICAgICAgICAgICAgICAgICAgICAgICAgICAgICAgICAgICAgICAgICAgICAgICAgICAgICAgICAgICAgICAgICAgICAgICAgICAgCiAgICAgICAgICAgICAgICAgICAgICAgICAgICAgICAgICAgICAgICAgICAgICAgICAgICAgICAgICAgICAgICAgICAgICAgICAgICAgICAgICAgICAgICAgICAgICAgICAgICAKICAgICAgICAgICAgICAgICAgICAgICAgICAgICAgICAgICAgICAgICAgICAgICAgICAgICAgICAgICAgICAgICAgICAgICAgICAgICAgICAgICAgICAgICAgICAgICAgICAgIAogICAgICAgICAgICAgICAgICAgICAgICAgICAgICAgICAgICAgICAgICAgICAgICAgICAgICAgICAgICAgICAgICAgICAgICAgICAgICAgICAgICAgICAgICAgICAgICAgICAgCiAgICAgICAgICAgICAgICAgICAgICAgICAgICAgICAgICAgICAgICAgICAgICAgICAgICAgICAgICAgICAgICAgICAgICAgICAgICAgICAgICAgICAgICAgICAgICAgICAgICAKICAgICAgICAgICAgICAgICAgICAgICAgICAgICAgICAgICAgICAgICAgICAgICAgICAgICAgICAgICAgICAgICAgICAgICAgICAgICAgICAgICAgICAgICAgICAgICAgICAgIAogICAgICAgICAgICAgICAgICAgICAgICAgICAgICAgICAgICAgICAgICAgICAgICAgICAgICAgICAgICAgICAgICAgICAgICAgICAgICAgICAgICAgICAgICAgICAgICAgICAgCiAgICAgICAgICAgICAgICAgICAgICAgICAgICAgICAgICAgICAgICAgICAgICAgICAgICAgICAgICAgICAgICAgICAgICAgICAgICAgICAgICAgICAgICAgICAgICAgICAgICAKICAgICAgICAgICAgICAgICAgICAgICAgICAgICAgICAgICAgICAgICAgICAgICAgICAgICAgICAgICAgICAgICAgICAgICAgICAgICAgICAgICAgICAgICAgICAgICAgICAgIAogICAgICAgICAgICAgICAgICAgICAgICAgICAgICAgICAgICAgICAgICAgICAgICAgICAgICAgICAgICAgICAgICAgICAgICAgICAgICAgICAgICAgICAgICAgICAgICAgICAgCiAgICAgICAgICAgICAgICAgICAgICAgICAgICAgICAgICAgICAgICAgICAgICAgICAgICAgICAgICAgICAgICAgICAgICAgICAgICAgICAgICAgICAgICAgICAgICAgICAgICAKICAgICAgICAgICAgICAgICAgICAgICAgICAgICAgICAgICAgICAgICAgICAgICAgICAgICAgICAgICAgICAgICAgICAgICAgICAgICAgICAgICAgICAgICAgICAgICAgICAgIAogICAgICAgICAgICAgICAgICAgICAgICAgICAgICAgICAgICAgICAgICAgICAgICAgICAgICAgICAgICAgICAgICAgICAgICAgICAgICAgICAgICAgICAgICAgICAgICAgICAgCiAgICAgICAgICAgICAgICAgICAgICAgICAgICAgICAgICAgICAgICAgICAgICAgICAgICAgICAgICAgICAgICAgICAgICAgICAgICAgICAgICAgICAgICAgICAgICAgICAgICAKICAgICAgICAgICAgICAgICAgICAgICAgICAgICAgICAgICAgICAgICAgICAgICAgICAgICAgICAgICAgICAgICAgICAgICAgICAgICAgICAgICAgICAgICAgICAgICAgICAgIAogICAgICAgICAgICAgICAgICAgICAgICAgICAgICAgICAgICAgICAgICAgICAgICAgICAgICAgICAgICAgICAgICAgICAgICAgICAgICAgICAgICAgICAgICAgICAgICAgICAgCiAgICAgICAgICAgICAgICAgICAgICAgICAgICAgICAgICAgICAgICAgICAgICAgICAgICAgICAgICAgICAgICAgICAgICAgICAgICAgICAgICAgICAgICAgICAgICAgICAgICAKICAgICAgICAgICAgICAgICAgICAgICAgICAgICAgICAgICAgICAgICAgICAgICAgICAgICAgICAgICAgICAgICAgICAgICAgICAgICAgICAgICAgICAgICAgICAgICAgICAgIAogICAgICAgICAgICAgICAgICAgICAgICAgICAgICAgICAgICAgICAgICAgICAgICAgICAgICAgICAgICAgICAgICAgICAgICAgICAgICAgICAgICAgICAgICAgICAgICAgICAgCiAgICAgICAgICAgICAgICAgICAgICAgICAgICAgICAgICAgICAgICAgICAgICAgICAgICAgICAgICAgICAgICAgICAgICAgICAgICAgICAgICAgICAgICAgICAgICAgICAgICAKICAgICAgICAgICAgICAgICAgICAgICAgICAgICAgICAgICAgICAgICAgICAgICAgICAgICAgICAgICAgICAgICAgICAgICAgICAgICAgICAgICAgICAgICAgICAgICAgICAgIAogICAgICAgICAgICAgICAgICAgICAgICAgICAgICAgICAgICAgICAgICAgICAgICAgICAgICAgICAgICAgICAgICAgICAgICAgICAgICAgICAgICAgICAgICAgICAgICAgICAgCiAgICAgICAgICAgICAgICAgICAgICAgICAgICAgICAgICAgICAgICAgICAgICAgICAgICAgICAgICAgICAgICAgICAgICAgICAgICAgICAgICAgICAgICAgICAgICAgICAgICAKICAgICAgICAgICAgICAgICAgICAgICAgICAgICAgICAgICAgICAgICAgICAgICAgICAgICAgICAgICAgICAgICAgICAgICAgICAgICAgICAgICAgICAgICAgICAgICAgICAgIAogICAgICAgICAgICAgICAgICAgICAgICAgICAgICAgICAgICAgICAgICAgICAgICAgICAgICAgICAgICAgICAgICAgICAgICAgICAgICAgICAgICAgICAgICAgICAgICAgICAgCiAgICAgICAgICAgICAgICAgICAgICAgICAgICAgICAgICAgICAgICAgICAgICAgICAgICAgICAgICAgICAgICAgICAgICAgICAgICAgICAgICAgICAgICAgICAgICAgICAgICAKICAgICAgICAgICAgICAgICAgICAgICAgICAgICAgICAgICAgICAgICAgICAgICAgICAgICAgICAgICAgICAgICAgICAgICAgICAgICAgICAgICAgICAgICAgICAgICAgICAgIAogICAgICAgICAgICAgICAgICAgICAgICAgICAgICAgICAgICAgICAgICAgICAgICAgICAgICAgICAgICAgICAgICAgICAgICAgICAgICAgICAgICAgICAgICAgICAgICAgICAgCiAgICAgICAgICAgICAgICAgICAgICAgICAgICAgICAgICAgICAgICAgICAgICAgICAgICAgICAgICAgICAgICAgICAgICAgICAgICAgICAgICAgICAgICAgICAgICAgICAgICAKICAgICAgICAgICAgICAgICAgICAgICAgICAgICAgICAgICAgICAgICAgICAgICAgICAgICAgICAgICAgICAgICAgICAgICAgICAgICAgICAgICAgICAgICAgICAgICAgICAgIAogICAgICAgICAgICAgICAgICAgICAgICAgICAgICAgICAgICAgICAgICAgICAgICAgICAgICAgICAgICAgICAgICAgICAgICAgICAgICAgICAgICAgICAgICAgICAgICAgICAgCiAgICAgICAgICAgICAgICAgICAgICAgICAgICAgICAgICAgICAgICAgICAgICAgICAgICAgICAgICAgICAgICAgICAgICAgICAgICAgICAgICAgICAgICAgICAgICAgICAgICAKICAgICAgICAgICAgICAgICAgICAgICAgICAgICAgICAgICAgICAgICAgICAgICAgICAgICAgICAgICAgICAgICAgICAgICAgICAgICAgICAgICAgICAgICAgICAgICAgICAgIAogICAgICAgICAgICAgICAgICAgICAgICAgICAgICAgICAgICAgICAgICAgICAgICAgICAgICAgICAgICAgICAgICAgICAgICAgICAgICAgICAgICAgICAgICAgICAgICAgICAgCiAgICAgICAgICAgICAgICAgICAgICAgICAgICAgICAgICAgICAgICAgICAgICAgICAgICAgICAgICAgICAgICAgICAgICAgICAgICAgICAgICAgICAgICAgICAgICAgICAgICAKICAgICAgICAgICAgICAgICAgICAgICAgICAgICAgICAgICAgICAgICAgICAgICAgICAgICAgICAgICAgICAgICAgICAgICAgICAgICAgICAgICAgICAgICAgICAgICAgICAgIAogICAgICAgICAgICAgICAgICAgICAgICAgICAgICAgICAgICAgICAgICAgICAgICAgICAgICAgICAgICAgICAgICAgICAgICAgICAgICAgICAgICAgICAgICAgICAgICAgICAgCiAgICAgICAgICAgICAgICAgICAgICAgICAgICAgICAgICAgICAgICAgICAgICAgICAgICAgICAgICAgICAgICAgICAgICAgICAgICAgICAgICAgICAgICAgICAgICAgICAgICAKICAgICAgICAgICAgICAgICAgICAgICAgICAgICAgICAgICAgICAgICAgICAgICAgICAgICAgICAgICAgICAgICAgICAgICAgICAgICAgICAgICAgICAgICAgICAgICAgICAgIAogICAgICAgICAgICAgICAgICAgICAgICAgICAgICAgICAgICAgICAgICAgICAgICAgICAgICAgICAgICAgICAgICAgICAgICAgICAgICAgICAgICAgICAgICAgICAgICAgICAgCiAgICAgICAgICAgICAgICAgICAgICAgICAgICAgICAgICAgICAgICAgICAgICAgICAgICAgICAgICAgICAgICAgICAgICAgICAgICAgICAgICAgICAgICAgICAgICAgICAgICAKICAgICAgICAgICAgICAgICAgICAgICAgICAgICAgICAgICAgICAgICAgICAgICAgICAgICAgICAgICAgICAgICAgICAgICAgICAgICAgICAgICAgICAgICAgICAgICAgICAgIAogICAgICAgICAgICAgICAgICAgICAgICAgICAgICAgICAgICAgICAgICAgICAgICAgICAgICAgICAgICAgICAgICAgICAgICAgICAgICAgICAgICAgICAgICAgICAgICAgICAgCiAgICAgICAgICAgICAgICAgICAgICAgICAgICAgICAgICAgICAgICAgICAgICAgICAgICAgICAgICAgICAgICAgICAgICAgICAgICAgICAgICAgICAgICAgICAgICAgICAgICAKICAgICAgICAgICAgICAgICAgICAgICAgICAgICAgICAgICAgICAgICAgICAgICAgICAgICAgICAgICAgICAgICAgICAgICAgICAgICAgICAgICAgICAgICAgICAgICAgICAgIAogICAgICAgICAgICAgICAgICAgICAgICAgICAgICAgICAgICAgICAgICAgICAgICAgICAgICAgICAgICAgICAgICAgICAgICAgICAgICAgICAgICAgICAgICAgICAgICAgICAgCiAgICAgICAgICAgICAgICAgICAgICAgICAgICAgICAgICAgICAgICAgICAgICAgICAgICAgICAgICAgICAgICAgICAgICAgICAgICAgICAgICAgICAgICAgICAgICAgICAgICAKICAgICAgICAgICAgICAgICAgICAgICAgICAgICAgICAgICAgICAgICAgICAgICAgICAgICAgICAgICAgICAgICAgICAgICAgICAgICAgICAgICAgICAgICAgICAgICAgICAgIAogICAgICAgICAgICAgICAgICAgICAgICAgICAgICAgICAgICAgICAgICAgICAgICAgICAgICAgICAgICAgICAgICAgICAgICAgICAgICAgICAgICAgICAgICAgICAgICAgICAgCiAgICAgICAgICAgICAgICAgICAgICAgICAgICAgICAgICAgICAgICAgICAgICAgICAgICAgICAgICAgICAgICAgICAgICAgICAgICAgICAgICAgICAgICAgICAgICAgICAgICAKICAgICAgICAgICAgICAgICAgICAgICAgICAgICAgICAgICAgICAgICAgICAgICAgICAgICAgICAgICAgICAgICAgICAgICAgICAgICAgICAgICAgICAgICAgICAgICAgICAgIAogICAgICAgICAgICAgICAgICAgICAgICAgICAgICAgICAgICAgICAgICAgICAgICAgICAgICAgICAgICAgICAgICAgICAgICAgICAgICAgICAgICAgICAgICAgICAgICAgICAgCiAgICAgICAgICAgICAgICAgICAgICAgICAgICAgICAgICAgICAgICAgICAgICAgICAgICAgICAgICAgICAgICAgICAgICAgICAgICAgICAgICAgICAgICAgICAgICAgICAgICAKICAgICAgICAgICAgICAgICAgICAgICAgICAgICAgICAgICAgICAgICAgICAgICAgICAgICAgICAgICAgICAgICAgICAgICAgICAgICAgICAgICAgICAgICAgICAgICAgICAgIAogICAgICAgICAgICAgICAgICAgICAgICAgICAgICAgICAgICAgICAgICAgICAgICAgICAgICAgICAgICAgICAgICAgICAgICAgICAgICAgICAgICAgICAgICAgICAgICAgICAgCiAgICAgICAgICAgICAgICAgICAgICAgICAgICAgICAgICAgICAgICAgICAgICAgICAgICAgICAgICAgICAgICAgICAgICAgICAgICAgICAgICAgICAgICAgICAgICAgICAgICAKICAgICAgICAgICAgICAgICAgICAgICAgICAgICAgICAgICAgICAgICAgICAgICAgICAgICAgICAgICAgICAgICAgICAgICAgICAgICAgICAgICAgICAgICAgICAgICAgICAgIAogICAgICAgICAgICAgICAgICAgICAgICAgICAgICAgICAgICAgICAgICAgICAgICAgICAgICAgICAgICAgICAgICAgICAgICAgICAgICAgICAgICAgICAgICAgICAgICAgICAgCiAgICAgICAgICAgICAgICAgICAgICAgICAgICAgICAgICAgICAgICAgICAgICAgICAgICAgICAgICAgICAgICAgICAgICAgICAgICAgICAgICAgICAgICAgICAgICAgICAgICAKICAgICAgICAgICAgICAgICAgICAgICAgICAgICAgICAgICAgICAgICAgICAgICAgICAgICAgICAgICAgICAgICAgICAgICAgICAgICAgICAgICAgICAgICAgICAgICAgICAgIAogICAgICAgICAgICAgICAgICAgICAgICAgICAgICAgICAgICAgICAgICAgICAgICAgICAgICAgICAgICAgICAgICAgICAgICAgICAgICAgICAgICAgICAgICAgICAgICAgICAgCiAgICAgICAgICAgICAgICAgICAgICAgICAgICAgICAgICAgICAgICAgICAgICAgICAgICAgICAgICAgICAgICAgICAgICAgICAgICAgICAgICAgICAgICAgICAgICAgICAgICAKICAgICAgICAgICAgICAgICAgICAgICAgICAgICAgICAgICAgICAgICAgICAgICAgICAgICAgICAgICAgICAgICAgICAgICAgICAgICAgICAgICAgICAgICAgICAgICAgICAgIAogICAgICAgICAgICAgICAgICAgICAgICAgICAgICAgICAgICAgICAgICAgICAgICAgICAgICAgICAgICAgICAgICAgICAgICAgICAgICAgICAgICAgICAgICAgICAgICAgICAgCiAgICAgICAgICAgICAgICAgICAgICAgICAgICAgICAgICAgICAgICAgICAgICAgICAgICAgICAgICAgICAgICAgICAgICAgICAgICAgICAgICAgICAgICAgICAgICAgICAgICAKICAgICAgICAgICAgICAgICAgICAgICAgICAgICAgICAgICAgICAgICAgICAgICAgICAgICAgICAgICAgICAgICAgICAgICAgICAgICAgICAgICAgICAgICAgICAgICAgICAgIAogICAgICAgICAgICAgICAgICAgICAgICAgICAgICAgICAgICAgICAgICAgICAgICAgICAgICAgICAgICAgICAgICAgICAgICAgICAgICAgICAgICAgICAgICAgICAgICAgICAgCiAgICAgICAgICAgICAgICAgICAgICAgICAgICAgICAgICAgICAgICAgICAgICAgICAgICAgICAgICAgICAgICAgICAgICAgICAgICAgICAgICAgICAgICAgICAgICAgICAgICAKICAgICAgICAgICAgICAgICAgICAgICAgICAgICAgICAgICAgICAgICAgICAgICAgICAgICAgICAgICAgICAgICAgICAgICAgICAgICAgICAgICAgICAgICAgICAgICAgICAgIAogICAgICAgICAgICAgICAgICAgICAgICAgICAgICAgICAgICAgICAgICAgICAgICAgICAgICAgICAgICAgICAgICAgICAgICAgICAgICAgICAgICAgICAgICAgICAgICAgICAgCiAgICAgICAgICAgICAgICAgICAgICAgICAgICAgICAgICAgICAgICAgICAgICAgICAgICAgICAgICAgICAgICAgICAgICAgICAgICAgICAgICAgICAgICAgICAgICAgICAgICAKICAgICAgICAgICAgICAgICAgICAgICAgICAgICAgICAgICAgICAgICAgICAgICAgICAgICAgICAgICAgICAgICAgICAgICAgICAgICAgICAgICAgICAgICAgICAgICAgICAgIAogICAgICAgICAgICAgICAgICAgICAgICAgICAgICAgICAgICAgICAgICAgICAgICAgICAgICAgICAgICAgICAgICAgICAgICAgICAgICAgICAgICAgICAgICAgICAgICAgICAgCiAgICAgICAgICAgICAgICAgICAgICAgICAgICAgICAgICAgICAgICAgICAgICAgICAgICAgICAgICAgICAgICAgICAgICAgICAgICAgICAgICAgICAgICAgICAgICAgICAgICAKICAgICAgICAgICAgICAgICAgICAgICAgICAgICAgICAgICAgICAgICAgICAgICAgICAgICAgICAgICAgICAgICAgICAgICAgICAgICAgICAgICAgICAgICAgICAgICAgICAgIAogICAgICAgICAgICAgICAgICAgICAgICAgICAgICAgICAgICAgICAgICAgICAgICAgICAgICAgICAgICAgICAgICAgICAgICAgICAgICAgICAgICAgICAgICAgICAgICAgICAgCiAgICAgICAgICAgICAgICAgICAgICAgICAgICAgICAgICAgICAgICAgICAgICAgICAgICAgICAgICAgICAgICAgICAgICAgICAgICAgICAgICAgICAgICAgICAgICAgICAgICAKICAgICAgICAgICAgICAgICAgICAgICAgICAgICAgICAgICAgICAgICAgICAgICAgICAgICAgICAgICAgICAgICAgICAgICAgICAgICAgICAgICAgICAgICAgICAgICAgICAgIAogICAgICAgICAgICAgICAgICAgICAgICAgICAgICAgICAgICAgICAgICAgICAgICAgICAgICAgICAgICAgICAgICAgICAgICAgICAgICAgICAgICAgICAgICAgICAgICAgICAgCiAgICAgICAgICAgICAgICAgICAgICAgICAgICAgICAgICAgICAgICAgICAgICAgICAgICAgICAgICAgICAgICAgICAgICAgICAgICAgICAgICAgICAgICAgICAgICAgICAgICAKICAgICAgICAgICAgICAgICAgICAgICAgICAgICAgICAgICAgICAgICAgICAgICAgICAgICAgICAgICAgICAgICAgICAgICAgICAgICAgICAgICAgICAgICAgICAgICAgICAgIAogICAgICAgICAgICAgICAgICAgICAgICAgICAgICAgICAgICAgICAgICAgICAgICAgICAgICAgICAgICAgICAgICAgPD94cGFja2V0IGVuZD0ndyc/Pv/bAEMAAwICAwICAwMDAwQDAwQFCAUFBAQFCgcHBggMCgwMCwoLCw0OEhANDhEOCwsQFhARExQVFRUMDxcYFhQYEhQVFP/bAEMBAwQEBQQFCQUFCRQNCw0UFBQUFBQUFBQUFBQUFBQUFBQUFBQUFBQUFBQUFBQUFBQUFBQUFBQUFBQUFBQUFBQUFP/AABEIAScBIwMBIgACEQEDEQH/xAAfAAABBQEBAQEBAQAAAAAAAAAAAQIDBAUGBwgJCgv/xAC1EAACAQMDAgQDBQUEBAAAAX0BAgMABBEFEiExQQYTUWEHInEUMoGRoQgjQrHBFVLR8CQzYnKCCQoWFxgZGiUmJygpKjQ1Njc4OTpDREVGR0hJSlNUVVZXWFlaY2RlZmdoaWpzdHV2d3h5eoOEhYaHiImKkpOUlZaXmJmaoqOkpaanqKmqsrO0tba3uLm6wsPExcbHyMnK0tPU1dbX2Nna4eLj5OXm5+jp6vHy8/T19vf4+fr/xAAfAQADAQEBAQEBAQEBAAAAAAAAAQIDBAUGBwgJCgv/xAC1EQACAQIEBAMEBwUEBAABAncAAQIDEQQFITEGEkFRB2FxEyIygQgUQpGhscEJIzNS8BVictEKFiQ04SXxFxgZGiYnKCkqNTY3ODk6Q0RFRkdISUpTVFVWV1hZWmNkZWZnaGlqc3R1dnd4eXqCg4SFhoeIiYqSk5SVlpeYmZqio6Slpqeoqaqys7S1tre4ubrCw8TFxsfIycrS09TV1tfY2dri4+Tl5ufo6ery8/T19vf4+fr/2gAMAwEAAhEDEQA/AP1TooooAKKKKACiiigAooooAKKKKACiiigAooooAKKKKACiiigAooooAKSlpppALmgtTGbbXL+IfiRo/h4tG8xubkHHkwDcQfc9B+JrzsdmOEy2n7XF1VBeb/q5tRo1K8uWlFtnVbqTefSvGtS+NmoTMRZWMNunrMS7f0rGk+K3iSRuL1Yx6LEv9RX5tifE7IcPLlg5T9F/m0e7TyDGTWqUfV/8Oe/7/alFeHaL8S/FF/qEFrC8N1NK21VkiAB9+Men6V7XZ+d9lj+0bfO2/Ps6Z9q+t4f4lwnEdOdTCRklHurfqzzcZgauBaVVrXsT0UUV9cecFFFFABRRRQAUUUUAFFFFABRRRQAUUUUAFFFFABRRRQAUUUUAFFFFABRRRQAUUUUAFFFFABRRRQAU3vTqa1IDA8a2eoX+gXMWmT+RckcEdWHdQe1fOcyNHM6SKyyKxDq2cg+/vX1TtryP4xeERBIutWyYRyEuAvr2b+lfhniZw9VxuGWZ0G26a96PS3dLy6n1mQ42NGp9Xmvi6nl9FFFfyztY/RH2PSPgnpiXWrX94wy1vGqL7bic/j8v617MowteT/AuQbtYTv8Auj/6HXrNf2f4dU4U+HaDjvLmb9eZo/LM7k3jp36W/IWiiiv0s8IKKKKACiiigAooooAKKKKACiiigAooooAKKKKACiiigAooooAKKKKACiiigAooooAKKKKACiiigApO9LRQAm2qWr6bFq2n3FnOMxTIUb8R1q9TWG6satKFanKnNXTVmioycWpI+WtSsZNLv57SUYkhkMZ+oNVq7z4w6R9g8SJdquEuogxPqy8H9Nv51wf3ePTiv4Kz7LnlOZVsG/sN29Ht+B+w4Kv9aw8KnVo774M3/wBn8TS25OBcQEAf7QIP8s17iv3RXzN4T1T+xvEen3edqpKA3+6eD+hNfTEbBkBHQ81/SXhZjlXymeFe9OX4PX87nwvENFwxSqfzL8UOooor9pPlgooooAKKKKACiiigAooooAKKKKACiiigAooooAKKKKACiiigAooooAKKKKACiiigAooooAKKKKACiiigApDS03vQB518atN+0aBbXYGTbTcn0Vhj+e2vFvr1r6R8caf/AGn4V1K327j5LOB7jkfqK+bq/kzxTwP1fN4YhbVI/inb8rH6Nw7W58M6f8r/ADDOM8ZNfRvgHWRrXhWwnLbpVTy5D/tLwT+PX8a+cuK9O+CuueVdXmlSNgSgTRZ9Rw36Y/I1x+GmbLL84+rzdo1Vy/Pdf5fM1z7DuthPaR3hr/mew7qKaOlOFf1+fmgtFFFABRRRQAUUUUAFFFFABRRRQAUUUUAFFFFABRRRQAUUUUAFFFFABRRRQAUUUUAFFFFABRRRQAUUUUAFJS03vQBFcKJYZEblSpB/KvldhtYj0OK+oNYvl03S7u6bhYYmc/gCa+XmJY5PU81/Nvi7KDnhIrdc36H3PDSdqr6afqFX9B1Z9C1i1v0yTDICVH8QPBH4jNUKP/1V/P8Ah69TDVoVqTtKLTXqj7OpCNSLhLZn1Dpeow6xp8F3bOHhmUOrCry9K8k+CuvHfeaTI+ePPhU9ucMB+h/OvW16V/dfDecRz7LKWNSs3o12a0Z+Q47CvB4iVJ/0haKKK+nOEKKKKACiiigAooooAKKKKACiiigAooooAKKKKACiiigAooooAKKKKACiiigAooooAKKKKACiiigApp606mnrQBwvxa15NL8NyWgI8+8+RVzzt6t+nH414X04/CvQPjST/wAJPbAn/l1XA7ffb/P4V59X8ZeIeYVMdntWE1ZU7RX5/qfqGR0VSwikt5ai0UUV+ZH0G2qNzwTqX9k+KtNnJwvmhW57N8p/nX0krfKK+UlYqwI4IPBr6i0u6F9plrcA5EsSuD9QDX9LeEuNcqGJwcvstSXz0f5I+C4kpJVIVF10LPmgkjjI9/8AP+TTxWFqF/8A2PrVl5jYtr0+QfRZQMqfxGR+C1uJjbx0r96pYiNWc6a+KLs1+J8fKLik+jHUUUV1EBRRRQAUUUUAFFFFABRRRQAUUUUAFFFFABRRRQAUUUUAFFFFABRRRQAUUUUAFFFFABRRRQAU006msaTA8M+Mkobxcg6+XbKD/wB9Mf61wldP8TLz7Z4z1LByqFYx+CgH9c1zFfwhxVXWIzzFzT052vu0P17LYezwlKL7BRRRXyp6QbtvNfR3gOUy+D9Jyc4gVM/QY/pXzjX0N8NM/wDCE6Xnrsb/ANCNfuXhNNrNK8OnJ+qPkeJF+4g/P9BfiNYm88J3zKSs1uBPGw6qyHdkflVvwb4gHiHw7a3gwZSu2QejDg/4/jWjqlqLzTrqFhlZI2U/iMV5R8FdaMOoXmlu3yzKJYwf7w4P5jH5V+y4/Hf2XxHhoy+HERcf+3ou6f42PlaNF18DUkt4O/yZ7FupaaPanCv0I8cWiiimAUUUUAFFFFABRRRQAUUUUAFFFFABRRRQAUUUUAFFFFABRRRQAUUUUAFFFFABRRRQAVDcSLDG7sdqqCST6YqauT+JmrjSfCN6QcSTL5Cf8C4P6ZNeZmeMjgMFWxU9oRb/AAN6FN1qsaa6s8F1S8OpaldXR/5bStJz7kmqtB6miv8AP6vVdarKpLdu5+zRioRjFdEFFFFYlgenWvo74fx+X4P0sYxmIN+fP9a+cf1r6f0S1+waPZW3QxQon5KBX754S0HLF4mt0UUvvf8AwD43iSa9nTh5lxslG9MV82+F9S/sfxVY3QO1VmCsf9ljtP6E19G384tbGeUnARCx/AV8tbvmyfXNe74oYv6risvqRfvQbf4xOLIKftKdeL2aS/M+q16Zp4qhoV5/aGi2VwessKP+ag1fWv3qhUValGpHZpM+QlHlk4sWiiityQooooAKKKKACiiigAooooAKKKKACiiigAooooAKKKKACiiigAooooAKKKKACkJpaa1ACF/avGvjPrwvNUttMjb5bceZIP8AaPT8h/OvWNY1KHRtNuLydtsUKFz7+1fNGpahLql/cXcxzLM5dvxr8Q8UM6WFwEMtg/fq6v8Awr/gn1XD+FdWs6zWkfzZWooor+VD9GCiiigDU8L6adW8Q6fahdwkmXcP9kHJ/QGvplV+77V4t8F9H+1a5cX7L8ltHsU/7bf/AFgfzr2k5yK/rPwuy6WFymeKktasnb0Wn53PzfiGsqmKVJfZX4/1Y5/x9ff2f4Q1OTOC0RjH1b5f6184+/417J8a9UEOl2dgrYa4k3sP9lR3/Ej8q8c6+1fmPihj1iM5jh4PSlFL5vV/hY9/h+k6eEdR/aZ9GfD6QzeD9LYnpEF/LI/pXSVy/wANVK+CtMz/AHCf/HjXTjpX9MZE3LKsM3/JH8kfBYvTEVPV/mLRRRXunKFFFFABRRRQAUUUUAFFFFABRRRQAUUUUAFFFFABRRRQAUUUUAFFFFABRRRQAU1j14p1c/408Tw+FdGlunOZm+WFP7zEcfgOprjxmLo4HDzxNd2jFXbNKdOVWahBXbPP/jJ4p86aPRrd/ljxJPg9/wCFf615fUt1dS3lxLNOxeWRizsepJqKv4W4izmrnuYVMZU0u7Jdktj9dwOEjg6EaS36+oUUUV80d4UdqP0FdZ8NvDB8ReIEaRd1pakSy56E/wAK/iRz7CvUyvAVs1xlPB0FdzaX9ehzYivHD0pVZ7I9Y+HPh86B4Xt43XbcTfvpBjnJ6D8BgfhXUElR7Uq/d44Fc5488RDw34duLhWxcOPLhH+0Rwfw6/hX9zRjh+H8rs3anRj+SPySTqY3EX+1N/meP/ErXBrniu6KHdBb/uEx/s9f/Hif0rle+aVmLMSSSfU9adbwtcXEcSDLSMEA9STgCv4ex+MqZrmFTEz+KpK/3n6zRpRwtBQW0V+R9HeBYPsvhLSoyMf6Oh/MZ/rW9Veytha2sMKjCxoFH0AqxX95ZfR+r4SlR/lil9yPx+rP2lSUu7YtFFFd5kFFFFABRRRQAUUUUAFFFFABRRRQAUUUUAFFFFABRRRQAUUUUAFFFFABSZpailkWNWZ2wq8kngCplJRV3sBFfX0OnWslxcOscMY3M7HgAV89eNvFk3izWHnO5LaP5YI/7o9T7n/D052fiV4+PiK4NhZPjT4W+Zh/y1I7/T0/P6cLX8p+IPGH9q1XluCl+5g9X/M/8kfomS5Z9XX1isveey7BRRRX4mfWBRRRTSctEIktbWa9uI4IFLzSMFVV5JJ9PevonwX4Xi8L6LHbLgzt88sg53N9fQdK5j4X+A/7JhXVb9MXkg/dRt1jUjqfc16OvQGv6s8OuFHllD+0sXG1Wa0XaL/Vn51neZLEz9hSfuL8WIzbFyTxXgfxO8U/8JFrjRQvm0tSY0weGb+JvzHH0rvvip40/sXTzp1rJi9uFwxU8xp3P1rxGvm/EziZStkuGltrNr8I/q/kd2QYB/71UXp/mFdN8N9L/tXxhYIV3JExnb6L0/XFc1XrfwU0Xy7e91N15kbyYjjsOT+uPyr8s4Myx5pneHorVJ8z9I6/ifQ5tXWHwk31en3nqK9BThTc/KPWnLX9xo/JhaKKKYBRRRQAUUUUAFFFFABRRRQAUUUUAFFFFABRRRQAUUUUAFFFJ60gCkzRVTUdUtdJs5Lq7mSCFBy7HFZ1KkKMHUqO0Vu2VGLk7JXZZmnWBGdyFVRkljgAeteLfEX4jnW3fT9McrYg7ZZl4MvsPaqPjv4j3HiaR7S03W+mg4I6NL/ve3t+fpXFV/MXGvH/ANeUsuyuVqe0pdZeS8vzPvcpyb2Vq+JXvdF29Q9KKKK/B9z7EKKKltLOe/uI4LaJpp5DhY0GSa0p05VZKFNNt9hSairtkX05PpXq/wAOPhsY2j1TVovm4aC3ft/tEevoK0/Afwui0cx32qhZ70cpF1WL/E/5969C9gK/pPgrw/8Aq7jmOax97eMO3nLz8vvPg82zpVL0MM9Or7+gBccdqwPGXiy28J6a80hD3DjEMXdm/wABU/ijxRZ+F9Pa5un+Y8Rxr9529BXz94h8QXXibUpLu7fJbhUB4RewFfXcbcYUsgw7wuGd68lp/dXd/ojzMryyeMn7SekF+JV1LUJ9WvZru6fzJpW3M38h9KrUep6miv4/q1JV5yqTd23dt7n6dGKiuWC0RLa2sl7cxW8Sl5JXCKo7knj+dfS3h3RU0PRbSyQjEMYBIHU9SfzzXlXwf8M/btSfVpk/c2vyxZ6Fz1P4D+ftXtI6V/UXhfkcsLg55pWVpVdI/wCFdfm/yPz7iDGKrVVCO0d/UAtLRRX7mfJBRRRQAUUUUAFFFFABRRRQAUUUUAFFFFABRRRQAUUUUAFN3Dn2p1Rs2D0JoAeGBpCRWTrninTPDsPmX10kRP3Y+rt9FHNeUeKPi5eanvh0tDY254Mh5kb3/wBn+f0r4vPOLcryKLWIqXn0itX/AMD5np4TLsRjH+7Wnd7Honi74gab4XRo2f7TekfLbRnn8T2FeJ+JPFl/4ouhLdy4jX/VwpkKn09/esh5HkZndi7McszHJJ9c02v5e4k41zDiFuD9yl/Kn+b6n6FgMpo4JKW8+/8AkFFH8vrS/T1xX54k29D29bXYmKK6bQPh3rWvkMls1rb95rgFR+A6mvUPDXwp0rRds1yP7QuR/FKPkH0X/HNfoGR8DZvnTU1D2dN/alp9y3Z4eLzfDYXS/NLsjzHwv8PdU8TMrhDa2eeZ5Rj/AL5HU/yr2fwv4L0/wrBi2j3XDDD3D8u349h7VtrGI/lVQFHQChpBHGWYhQOSScYr+leHuC8t4diqqXPUX2n+i6f1qfB43NK+OdnpHsO6cVznjDxvY+E7U+YfOu2H7u3Q/Mfc+g965nxl8WoLHzLXSCtxcdDcHmND7ep/SvIry9n1C5e4uZWmmc5Z3OT/APWr5TivxEw+XKWEytqdXZy+zH/NnpZbklSu1UxC5Y/iy3r2v3niTUGu7yTex4VR91R6D/PWs6iiv5dxGIq4qq69eTlJu7b3P0KnThSjyQVkgq3pOlz61qMFjbDdLM20e3qfwGTVTFe2fCvwb/YtidSuk23lyvyKw5jT6ep4z9AO1fU8KcPVeIcwjQStTWsn2X+b6HnZljlgaDl9p7HYaDo8Og6Tb2MC/u41xnH3j3P51pr0ptOr+36FGGHpRo01aMVZeh+TSk5ycm9WLRRRXQSFFFFABRRRQAUmaWqGratbaLZS3d3J5UEYyW6/gPesqtWFGDqVJWitW2VGLk1GK1ZezSbq5CH4qeGpyP8AiYbD6NE+PzxWxp/irSdWcLa6hbyueiBxu/LrXkUM8yzFS5aGJhJ9lJHRPC16fxwa9Ua4PrRu/KmhgehyPY0jOEzkhR6mvaUk1c5STNGapyarZwjMl1EmP7zgVn3HjLRrbJe+jOP7gLfyFctXGYej/EqJerRpGnOXwps3abu9q5G4+J+jw5Mf2m4P/TO3f+oFY138W5myLHQLyZu3mDb+gBrwcRxRlOG+Ksn/AIby/JM66eAxNTaH36fmej7vamS3CQxl5GVFHJLHArx298deNNQyttpk1qp6eVaOT+bA/wAqwLrQPF2vNuura/uT1AnyB+RxXx2M4/ik45fg6lV9HytL9X+B6dLJ29atWMfmrnq2tfFLQtIUqtz9sm7R2/zfr0rzzxB8X9V1PdHYounRHglTuk/PoPy/GqFv8K/Etx1slhH/AE0lXH5AmtK1+CusyEedc2sK+xZiPwx/Wvz3MM043zy8KOHlSg+iXL+L1/I9ujh8owms6ik/W/4I4O4uJbqYyzySTSN1dyST+NR163Z/A2Af8fWqSSf7MUQX9STXQaf8JfD1mB5lvJdMO80h/kMD9K+eoeGvEGMlzV1GF/5pX/K53Tz7BU1aF36L/M8FVGZgqqxY9AAc1vaX4E13WMGDT5VT+/MPLX9etfQGnaDp+krttLOC3/65xgH9BV7AHSvucB4TUYtSx2Ib8oq34v8AyPIrcSTf8GFvU8k0f4JyvhtSvhH6x2wyf++j/hXeaH4F0XQNrW1mjTDrNJ8zfmen4Vv8fUVDdXkFjE0s80cMY6tIwUV+oZdwrkeSx56VGKa+1LV+t2fPV8wxWKdpzevREvy9OlGRzXD658XNG0vclqW1CYdRFwo+rH+ma848Q/E3Wde3IsosrY/8soOCfq3U/pXk5vx/kuUpwhP2k10jr+Ox04bJ8VidXHlXd/5HrHiT4haT4bVlkm+0XI/5YQncc+hPQfjXkPij4hap4mLRs/2WzPS3iOMj/aPf+Vcw2WbcSS3cnqaK/nniHjzM89vSi/ZUv5Y9fV9T7bBZPh8JaT96Xdh+HtRRRX5tc94KKOTXWeAfA8viu+EkwaPToj+8k6bz/cH9a9XLctxObYqGEwsbyl/V2c+IrwwtN1arskavwv8AAp1i6TVL2P8A0KFsxow4kYevsP5ivbFUbRiobS1jsraOCFFiijG1VXoAKsL0r+1+GeHqHDuBWGpayesn3f8Al2R+UY7GTxtV1JbdBNvvS0tFfXHnBRRRQAUUUUAFFFFADS2O1eLfGHxI19qy6TE/7i3w0mOMue34D+Zr2dlyevNeM/Ef4e3Vjc3esWjtc28jtLMhGWiJ7+6j9K/LfESOYVMmlDAxbV/ftuo/1ue/kvsFik6z9PU86z+P4mk6dPrR04PFFfx1zSi7pn6hbubGm+MNa0nH2XUrhFHRWbcv5HIrptP+M2sW2Bcw292vc7Sjfpx+lcDRX0WC4lzjL9MNiZJdr3X3PQ4auAwtb46aPYrH43WEgH2vT54j3MbCQf0rds/ij4bu8A3vkt6Sxsv64xXgGB/kUf56mvt8N4m53RS9ry1PWP8AlY8ipw/hJO8br+vM+lrXxRot5xDqNnIx/hEq5/LNaSTQyKCjowPoc18r/jTo5XjbcjsreqnBr6ah4sTX8bBp+krfozz5cNp/DV/A+qgU7EUfL6ivl+PWtRj+5f3Kf7srD+tTL4n1lemrXw/7eH/xr14eLOE3nhWvmjmlw3W6TX3H01xjGRQNvTIr5nPinWTwdWvf/Ah/8aik8QapJw+pXbj/AGp2P9a0fi3g0tMNL70T/q3W6zR9OmVFHLAD3OKo3XiHTLH/AI+L62h/35VH8zXzNNeT3H+tnkk/3nJqL8eK8yv4uS2o4S3rL/gHTHhtfaq/h/wT6EvPib4dset+srdliUvn8hXO6h8brOMEWenzTn1lIjH9a8d/l7DFH+egr5TGeJ+eYhWpctP0X+dz0aXD+Eh8V5fP/I7fVPi9rt8CsBhsUP8AzyTLfma5K/1S81STzLu6muX7GRy2PpnpVWivz7H57meZu+Lryl5X0+7Y9ujg8Ph9KUEhOPT/AA/Kloorwbs7AooooAKP0+tB45JrtfAvw4n8SSrc3qtb6aDn5hhpcdh7e9exlWU4rOcTHC4SHNJ/cvN+Ry4jE0sJD2lZ2RS8EeBbnxZdBmDQ6ep/ey4+9/sj3r3vTNMg0uzitrZFihjG1VX/AD1p1jYQ6dapb28axRRjCqowBVlF2qBX9i8K8KYbhvD6e9Vl8Uv0XkfmGYZhUx1S70itkAXilFLRX3p5AUUUUAFFFFABRRRQAUUUUAJtqOSINweh6j1qWmtUtJqz2A8E+JXg3/hGdUE9sm2xuSSgUcI3dfp6e30rjK+m/EOh2/iLS57G5XKSLw3dT2I96+c9c0W58P6pPY3S7ZIzkH++vZhX8ieIHCzybFvGYZfuajv/AIZdV/l9x+lZLmH1ml7Go/fj+KKFFFFfkR9MFFFFAahRRRSAKKKKACiiimAUUUUgCiiigAooooAKKKMZpgH14FOjjaZ1RFLuxwqqMkn0HvWt4d8J6j4on8uyhPlg4e4bhE/H19hzXtXg/wCHmn+F0Eu37Re4+adx0/3R2/nX6Hw3wVmHEE1NJwpfzP8ARdTxMfm1HBKyd5dv8zkvA/wnJMd9rS4wQyWn9X/wr1aOFY41RFCKvAUDgU7bTl+7X9ZZHw/gcgoewwcLd31fq/0PzfFYyrjJ89V/LsJtHFLS0V9KcQUUUUAFFFFABRRRQAUUUUAFFFFABSHNLRQA3b681zPjfwXbeLbEqx8m7j5imx0Pofauopjda4MfgcPmWHnhsVHmhLdf11NaVWdGanTdmj5f1bR7vQ76S0vIWhmTt6j1HqPeqVfSfibwrYeKLPybyP515jmXhkPqD/TpXifir4f6l4XdpGQ3Flni4jBOB/tDnH8q/krirgTGZJOWIwqdSg+q3j6/5n6Rl2cU8UlCo+Wfn19DmKKPfp9aK/KWrH0YUUUUgCiiigAooooAKKKKPIAoo/lRTt2EFGPzrR0nw9qOuyBLG0kn5wWA+UfVugr0Xw/8FukmsXOfWC3OPwLen+c19bk/C2a5219Uovl/mei+/wDyPNxOY4bCr95LXt1PM9P0u71a4W3s7eS4mboiLn8/T6nAr07wr8G1XZPrbiQ/8+sZ4+jH+gr0fSdEsdFtxDY2sdvH3EY6+5Per+2v6E4f8NMDl9q2YP2tTt9lfLr8/uPisbntbEXjR92P4kFnYQWFukNvGsMSjAVBgCrG2lor9lhThTioQVkuh8w227sTFHSlorQQUUUUAFFFFABRRRQAUUUUAFFFFABRRRQAUUUUAFIVzS0UAJtpjxCRSrAEHqCKkpKmSTVmBwviL4T6VqxeW1zp9wf4oR8h+q9PyxXnWsfCvXdLy0cK30Q53W5ycf7p5/LNe/Nj8abxuIr84zfgHJc2bqcns5vrHT8Nj3MNnGKwysnddmfLFxazWshSeGSFx1V0IP61FX1Nc2NveIUngjmX0kQEVhXfw58O3h+fTIl/65kp/Iivy3GeEmKi/wDZMSpL+8mvyufQ0uJKbX7ym16a/wCR87UV7tJ8HdAkztWeP/dl/wARVZvgrom7/X3f/fxf/ia+el4X57HRcj+f/AOxcQYPz+7/AIJ4lR+Fe5xfBvQo/vfaZf8Aelx/ICtG1+F/hu15GnrI3rI7N+hOK6KPhXnM/jnCPzf+RMuIsKtk3/XqfPfXFaun+FNX1XH2XTriQHoxQqv5nj9a+ibHw/pumf8AHrZW9v7xxgH+VXtg3ZA4r6rB+EkE1LF4n5RX6v8AyPNq8SStalT+88V0n4Mapd4a9uIbJfRf3jj+n613Gi/CfQ9N2vLE19KOd1wcj/vkcfnmuzxTl6V+l5ZwPkWWWdOjzyXWWv4bfgeDXzbF4jSU7Ly0IobWO3jCRIsaL0VVAAqTZTqK+8jCMFyxVkeTvuN20oGKWirEJRS0UAFFFFABRRRQAUUUUAFFFFABRRRQAUUUUAFFFFABRRRQAUUUUAFJRRQAY96NtFFACbaXbRRQAYoxRRQAm2lAoooAWkxRRQAbaWiigAooooAKKKKACiiigAooooAKKKKACiiigAooooAKKKKACiiigAooooA//9k=', '', '#BD2E9D', '2018-06-30 00:00:00', 'admin', 'local', '2018-10-23 14:45:22', 'admin', 'smi.alianzacacaoperu.org', 1, 0, '2018-10-05 17:20:31', '2018-10-23 19:45:22', 'be21c15b-348d-11e9-869a-000d3a033fcb', NULL),
(6, NULL, 'Producción', 'Production', '1', 0, 1, NULL, '5', 'NULL', 'NULL', NULL, NULL, '#BD2E9D', '2018-06-30 00:00:00', 'admin', 'local', '2018-10-05 12:20:31', NULL, NULL, 0, 0, '2018-10-05 17:20:31', '2018-10-05 17:20:31', 'be22f8e0-348d-11e9-869a-000d3a033fcb', NULL),
(7, NULL, 'Mantenimiento', 'Maintenance', '1', 0, 1, NULL, '5', 'NULL', 'NULL', NULL, NULL, '#BD2E9D', '2018-06-30 00:00:00', 'admin', 'local', '2018-10-05 12:20:31', NULL, NULL, 0, 0, '2018-10-05 17:20:31', '2018-10-05 17:20:31', 'be242844-348d-11e9-869a-000d3a033fcb', NULL),
(8, NULL, 'Areas Protegidas', 'Protected areas', '0', 1, 0, NULL, NULL, 'NULL', 'NULL', NULL, NULL, '#BD2E9D', '2018-06-30 00:00:00', 'admin', 'local', '2018-10-05 12:20:31', NULL, NULL, 1, 0, '2018-10-05 17:20:31', '2018-10-05 17:20:31', 'be253006-348d-11e9-869a-000d3a033fcb', NULL),
(9, NULL, 'ANP nacional', 'National PNA EN', '2', 0, 1, '1', '8', 'NULL', 'ANP nacional.geojson', NULL, '', '#4d9f67', '2018-06-30 00:00:00', 'admin', 'local', '2018-11-14 19:26:38', 'admin', 'smi.alianzacacaoperu.org', 1, 0, '2018-10-05 17:20:31', '2018-11-15 00:26:38', 'be2643d2-348d-11e9-869a-000d3a033fcb', 1),
(10, NULL, 'ANP privada', 'Private PNA', '2', 0, 1, NULL, '8', 'NULL', 'ANP privada.geojson', NULL, NULL, '#BD2E9D', '2018-06-30 00:00:00', 'admin', 'local', '2018-10-05 12:20:31', NULL, NULL, 1, 0, '2018-10-05 17:20:31', '2018-10-05 17:20:31', 'be272b35-348d-11e9-869a-000d3a033fcb', 1),
(11, NULL, 'ANP regional', 'Regional PNA', '2', 0, 1, NULL, '8', 'NULL', 'ANP regional.geojson', NULL, NULL, '#BD2E9D', '2018-06-30 00:00:00', 'admin', 'local', '2018-10-05 12:20:31', NULL, NULL, 1, 0, '2018-10-05 17:20:31', '2018-10-05 17:20:31', 'be286ef3-348d-11e9-869a-000d3a033fcb', 1),
(12, NULL, 'Zona de amortiguamiento', 'Buffer Zone', '2', 0, 1, NULL, '8', 'NULL', 'Zona de amortiguamiento.geojson', NULL, NULL, '#8BA9C8', '2018-06-30 00:00:00', 'admin', 'local', '2018-10-05 12:20:31', NULL, NULL, 1, 0, '2018-10-05 17:20:31', '2018-10-05 17:20:31', 'be29a52d-348d-11e9-869a-000d3a033fcb', NULL),
(13, NULL, 'Catastro Forestal', 'Forest Cadastre', '0', 1, 0, NULL, NULL, 'NULL', 'NULL', NULL, NULL, '#BD2E9D', '2018-06-30 00:00:00', 'admin', 'local', '2018-10-05 12:20:31', NULL, NULL, 1, 0, '2018-10-05 17:20:31', '2018-10-05 17:20:31', 'be2a92f0-348d-11e9-869a-000d3a033fcb', NULL),
(14, NULL, 'Bosques de producción permanente (BPP)', 'Permanent Production Forests (PPF)', '2', 0, 1, '1', '13', 'NULL', 'BPP_proy.geojson', NULL, NULL, '#BD2E9D', '2018-06-30 00:00:00', 'admin', 'local', '2018-10-05 12:20:31', NULL, NULL, 1, 0, '2018-10-05 17:20:31', '2018-10-05 17:20:31', 'be2bd5b5-348d-11e9-869a-000d3a033fcb', 1),
(15, NULL, 'Concesiones Maderables', 'Timber Concessions', '2', 0, 1, '1', '13', 'NULL', 'Conc_Maderable_proy.geojson', NULL, NULL, '#BD2E9D', '2018-06-30 00:00:00', 'admin', 'local', '2018-10-05 12:20:31', NULL, NULL, 1, 0, '2018-10-05 17:20:31', '2018-10-05 17:20:31', 'be2cca07-348d-11e9-869a-000d3a033fcb', 2),
(16, NULL, 'Conservación', 'Conservation', '2', 0, 1, '1', '13', 'NULL', 'Conc_conservacion_proy.geojson', NULL, NULL, '#BD2E9D', '2018-06-30 00:00:00', 'admin', 'local', '2018-10-05 12:20:31', NULL, NULL, 1, 0, '2018-10-05 17:20:31', '2018-10-05 17:20:31', 'be2dd932-348d-11e9-869a-000d3a033fcb', 1),
(17, NULL, 'Ecoturismo', 'Ecotourism', '2', 0, 1, '1', '13', 'NULL', 'Conc_Ecoturismo_proy.geojson', NULL, NULL, '#BD2E9D', '2018-06-30 00:00:00', 'admin', 'local', '2018-10-05 12:20:31', NULL, NULL, 1, 0, '2018-10-05 17:20:31', '2018-10-05 17:20:31', 'be2ecf8e-348d-11e9-869a-000d3a033fcb', 2),
(18, NULL, 'Manejo de Fauna', 'Wildlife Management', '2', 0, 1, '1', '13', 'NULL', 'Conc_Fauna_proy.geojson', NULL, NULL, '#BD2E9D', '2018-06-30 00:00:00', 'admin', 'local', '2018-10-05 12:20:31', NULL, NULL, 1, 0, '2018-10-05 17:20:31', '2018-10-05 17:20:31', 'be2fe280-348d-11e9-869a-000d3a033fcb', 2),
(19, NULL, 'Bosque local', 'Local forest', '2', 0, 1, '1', '13', 'NULL', 'Bosques locales_proy.geojson', NULL, NULL, '#BD2E9D', '2018-06-30 00:00:00', 'admin', 'local', '2018-10-05 12:20:31', NULL, NULL, 1, 0, '2018-10-05 17:20:31', '2018-10-05 17:20:31', 'be30d4ba-348d-11e9-869a-000d3a033fcb', 1),
(20, NULL, 'Reforestación', 'Reforestation', '2', 0, 1, '1', '13', 'NULL', 'Conc_Reforestacion_proy.geojson', NULL, NULL, '#BD2E9D', '2018-06-30 00:00:00', 'admin', 'local', '2018-10-05 12:20:31', NULL, NULL, 1, 0, '2018-10-05 17:20:31', '2018-10-05 17:20:31', 'be31c351-348d-11e9-869a-000d3a033fcb', 2),
(21, NULL, 'Capacidad de Uso Mayor', 'Greater Use Capacity', '0', 1, 0, NULL, NULL, 'NULL', 'NULL', NULL, NULL, '#BD2E9D', '2018-06-30 00:00:00', 'admin', 'local', '2018-10-05 12:20:31', NULL, NULL, 1, 0, '2018-10-05 17:20:31', '2018-10-05 17:20:31', 'be32b3c5-348d-11e9-869a-000d3a033fcb', NULL),
(22, NULL, 'Capacidad de Uso Mayor - Huánuco', 'Greater Use Capacity - Huánuco', '2', 0, 1, NULL, '21', 'NULL', 'Capacidad Uso Mayor_Huanuco.geojson', NULL, NULL, '#BD2E9D', '2018-06-30 00:00:00', 'admin', 'local', '2018-10-05 12:20:31', NULL, NULL, 1, 0, '2018-10-05 17:20:31', '2018-10-05 17:20:31', 'be33b265-348d-11e9-869a-000d3a033fcb', NULL),
(23, NULL, 'Capacidad de Uso Mayor - San Martín', 'Greater Use Capacity - San Martín', '2', 0, 1, NULL, '21', 'NULL', 'Capacidad Uso Mayor_San Martin.geojson', NULL, NULL, '#BD2E9D', '2018-06-30 00:00:00', 'admin', 'local', '2018-10-05 12:20:31', NULL, NULL, 1, 0, '2018-10-05 17:20:31', '2018-10-05 17:20:31', 'be34dda8-348d-11e9-869a-000d3a033fcb', NULL),
(24, NULL, 'Capacidad de Uso Mayor - Ucayali', 'Greater Use Capacity - Ucayali', '2', 0, 1, NULL, '21', 'NULL', 'Capacidad Uso Mayor_Ucayali.geojson', NULL, NULL, '#BD2E9D', '2018-06-30 00:00:00', 'admin', 'local', '2018-10-05 12:20:31', NULL, NULL, 1, 0, '2018-10-05 17:20:31', '2018-10-05 17:20:31', 'be366432-348d-11e9-869a-000d3a033fcb', NULL),
(25, 'M039', 'CUM agrícola-Huánuco-Leoncio Prado', 'Greater Agricultural Use Capacity Huánuco-Leoncio Prado', '2', 0, 1, NULL, '21', 'NULL', 'CUM_agricola_Hco_prov_LeoncioPrado.geojson', NULL, NULL, '#BD2E9D', '2018-06-30 00:00:00', 'admin', 'local', '2018-10-05 12:20:31', NULL, NULL, 1, 0, '2018-10-05 17:20:31', '2018-10-05 17:20:31', 'be377706-348d-11e9-869a-000d3a033fcb', NULL),
(26, NULL, 'Capacidad de uso mayor agrícola - San Martín', 'Greater agricultural capacity - San Martín', '2', 0, 1, NULL, '21', 'NULL', 'CUM_agricola_San Martin_proy.geojson', NULL, NULL, '#BD2E9D', '2018-06-30 00:00:00', 'admin', 'local', '2018-10-05 12:20:31', NULL, NULL, 1, 0, '2018-10-05 17:20:31', '2018-10-05 17:20:31', 'be3878fd-348d-11e9-869a-000d3a033fcb', NULL);
INSERT INTO `seccion` (`id`, `codigoGIS`, `nombre`, `nombreIdioma`, `idTipoGeoData`, `menuCategoria`, `menuAccion`, `idTipoAccion`, `idSeccionPadre`, `geoJsonData`, `geoJsonFile`, `logo`, `marker`, `color`, `fechaCrea`, `usuarioCrea`, `terminalCrea`, `fechaCambio`, `usuarioCambio`, `terminalCambio`, `activo`, `eliminado`, `created_at`, `updated_at`, `codigoSeccion`, `idTipoInfra`) VALUES
(27, NULL, 'Capacidad de uso mayor agrícola - Ucayali', 'Greater agricultural use capacity - Ucayali', '2', 0, 1, NULL, '21', 'NULL', 'CUM_agricola_Ucayali_proy.geojson', NULL, NULL, '#BD2E9D', '2018-06-30 00:00:00', 'admin', 'local', '2018-10-05 12:20:31', NULL, NULL, 1, 0, '2018-10-05 17:20:31', '2018-10-05 17:20:31', 'be39821a-348d-11e9-869a-000d3a033fcb', NULL),
(28, NULL, 'Ciudades Principales', 'Main Cities', '0', 1, 0, NULL, NULL, 'NULL', 'NULL', NULL, NULL, '#BD2E9D', '2018-06-30 00:00:00', 'admin', 'local', '2018-10-05 12:20:31', NULL, NULL, 1, 0, '2018-10-05 17:20:31', '2018-10-05 17:20:31', 'be3a7ed6-348d-11e9-869a-000d3a033fcb', NULL),
(29, NULL, 'Ciudades Principales', 'Main Cities', '1', 0, 1, '1', '28', 'NULL', 'Ciudades principales.geojson', NULL, NULL, '#BD2E9D', '2018-08-15 00:00:00', 'admin', 'local', '2018-10-05 12:20:31', NULL, NULL, 1, 0, '2018-10-05 17:20:31', '2018-10-05 17:20:31', 'be3bf991-348d-11e9-869a-000d3a033fcb', 3),
(30, NULL, 'Capitales departamentales', 'Departmental Capitals', '1', 0, 1, '1', '28', 'NULL', 'Capital departamental.geojson', NULL, NULL, '#352D03', '2018-08-15 00:00:00', 'admin', 'local', '2018-10-05 12:20:31', NULL, NULL, 1, 0, '2018-10-05 17:20:31', '2018-10-05 17:20:31', 'be3d7346-348d-11e9-869a-000d3a033fcb', 4),
(31, NULL, 'Capitales provinciales', 'Provincial Capitals', '1', 0, 1, '1', '28', 'NULL', 'Capital provincial.geojson', NULL, NULL, '#BD2E9D', '2018-08-15 00:00:00', 'admin', 'local', '2018-10-05 12:20:31', NULL, NULL, 1, 0, '2018-10-05 17:20:31', '2018-10-05 17:20:31', 'be3e9344-348d-11e9-869a-000d3a033fcb', 4),
(32, NULL, 'Capitales distritales', 'District capitals', '1', 0, 1, '1', '28', 'NULL', 'Capital distrital.geojson', NULL, NULL, '#8E8F6C', '2018-08-15 00:00:00', 'admin', 'local', '2018-10-05 12:20:31', NULL, NULL, 1, 0, '2018-10-05 17:20:31', '2018-10-05 17:20:31', 'be3fb4e3-348d-11e9-869a-000d3a033fcb', 4),
(33, NULL, 'Comunidades por Producto', 'Communities by Product', '0', 1, 0, NULL, NULL, 'NULL', 'NULL', NULL, NULL, '#BD2E9D', '2018-06-30 00:00:00', 'admin', 'local', '2018-10-05 12:20:31', NULL, NULL, 1, 0, '2018-10-05 17:20:31', '2018-10-05 17:20:31', 'be416f18-348d-11e9-869a-000d3a033fcb', NULL);
INSERT INTO `seccion` (`id`, `codigoGIS`, `nombre`, `nombreIdioma`, `idTipoGeoData`, `menuCategoria`, `menuAccion`, `idTipoAccion`, `idSeccionPadre`, `geoJsonData`, `geoJsonFile`, `logo`, `marker`, `color`, `fechaCrea`, `usuarioCrea`, `terminalCrea`, `fechaCambio`, `usuarioCambio`, `terminalCambio`, `activo`, `eliminado`, `created_at`, `updated_at`, `codigoSeccion`, `idTipoInfra`) VALUES
(34, NULL, 'Comunidades Cacao', 'Cocoa Communities', '1', 0, 1, '1', '33', 'NULL', 'Comunidades_cacao.geojson', 'data:image/png;base64,iVBORw0KGgoAAAANSUhEUgAAAPUAAACaCAYAAABxEw7qAAAAAXNSR0IArs4c6QAAAARnQU1BAACxjwv8YQUAAAAJcEhZcwAADsQAAA7EAZUrDhsAAAAhdEVYdENyZWF0aW9uIFRpbWUAMjAxODoxMDoyMyAwOTo1OToyN+fgf/IAAP7cSURBVHhe7H0FwGRndfYzM3f8c9lv3SW7m427ExIiuLu7Q1sori1t4acCRYMEJ0iQCCEQd98k6+6f27jcO/M/z3ln1pLspiSFNvTs3m+uvPeV4+e1G6oT8H/wVwMits+/AX+jPCJ+CHYR4Y/n8ySESJ0XBwOTCZrM0rj8bwfVqMojxiOi0us1K1z1qCPMI8S/f776/G8A4eP/4K8GKAK1gMIRwKv7oEY3YUachyfBkNDosMSUnxpqPNyF+/lzgxhUVQxJmOvSPjz4W+O1r2u7f2Dl/trt1P8J9V8RUBRQrhcRrvjwqrRwIZKfJm7txDhGKSBh2u5IPYRqqIbABIhK4FHl488nNGEKaCygTW7IM0LSPjFEQlHEeB7xpags6f9BA/5PqP+KQLxfj9DpDtH2xTyUef2pX/4aF3/ow3jFJz+DW1evI0fwGYXdD9Fuh8M8PdixtVzc6Z8DVBSFGh5Z1aNAk2V3lwPcsmYdshU65lFzyg+AEOv+1wz/F1P/FYHJB91vj4JbINnf/a//iR/cdAuSPb2o5Yto90L4hze8Eq97+rlmFGt8wzMrGKKg8G2LZXWDwq6LPzNcu3otfn3LbXhw23Zs37Qex8+fj3/94AewoKe7keL/QPBXKtRq8qMzZRMZT0ld33BTAxq993/vUnzrN1ejd8pcRDwG1ZE6Ros5tIwP4LvvfhuecdY51kHlkT0kwHX6uMKJw4/uPPkYOgD3TncY3LF+Pb5+2S9w/dq1GK7RFU8l0ZqIobh7N5bPn4cffPRjWNjb4xI3cnG1/uuEvz6hto4Vny13rtz+wHASpQY7JBr3nlJgPcdh/PiBVXj7v34e7a3taAu1o1QtohwrIYYUKhNlxJI+fvKFz+Gkjg6+VKGARVGlGx4h2uq02DUqgOiTEbk1OE94V0dYjW5zgTcTvOE1XOhP/eI3+MpvrkKlkEN7VyfC0Zh1hNWZPsIkI6PjOGrJIlz2iQ9jZpShRaWCmhewvlFE4DlPo+FlNP485eFJoMz/LhADBeE6Aloe3w7YEZDwIUaZCWQQR76R+ikGFOggqOFHl/+GhpBCGvFQDQKkkgm0xKOo+VW0tHdiz8g4vnf5LxsvaeCrIQz80dmTxTSihRNoXljedaR4LoEusF7v+dKX8G+XfofVDqOnrw8ehVZp1GsfNqHnfVroB1avwv/7/g8sT8Xdym9vgGB//rrgr06oXZNjNhYbYeAYoSbXEa6R+jUyRDWCkKT8KQq3r9+EhzduQXt7F+PkCIrFAqb19mHRnDmoVEuo0IvpZIx93R33YOPAEN8gLtx/ptchYXly2EayLEMqMLmWMKpHnvCGL38JX77uWrTPmIl2Kh1ZZg1d1eh+S8gFtNc27NbV1Y2fX3k1blq1nhmoc4/0ZR2bo+1S1zr+WuCvTqjFPFUSOBBzhmmvQj4P/hIT1TCZPEIXNPyUdL4NbnhgJYoUZjF+nQKiI0Y2OGrREUjGoihraCuZwo6xcdz20Gr3UkMeTPAaAv5kgfIUhMxkO3b8+De/jctuvQEd8xajznhfLr9cbikUdcbXa6KgAwWPXjyBXNjDJb+83Hr01bsvS+0q3Dj+iuCvTqhDtA2e4kRSXIJtTGWTGMgoNZ+uOV3UhiX4r8L/hu6JdQMDKEsyWVVrJf8E1TKWz5mH9kQCVeGCQlFPxLF65y57x4EUoLOrT5aMNPNRT3vz6rLrb8Dnr/4l2vpmoq0SR9QP2ww4e9roD6kHVYR5LjdcTQn4m+jpwY0PPYw71m2wfBz8z6fHfwf89Qk16azOE2nyWk1jnB6PKBklBC9gTOcHiDLu/FPgf/r4aInMP5jPo06PRBZP1a3QU6lRUOZ2dKErnbIhrzrbH4rHsWNkpClxxFfghFpy8qeh5xHgZompX4OZsi57BkbxyZ/+EJW+LrRGkujI15DwXX9HhHWuM86OUuG2JtN8W5NEabnt1RAijLfH+fyau+51mRuook9SZf8XwV+dUIsVaqGYeIgMwj864W+N7ltVEzPMkjc4+U8E1zvrjv9JUCHT+1Ufnkf3W4qL8agfkrAC01paMKW9A/VKWSqOOIkgQwUQlJ1QyMNRa57sFmn2trq/BP/2s19gw/g4Olq6aaFrFFh5VCqXKsUscw2d6RYcdeRy1qtiClpuu8YxIsR1pCWFu9auwQRDCgMqIVfrvy746xNq8o/FZaMPYMcvPoTdP/8gMHgvLYFiah5k+CeKFetMahz/kyARiSDhUWT9CgVB7nTd3O0o29xNgWhLpRCqVump+BQzKiVPbXDvOqHWvycXworh+buyfwC/uP8edLf1or1AUWcdsmkfxZiPiHV5UQFRkDva2rBiySIKddGmkNaFZyqoKCvmJWPYPTqCzXv6LW+pINVXulUK4K8FnpJC/Qj68UbTaMqNHLvj59j15fdhynX/iq7rv4TtX3k7Ru78CVJknDhTmKLn4WzUvpcbWRg02OWAeyUek8WSrSw6AFzS/U73f+vxw37Z7HfSAHu4n6u53/PmaYwC0EMXW6FGWFNFKVA1zTCjy9JKTmihWxv4FCJaOI+WspUCFI41WYR4YU7OA9H1wRUQuHv6+2hPDwbDQ0Np/Pi667CrkDW3O1GhlQ6FUYjW6D0FiFBoI3UPhUIeSxfOR3d7O6rVgJR0sXZIBGPo5EU8TORz2LFzp8u0mfljwIF1FO54R41rMouBzuW58fmBLzwGKNHjSvjfBk85oRY9RGz1cRvTMEZGVVZJTyuYuOJvUfvh29E5vgXx9umYmLIMydIAYpe+EZVff8JmUWniAnkdGZ7XRFBaLw2liLSoVRl30mow76BeslIEv7r/QZz+4Q/j+Z/6Z7zkH76A9/7oJ/gN7yk/4y2+HND6VOp8Xxd6rcFHhwWmqZNp9V6gHPWeJoKoQnqmf8ybvrXFxBXdM0TUTUG5eusPcPycGbRsSeZCp5fU9yjgSbkphGQ8iTLdmCBSRmKiiLk9090SKeZfprqzskNl83Z8YUBlKF8ddO2FG00jVZutzMOBSWQMI9kKrr7/IaRS7YiSUD6FWSokVo7bYo0w6Rb4KRTDAc6aNx1TQx7ytRDyMY1isN3q2OR7CbZpvFTA4MS4ZU8fBOFaxOJuA9VTuOGJFrc430Ogv1TJ9TJfYiJNTtqbVjic5N+C0UANU+qDD/dHoJDhcbX+vw2eUkItVFbJKJ6WC1aJZdEnEkLFgmdg6Jr/wPC1v0UsmUA6EUMplEYiKCBFa+S1dmPoDz9H9vbv2UpETThLG8XI1VE6o8wiomtxGQ/XTaOpGSEMFUr4lx/+EKtWrsWWXbtx8+qH8M1f/gLv/qd/was/8UncuH49K8X3GbfHmBEjWgoG81AGjwOCUJUWq8AsGA+LwcN51CJUVA3+KfFPlvlXo/zDerK68MMUrnCWZRT5DivO2Flw7DFHIRVlsyiAvnq52YJp7V32TIs3QvUoCkEK2UQ7Tpgzz+7zifF4pJ7iQV/GUOARf8Qty7MJPHTtLTom3r1akW00dXYYcAhYuWYN+oeGkEqnnaIg6K8mmChFjfUqVUqY0tGJ45csw+Rkxmit+QX2nB6K3pPirvG3UBRiDgL531Zx/RcNaP2Zi41/GCGSzIOYEpFDRJBYppE2FOrisyTxU+R9xvL2iPi3w5I1/ggswnenfyFw3P4UATGCOlSgDhZSWPFWkeZIxC6suwKhK/8VUz0SMtGGCl01De201HIkQRi+14GOWBmZK/8D2YE7jUZRZUOLUGA6kV/yrEKUn07CFHid/mHlSty/fRPmzJiJeDKFWG832mdMR6g9jav47EWf/Bi+/IdrjfCa8BGi9TCWkKBZpocGsWBU2wRQ4EDmCtcTvEmLlqig6vlUQh5aeCj2rObyKOXXM8ZUD3cbS9H2ArKwLq+TFy3CcUumY3Ji0Mara6E45vROs2ea1CFRzBfGcMTMVlxw9EK7VjiR5GFTNzU3U7qD5cdZfXUt6i2tz5aVz2s1lZpV1VuHA1epWxlLVyplE2JfAmp3+ZQCGiH9JMAFKt/F06ZhTmc3hjMZUzJxIwaLo6cRMm+DYYNHupZttJr1Uk4ujRx15VO3IImtIg3sUOtIgxoFO0SlG7KlncBocTtW91+PB3ZexxQV1o24qguXqrPaptx06LxZY4HydO36S8FTSqilZGPyN9UBRKGtELdiulClgNLVX0VXdZBWmUQg4xT4pB6oB5XWhhYoSkXQEg3QNr4dmd99hexRMOaVhVZXjrGaaMVDSJM+dvPHgfs2r6dVJFNEYrSQEfgVBgBkyCCZRMe8BcilW/Chr34V3/jV7/bLw7FZ0wE8FIRqZNqK+qTVcy8lJTtIB5iuK30MILse5e1fwOC6FyC76ukYv/9iZHd+zNjL5lXRAlUp5GK/FI83Pfdcut15SO7CfDarZ4qKYZ5lur6ttIQhvO2Uk61TSi2MlCaQv+IfkPnVF1C8/jsorL4Clcwut0qTz8O0bFUKpPASoxKshxOUFwnAoUF2WEpj7UC/W+YpFEtpuIfuh/nV+CxbzuLUZUvt3q7BYUQ1t7uhDxlBsI2y1Cy75iMRc2UbZpmp/jmBVg118Imss2YREi96TvKZotgwcg+uWPl1/Oi2j+AX930QV9z7Gfz2rv9EsVZie93wpzGFYbcpwE0Bd9Q8PEX/e0G1e8qA0Kvpn7VwnFZITKbIkUi++3LE19+Oevs0mzEWCchKFOJISzuCWAfDKI9C7ZMxY2ijCxh/+CbKyW1GMzFdgkT0yAQ+saVoT1SzOE1BKWHXyDBSiVaUyCQxvj+/fQqiuYpGjGixwuhNdyPdPQWf+dH3cOXdD1hFpUw0gcKx0qFBvKeVVVQ/vMqZcGpDA1R3Ib/1/Zi873Uor/kXJPf8Cm2Ve9Fd3YLy5n/ks3+wugasZ5VuOOpUVIwLn3P08XjlxRdhfFc/EqzkrCluhVORyq8+OogTVxyF1150odXMRxYjV34O9T98Hf6dX0fuxi8i88vPY/J7H0VwxceRG7rTaiVkacFHlIohJORI4h8H7Bkfx47MmIVEhg/W1RaNNISRxJS8Ik6P5KSlR9g7O4eGzSLXFMfzWZ24NFzrIU8Sjc49xc778KsYWukp8KS3Ype6MCklyboPFdfj1ys/jZ/d8UncvePHGA9vQLiD1O6q4v6dV+JXd34ZudowFQezklCzXnaYgOumhLpZ1l8WXOufSsC4SdGSLIzi3Spjx8p9P0YikkfGm8o4sIcCVUNrpARv3vEox9rpRpboisdQiDCu8qJI5bMo33MNiS7/m/mQXmJRMe9+UZRBWXxXonWgK1ehqzA+OYHzjz0Zx82YA398EskggnSxjnQ0jWxrAh+49BJsz+aZBfMwhjg8I9RDPgIvT9dUhaWNaMHIT1G8+6UIb/x3Xt9JZZJBu/rva110jVvRwTpmtn0c2f7Lre5SbmbZ2Ba9/4lXvQ7PPOkEdEeqmDerl3eA3bsHMKM3jm+/52WIp+nm817huu+h+sCP0NLZg/ZUF1riCaS9KuLDD6By8/cx+a2/R+aPlzCwHzb3xTwJeku2U8njgJGJCezMjFNo6XWoeY0YR0ItUFBRzBawZNoUnLZkiXXw7xnNUBYpyFGKPZN5cqNpzf0qva1EAr2dnfauc78FFjk7RawzviRDHaLlFTy853b85ObPYuWuX6HeNoJYF/2yaDeqwXx6Q91I9daweuBXuGbtV6kGckZ+9ZkZ6aRxDVMCV/e/NDRr85QAafiA3KRGabWPpiVkdz6ITP9KhNvSlKMYBTpOYtXhtbWiOu8kxnJkUAk13UUxlHgxFG9BZNMdqOV3mHJgMGVi7JClv/vQJretVbFuLaABqKNczKGQH8ern/8cpDS8VSnuFahUawfW7dmDb/72CveyScHhLVqEnByidyEPRJ01xS3/D9X7X47O7O1Ieox2vS6UvDiVVhuysSRytFQ+4+kUBWx81ztQKaylJ5Jk++V8syJk/q5IBP/xt+/CJ978KnSmYqiUizh23kJc9qkPY0XDHc/tWkUL/VOmVU9zB72WbqKixdxkj+VUu2ZgWn4A6as+Ssv9dvh7iGe6xQoPDGGPA/KFAiZLJcSIf/Vj1a1L34mGWUXeK+fLOG3hEWiPJ7F7eBLZYhnRCF3+Rk9ZwtQWae8H6Ghtw+zpM5SFVUGHBDhs3pZc7RI9bs33p8Xm/Tu2XoZf3fMJTNR2INYylfjtosSyjUGrjRKo4zDk1RCn1b532++wcuAGe6/Gyu410irATv5nwD7ufAqAU57q9iJjSIUT4pvvRr0a4500UrV+CggtHk1upXcRQl29iFQLjL21OthHjFo4IFNWyTze5EYUt+4wdqlpXmkoQIxZKncRUHSUeyiBncN8xqtFsx4ddCN/ffPvMGfuFLz1xS/C1rF+5KlotNwzSm+vp7ULV91yM9ZNThL7tGqBsxaHBLqMXr2D9Sshu+OTyG35AG1yFJVoJwWY9aOURYI2MmtWaow32N6wj2StDcnsIPK7P8UqF82Fr7LCdVqXul/HvEQMLzv7VFrWqoUDH3jpi3H6PFonK7SM7E1fIz5HEIrN4rt0V6OjFIY8orWKdZIFNcbfbX2IdLeje+1NyH3tPShsusm4Sp7p44FyJWC873qS5Vk5d9gcbztClJxo2MO5Jxxv6bf278BYJmNCXSHqNJ4dYR6ywkHFR3tbO2ZMn25p94eQlEWtbMJtypRw547f4JqHvkwZHqVmVrcbvZNqmgo4yboU6d0Nkd4TxFWC7j5DlFgI96z9Pes8Dk8GgFk5LhNIqJX3X164Hyfq/3eA2MHIRQLWpfZ1r38jCaVZVB4JmiXPZEi0Gvze5QjHUhQWxo0U6mi9yncDMnQUES9EwuVR6XcLGlwsrd5uZ7H1RzqjOfyycP4cE2jNTY6T2fZkJvHb667Du1/xYixdNAv9uRHrQItXQuhk7L2FcesNq1fau/tA9XX5Wd665onONWSkPrnSrk+hvP4rSEU95FoSyCVpeeptVDYUytAA20A3n2XEfYqlvAe67O20OrX+a2mJf29eiC+hsXXJaoTKZJzN0qIxZ+8UmxqsvwZd669FvE2zzNqQ0PhtqEQcaHqOx/rkkKjTFaVFy4aXIz/lCLTVNqPwQwr2xhsPZCyW41rWBAmtu6N61Ik7+2UR4UZHp7nObE+mlMOCmTNw2ooVln7T7l102TOIxaJGEx1KrQ0WSvQ2li9aiL6EBiUJyqLxi3CZR4n1pbfDlq4bvQ43PfR1eAnSnmFZnXgBQzTmwsRUEmxrKJQzpQ2fYRnfSyWSGMxsxKrtNzEdS1aFrQBBU6D33viLwVNKqK0rRALtU4sbi1IQsrsY79JChxIk11TivUoiFeF3zAXa6G7VZPM07hlhfNxlGlp9nJVwH6KF9ZbH3tW5oQqZx6aOMGYkK5VNxHHkcUuxtLMddbqJhUgCPZ0z8cPfaYZUHj9/z7vRSToXGHx7dF2DUBJZZrVq+yZ7V1xTp+seaKqLhuKY1sXuvC4XUGJ1NfZeH74CuY1fQiipse4k2gpaipInM5bJXAmUa728amOcmGddiyh7FRRDsxGOUASrE6gM3GeDW3QoWXkyo7SfGFn94WE+aXCCDJlaVVlzC+rlgFY5RuteJD7Ue95JfNEjCRVQCHWwzvQgQqNUHIPm2hZbZlGpFIGffBD1/jssP20xXA8KxC2FTwKrBtaJ/0b3WmuM7eGRp+WreGG0VOkzsRIxajKFNoP1DE46aj6mpRQ6EG8j46hREFkRdJQ0JOcjkw5szLzKcp6+ZJE1zQW9EeLOYxo1me/X2w3fw8E2/GHNl1CKUGjDM+jlxOFRcyuc53++yhBNv34bAnlAnm9eSpgWXF7byvEryEsTVKLuHRkRIc463ogV4e8vCU8poXaDKiQpNb0Q65OJPMZfEXKHT1dXNyO8J7QHdNMSLe22+8e+9bnS/LQY1MAemSXcGO9ssCLfV/5m48QvrveJcAxj0GccfyKKY2PWeRMi043mi/jyN76JZbPn4YuvfwtCtM5FjYlHAnTWGP9uGzIGEmgoJqINlGRd6SaHySkhWmDQ7YxT3rxgPcY2fcLmZHthKgZPHgUZ1E9RwBnLB6OIpRlb0h3XxLIQQwgXHpRYnnY4oVIZXckwpFniY4O1sJJBYddGMnDMxm81oCcEKK6vRltQoRLx6MqWPFq5gAqvVmK6Mhk8hlBLt8XnQ1d8F0F5XI3jfwou89VSV+to5LULYyjUbW10mdtQYzysqakVj8pD77BcKehWxu7PPfk0S6uZfGt3bUcsxXJYJY/+bywwG49CIYMl02bijKOcm64Ky3qLVlaSTpyex+1rf4uhiUHEEinUIkWmJM2odGwVGv14DTXGw21oSVBxqYdd7be+jxDLjmL3yE7sntzuMrbMmYMxhXxFO/mLgsPsUw0Yw0pbV0kPz6/SSgcoiyZkErnetWgK4XiaVoyumPa1qlGAqZvNpeKbEuBETa7YPgK5M2ljooxCr5QlBXLyjwlve97zMa01jWxmlPQPoa2zB7+45Xbcsn4VXn7+WXjVc56GHZlNtEglxLw4/CxtlVkuZqHMNaHElAYFl/dtomRMrm4Z+R1fAbIrkY5S0IMy20JLGVdnT9Q6+UArHW8/1TY5CBjMBnW6x1RiNca/8iwYTcDPPQy/tMbKOxSoKpWhraiO7IYXl2dh898oD6xrNY9I71xE2ucgTItcYX09mfaIJs2WabkitJj0a1LtCG+4DRO3XEYFxRx5LxxkmZem10pE1IfhWG9mby/62ttQUYci32cq1ytNz2A8m7UdQ5++1I1Pb8+OY/Nwvw1niTZejcoi0D5kLH1yHM8+5XQs6uogLp0MSoWJ7K7XW1fA5rE1eHjb7xFrpUBTadZpraUhHK1J1XAVtUoZU9vnoaNjKvGpjx7wORWxaK1OswqV2M6hzZafvbZXinSh4y8Le6vzVAExoHYzUceXF6Vm1XJKCnKF1A2JwSu0bMlW8pmEOmHWSIIugbZxUjKAVi9p2V/AdPugEbs1r0g70+ESTL+OxVN68HeveSWCEcbPZNAw8x2jy/i+S79l6T7/+jfh/BOOwp6BbcjEwihpXFb+pUCKQYkYGqizRrLt2znzz69BbcvlaGX4UKtV6C5KUCOoRDOscwF+uYpo+/Pgtb4cpYnt5m5rWEkbByiOlLcSopCnajsRLt5nxR0OamTYuE83l0rPgnmrnBQiXf32afDmnkA9yDhc1pl4lmXVMjcxv/odpBZ7kyFU7vgxMkOyaGxQvcRmEvfMSbbQIbKGtkQMy3qmU6hp7fWPLniEiqJIYSpUS3jecSfalt+ClZs3YTgzTo+EioZpNM21yrwLjLunt7Xgteef7xIyH3GAwAk0QXXk/Yc2X4lyeMA6uQIqDq3VVieoJi7V5U7LWhOn0zuOQDLazlbTEZfnp15wcYnCr6iP/vH9hNoopUPt1KF7fzlooOspBEIoEa/IVOxYT3XQYqtDiYJLgmndbY2WUp1kiKTp7smVawiXsRvPyQkVxmSVFje040imf02Q0JOp5d6ZJXJ333zBeXjfi16I4p49LLOEtt4+PLBuEJf86Nfmfl767g/i7MVHorh9C3qmdts92WQDs9qyY06IlKWelLf/BtHKbvhksJpXoGBJMfUxTm6lFczRatMFnvMcVEoU+uokrRytjSk1Vou/dVojjW1H6XoHxf13BXlsqNM1jftFq5JNtiGo9zhKvE7mSijOOw6V9HSkSxmWlSfbJ1hjxZtVpHxac7qsAZVme2Y7/Fu+5/DmpekxyG42gcqn0fRz5x9BXNToztOGU4lEqyFkaQ1nTunG8044ziUirNy4Fflc3vUL8Cgwu8mYzzqN4A3PeQ4WTOs1FAqnqvs+eglC2DmxHltGbkM0RWXFd03xyUNiegl0va5ww0dbtBXTU0sk9WyXeInJySMq1VdaKrB8tR+luuYb6GmDAfb+/mXhqSfU1iIhVy4aRXvqIlocMpSsMMns08TawgUxOxPXWztJSBKPiTXOrUn+PuO7INmFcO9ipnHC5aZ0yum2C8ub6oBZUHs3pjbq76df/1q8/wUvQGVkAJXRCXR1Tce/XP4z3LhyFaYzhv/Jhz6CkxYvw4mN+dbNDiOrt2Jq66LRfLEomb4flYkrQb2DYrwILdKQJQiT2ZKVbsbP9EC6z0a9Zykyhd/YmvCaxYRUXlJUcsVpyeohioFerYypJIKr76OB2hcUs0yh+NDhTLxvUzAplAHjyVDfTFSPOAehQpYMLrZPs65axVWkK6zeYwolQxxZ1PjDv0B+aCdvkQZ8YlhvILG5bdTFx5yAWe0dyNOaUy9QKdSRzWVw4fHHYXaf26hfWFmzbQcS9B4864mvo+rVMZwdwgmLFuDdFGoDKj3bOIFN3KtCGs1dP3wXJisDdBxa2LoIwzK61kGMLWy0NBxDqeKjJzkDMzoWIV+YZPucMMvzEy5syJQWvlgdRrEyoWz/x8FTTqgd/UhOm3xPSzfveMa+7UjSndP84rIEhlwVtk+4MHbunIIq0/pyMyXUtEjVKt3M3kVomXmUpXGwn1A3ucQUhUjdAFooMdKnXv8afO3978NixtiTxWFsKw/hjV/9Aq3EGKZ1tOLqL/4/vOiUU2UqjLnUoWNdvcbyWprpGWGq41cwDl7J23GmIVOp95XJarER1pNuPouPTX+L2BP1wq+NAWVtBB4F2qslzLJo0Yfe0zZFe+v6GKBaVP0K3dokFUNjswSL9esIGK6kC4NIlXNInvhsm4EXMHitE3fmudA8qkXqlKzqnUQrvMntKK68yvIWyDW3PEUDu1NH34wePP3o45AdG1dLUGD40hdP4E3nn2cpBOuHJ+g6b0dLaxuFkXUhPsqZHGYwx8+/4c3oiHqsC/PVbgnMQ+Xsz9xllLBt4n6EtGJPHXq+9gV3YZrmxiuxcBX4YczuXY5WTegpj1GZ8ZkMAZWv6B+qEy9y2316SerpfwQcDsP//bB/u//XgxjSNUgcbCeILjwGyfZZiBdyZGxaLrqrMcarYWcu4LV30Xp7ZGLHBhZbiWlnLES0o8eyscM60xqMYq9SQMzNlyLQNc80yUTzqwkvPeMMXP1Pn8Xn3/gqvOyMpzHuK+KLP/mBrSDqbkmia2oHGYOKgkIhq6h33dCIFlg6qA/cZZ18VS9BlzRJIY1S4GO2wgzhYXiRXrT2PZvu8i6kJsdsimudgh+WQAcehTJOQZcwsu1W8YTh6HBQp/CWaVljdS0zZB2JN82v9sNxRHKDqO/ciPTso1GfPgfVomLpCuK00nEKRIGua4lBcCrIEKd0y1PTEdp4g3U+GXXoc8srkrpQKKEtfgWvvOhCdCfSyFKhDpayeO7JZ+C4WXP4xGHj7lUbMDDJkCBKDyYWomdSQHkihy++8d04fYFcZYZLxFVZNKHQ65okMmUmGCptQX92s82EM0+GFjpMJRyOMGQxvPKuV+LfKOZMXcqaxkxwZSCkhmzcWhlRqC1ThTZyYQz069phZcst+gvCkyLUalLz2B+kt/Xvzwn76uHKTiv2m38sLV6RDEQrKITzv6+dBAhVWmppYk/TPPWG1hlHk4gdc67l4yIqqQkSkumaIPG2PtNmgTy01NPskBbb04z2tbXg/U9/Bl3uj+L2/7gEr77wIvKauoPIfNT8fpTv8x0RgY40C1HHk7O0AYXAmxyggKkOVRu3VUeUXEQEXaiwDcnuV7K8BCpj99sy0bpNg5WvoINuOuukzj91usl99eTHPw6IJlvUYGuPyjS88K9m1GuSTrF/o+GldcWZFFbeJ07V+12TwglTQBgmJAKfuA4hn+5DfHQHqrvcdsOGU/1haiKb/53re/LcOXjx+edjcPc2uu0hvOrii5SIoKfA7Q+stM7OgC59/9gQQqUcPve+d+OlZ55CMyy6kSIsT6lN9Zpr4soTjGe2IV+k5aXCMmVsbZOfJMUlIRXJ8mhN9mJ653xUqNiL1aJ1ZsoLEaGN3o285YLHtPWVwT6+cPVtlvqXgScs1GqvmiEiO/Q3QUiQoPCJ2qiHBx8GjmGeDFAxbpmkLFnVolWhOzjjFRhrm4FINcNYi25TkECt5Pb2zvbNN+3fWRQBw8hVxhEccR5qR72M7zp3XL3jYBymISQ5yCG5lnTLbNkImcOwaD98rvg1FKcEHYjaeZ3tOGXRYpuVJMaIUwDiZIwI33caXz3NKdMbPENAy1KubrVsIhSkethHPhonb1XQWh6h69uL2uw3mPiWyzfTQjId3UpNE60yMC3R5dZ3LZNV2doWWmsJtWov2J8JHwleZzeSwRiZvIV50kJHJNAV5kVcxNsxMbqBOdep+F4Ory2NoOrb3POxeBItwSTayxUqnW5TKFFZwkwB1d23G31KajPLj0qg6UWE2MCmYfvQC5+LM6d34DXHH4nT5s423lLPRf9EBiu3rKOjEcHw0Aimtbfh0g+8E+899zTyERMxtiZpiLcQUvZXjSVe2UzZWUGGHgZVDM8U7jAsiZTpSTDsqnUZbjWNPCiWMCO9lHWeiZ35VcQk2x0uGw/4NnFIE1nyrBc5jCGdRw/KAcszZSp4cnj5icATE2riSwSR+6mN7LTwwNokCaePpX2lxPhCrvX0Nw4rtVkyH0pjPpmg5ZfyN2PMWxYqsfBY1E57MQq5GFrpIpbDk6yfvj4BpNtbUGvvRjGgu1nIMtZuR8+5b0NafK/2sKLWw004tCg8fjDLcBioV/vp/lEgeK5pmQ5nVYQonbVaAZGOIxBrW06eLqCSHbAJJmJOWUtt4aPZb/Y5WikPn7aLrnMQm215Hw687pmoRbpIuwo0NV301UKYCgupMdaNDO9CbXAdQh0zEVp8NuqlPYhp10YTIFk2F04oHlUfohR7fWLU5c3Dsb+wwPpRKDXxQ3pzWjqFf//0Z/Hu173RiYaTR9y49kGsfuA+dOWqeM0pZ+K3n/gsnnkSBZr0KVHgZMH3gb1p4MjmcJ0r5milRUvigu85L0ZPlF6LZWixqRTn9izTTYxn+1Gx8EP/hFzXzxGiFxbUylTOHUjH3Jj43orar6Wyq78UPEnSRMRIANSW/dvDNjpL3rTZzUPW2T3fezwJoKL30leTJujOarMfRcO9F78fwayzUZoYQXt1FzzfN4Fv6VqKlrbpQGU3crksvPM/iCgZ1cDyIFEbQi347yGXcj2IFEE/FcwkjZA2A6DtNneSbji9AenMWNeZ/BuGX9yGCC03vVIypjnZNtNKMWCZWdao4BJ+gb9TUGs7VjkfFiI98xF0LCJOxlGNyIqJqRO0xoz3I1G05MYQ3nALKUlX/cSL4LHwGgUgKeXB+vr6npGm41pnHetCdzo8wZifNW/6CsKtUcviFz6ncMstP272XCzs6kGJ8a6womGn2++9G88643R8+4N/i++95204YhpDJl9tDawH3Q27HUQZoctOnJCXqwy9jDnUO+56yAVyxaWA6FugxZuKhT0n2P3J8hAqfonP1NeizkCFM/IBKehsW8rr47mmniq1hksbNTBcPUli9SfCEypdeFEbxG/q/BD69Cvk6b5yN81oaHEgHCgC03EwHZ4wKEt1ZvKf5gJrc1mvVqG+4Vm8B1Ne+zGUehegtjsP35cXobq2IdLbg8wona1nvA2xC9+tbCwzTSyRa7yvQ8SBqv2kVV1Z75d9M98AdBdDBRtyYSBpSWR3QxUGFbEo4r3nuoSlrYj6O+w9i+f5T1sLidUrtpxU1t1nnLwAkfThhVrleIyDazOPYrycJyO7HnCNDohZlG/cp/LbtsaUYmTe6QgWnIN6YYguuzLQhA6qbuJfHZPayECLa8J5rR7TcBeTsBAnasxZnYO64k3Np/fVQ8/zpEYDSDd9wO8tz38JfvIvn8NFJ7hFHaKnTIMarQ0stHrOYa6JPQf2Te0GVBXjM8+6Fr/wtnkzhHqE+KSHU6oUMLVtKaa3zLf7E8U9rD/rzvao7dpoQtsZy3vRd9emdlHpHQDq0FN5B9bhLwFPTKh5KG51HQiiC5FNbeZQKUJJW1MrUlvLTQ/TxxIqdTj2Y8pH0uKJgQoiIwvFWnclt1E7Zmr4Jzz9SHS99xsYW3AxSmMTVqwQUJ+3AuEXfwgdL/y0WMUxDJ+qk2R/K/3nBLnYRKahUVwonCpmr9PdjrYuB1Kn2D2/uJnCUCBu40yuqabaT6vI92TRGb97RbOAsfajeV/R+uFABTKbhSegGmulAEuAtNlhiBaflpY0DcdjqO5ch1KW4QpxXD/tZawXFUhQdFaQVlg7siqrCDV/WGO9tKx1s66uWfbLQ8OMGt6yGWksw+O19kIzrJM4cd5fMXOWWXg5g1IC6uzUvmTaKFBOQWNB3iOg2bMuCFPByQhFWJbqyNKsDC3CsA0Z/CgW9B5v94LqJMby/bbQhKLMO64DzgwU80xHOjGztzHc2WhLE292vffeXwaekFALAZooYCuW2KYwsSaCiACGDHUo7TXjcrGcm6XexGbBeqzjyQDlU7XxJX3jmK6hncZYDRKRxJQCqs54Gqa899ton7MY9YDuOTkldtLL0Puif2J7tNuH6zTZHx5dsJ9syh2YXyTUzjvCIcumJRFDhaoaLfVRbz2Pz9LujcJaJxy8jgQUasaGgdxwbVBIhqcNEr8i1nuWUh8WxN+C9LKTUelZwniZno4npUKB1g6tFIhqqh3BOMODrX+wtK2LzkJwxDNo7SaYTko9TsUtl5R1lyDwn4bUrA1M36S9wIoTn+imjgaqrTOSAr4X9+QZ90FDWn3es69jWv5K7JI8EpShg1i0hVXnNXlU/5xXQ+C7QamGjugsLO1znsxkaRtGKdQeXW9jJw1fsWwpBT8foC+1DDNbllhaV3aj110J3OVfFPa1+k8AMUCUDRHz0Echjt382DUDQ9g4qr2SaZPV7U+msk6bCGOTJib3/qUwNn6fKCifKsvUXGd9F0t7G2i2lzwtt2DDCXa4ayoic46gUdcUR9qhZJ/NLPW0YIHun+JQq+ZjghOjJwWEBJMkl18z17A3B0FAwaYpqoqpyMxa+12N0vNofbojnMZ5CxtMYDTby6NbqgzVoRXQcifqtNK8VUmfiEjX2f+lGnvpLgTLn4HJilPCGgFwsWUIBdvdhC7yw1cbJsJIoHray1H2tJ84aU38xTUGT8bQLDiFRLVYgrG18xRMHhu1aW46cTBGdS514H7VPt1VKvIb87fOUII68tT+RwNb424IpmMTJy6r8tx0pS+T8OBzc4aKIcxvPRrTk3Mt7XBhKwp+BjFNwCFfhOj9KKSw/dSrMSzpOwMx/jNmpsIVBjTdRbUz6yZv8S8Ij4GOxwnEl/oENJPJemr484vb78TLP/IJvPLT/4iX/vOX8I0/3ISJSslk2/BLijrBtj/ulp09cVARiq9MmZAQcsMrpGLFCECLTNdRs5S1uEAzDX0NSZibUKPgaJzVbUZn7iDB/T0YRDA9ebJq/egQjs6gte5mbUsUZMaDdB9CFYpMahrC7ceZN1Tz98AvD8mnZI3oFofyFCAKVkhjsQkkAq3J5itT38LqdptCOxwoDnZOMi3wSc9HrWcKwrkicRdFSZ+6DVM4WbpHRFe3r0FJq9KYtmvJafCWnoZSicKg2JNW0cIxKdWKvIsWpko5nJImGmgzr63hpum+bEMT9mJXlpUP9QZbyDSkrZhORkSkZJJ9ItR4Sy80ydS4197WRRal4In5JHSm7Cn0VIZ15rV8+olM5cRhYHQry5Em0mRdeZ5U/SxMi0za2/uwbNZJlk4xP6ClmyqK7TXPQff21egvAU9IqNUYX8Mo8lfZnpXDw/jwJd/EjkoFW8kIVz28Fh/6xqV4xYc/jt898KCh1+Zdm8/N/4Z0VqLxuw8OuuGwdmjgc9snOlDMRXeRflOdrqgKMrKa9lHXWYA4Lbl2Cq6RybQIMCF2D8VQlotGTWtDc40CXdHNwpu/EiK9ryfuzMAl3g+az+2Uh0twYLJ995p39deLT0eUbm7NQhtaOMWS9TLirXMRSbjN9+uVAdRKjGs1SEuXOxxiHB5Wxw6v2f5aucT4ew6F+mJ9pKTB3ocGtcQ6CHlEOmeg7eSLUC1U4PllhjbadCCKGM2/l4ihODmK8lo3/qyZ9tHTXoQo49BoOUvhV/xPoSHeFdsGHW4ON+23oUHvWO+L6sUfMaLqZ5iwBM5BNqMnOeG5KGl94krYaIx9GE/vHAwus2Yy9HbNQVtiCuWQsb0VqDaGqIRKmMJ2LppxtKXTtKD+yUE7D6k/iP98Jlc/S4X4XDr7VHTGZ8pJcpW2spv0a4Iq7e6743BgWOehTBvpD3jtoHweLcl+8ISEWk6TOk6aC96/fvkV2MTr9o4eTImlicg2pGb04ebhHN70+a/ia9fdaukUC/lk1hy1X4HaLqRerAa4mKwx+KVaq537tfUAMCEhNAkvImglEwWgXteeU5qKQFdQybTRHBneMtNiDl7GSXFtIqDpk1pxpZ2pvBAtijpTSNymwre66Ew+oJhUhOZfdcfpr5lDtofFNtITqBi0AFDuvd1o1E8X5qKqQbrPdLYlLvPU8Jt24pQqCsWnwe+cY3mmC1MsnChEKdipU/lU+fBVbWWKLOI1+iK+Fm+EUIxWGIoy4/oIMlRSsQWfpMRN3ys4hwOPOI2TJlXSZlLXp7wZoQXHo1QcogteRIKHlnSWiMOEhnbW/sb6IFSTxLynw1t+Dl32UZSI3BBxGSvTzqXCiE090uWv1jNv2zxK9JDLwaaLlywOV9tk7cziMa3cWyooKf448e96uvlHwS4b5L4xLtw1Qa20DA9o8FRvIY9jEFRzpvD11ZOI5lKUIlg+7Qwkwm5H1eHSFuzMDyEa9ZAkL1fp25cjaXpEBcxJLsIps19p6RjuswwqT+02w4J0pqYYY+mMBsQ6imUgWFVV26rOv+YNirmVxJ5pmW2B57L6eofJxBsN/lB3tLjGqK7OP7mZTKO3pCQPhsdD50OCdWiwWZt3DuLGu+9FMt3OTMPUiHLBSCRyU08HXZ9YDJ/9+tfwnVso2KSlJsUnSCT7Io7DhoEQ5Ab79V8E5U1PkwMK1rSsn8dkdZLKoEDGc+6ytUJYDTGjqtw85ZNlBhqO0QWbTiKqh1Zb/xweVCEqBb6srKW01AnYxB9Fx9YSx33aeXUC0uXVXUvMH4m8NJL2RtPCf6uE6Ez3T76ClpV4tjcYCciAX5MVVX1rrL3vikq0nmcbBda8nYj6VE+1DlpITV/VQkVCMEKhp0IIx1GKJFEOTUFLrgOd+RrKDHmi896MaN/rLa8oJU97sD0ecMNRHtqIv1i8A4nnfQh7eo5BWIs5GLr46kWvaayWLdm6BeVdmmEmlcTbF/wNoh1L0T6+k8phEvHKJKrtsxGfeaTjUbZRNBaGG2svGiDkOWaoExt7D/JPnbSvMTwKtHWT5h6EWFLj0He2WKoyOCRI1JbOXGqLPrSbSz1I8bU8OqnwVsy50CUiTIzkMFlaj3DCzSIzjw/9iJTzOH/RG9EWneoSikiPCc6tl8ekNd82zMu7pDbpr3BC0swQkJpK9/WdsjLSNt++LNoyvfpSXOec40DJhM6sXMkEf3VX/w4GS/engzJ0EnnHhnXYQ3esI0zBoTC3p7UggILtkzHYhlhLCn57Ch+55Gu4f/sO6EsMMU2SoOXTlzT2OjBGaOUrTV/BaGEjVu6+EX9YfQmuXv1OXLv6Q/jDw5/B7x78PK556Gu4ZfPlWD18F4Yre1xrNJ+a7jXqaebAzIg8h1IhV8z6SCQcDKqCuXn2VwTgaSP2c/6gJklq4gMfREgqoUDyyPKVyqfAlsNF68RRb60trKflke0WPTSdU9vPWqeKdulUtjLJfFsMYETho0T3s1Funce8SgwBc/DIh7H2uXzkZsrV/HXMe4KCz7hbDBLEEY8MopbLIdHxXHTM/7gJmzraHCM9DnLLa9D0NNbKPnoQUDnMOBYdz/87ZCIpVIu0JoF6JsjwXgcteAHZNVeSLaVXS0i2L0TyzHfAZxwdCUZRyU+iPu9kRLoXmOhZTMz6a/zb0YUgBDSgeapfYb+u5aj1JK9VgpZJSstJqSgk0ZCTpp4cXqgFK6adhI70PBRprUVHv5DHUTPPQG9CC0cc7BrZSALQABBVlWiOeB1FYczHORToZTPO2FvlQ4E8Bw2aSYDVSusJ0FBkkGfr5aEydIlEadg0WiQ/UYc+8KfD0V9CLP5VcTZlh8ZB3oxEw4Se9xvOyiMg8ilC4/y/DKq8tK7gl/fei1s3bEBbvJ2uShkrFi5Ed0cbtvTvQsxLUwBYmZY4hnITGN7ZjxefcZYJtryQKhnJ1skIkybQbJRcyfog/nD/z/DgzpuRCfqRZfxYCioo+DnkqnQvS3swlN2AHYP3Yvv4nRiprEEykkBrgu4mJcwsvvxOIkX11Jng0RBxMCgI0MdtnH9k0ilMu4P56cP1mpAgG1uY+DHjy1vg1wbIDLSjEXVy0TbYKxJACrW9RSYkla1PQUKo8VwetgBf5fC2BFCb+JkHEGsjfoZRGLwFiSotf+c8xGa9jTVLm1B7Y79HaOQ2WupWvhpmODGCQrUCv/t4tC//KYJoj7G7tvuRx2Qz5FTIIUA40jsa1TD8sc5l+pqt3TMR6p2OsfUrkSgVkSRNNbMKDHdquUHEjr6YLiu1DusRmXkExvdsQG3HSvjxFsSf+QGEu2Y3KKB8+c9cbFKiqQkbIMY1F5yHjVhQ+NxQmGqlN0nXJmfbu9Koj4OifD1OJZTje+uHbkI8UUSb34dnHfMeJKNu8/9ifRI3bvgBMvQuoimpYOJ+vIQTZ78dzzny7awSM1GbrcxDg5oUoeLyWHdxktt3rsIqa+K0cQKKhc3I7lyF8JprEXrwKtRX/xGVrfciM7IDWXoRMXq4ESoyYUMCLCG3CT2N/I21daaL/eAJCvW+/H5x1z1YuWsX2mMttqRwWlcXnnbKcbh75f0IYnJPpWXYoGQCm7duxbFzF2HhTO3myTxosZqTAfYSiBebB+/CmoGbqeULCNN9j9anMSxOMj1d0UgMHu9FYswzTmtfLWJwbDu2D63CeHkAbelupKKam0vdKAYgasQMjqFcEY8F7rEYSdZNjrHGWTWsQe3O/Gp0mfXhNiF6YtfHMLHxnxHsvhq1/lvh6zM0xduZyTYKOIXba+Pb0s+KGBnv8nDKRl6DhF1anMLGOsrd8uleRmjitceYdFwsfgSKYzegnB9AqveZiPS8lO/bLAB4w/cwdL6OoZ36XjMolRj9T3km2o/6D4TjC4xA2p9aqU2ohQOVfQhQq9Vrrdi6TgbU5JCI5juTkeN9RyDaMx/lTXegZXQNy2AzZEQmx1FqX4zkzGUkcx1FdYb2zcfwA7cgvvhEtJ/7NpSIr2it3MC9o7aVZaU6jDsmJYhOOkzZsaX6Zb1NUSuNDr1CxchAg8mV06HbZZLB93o7F2HzyL0YHHgYp8x9NS31BXwgFz6CTYUHcPOO71P4E4zcsvAzYZww5zV4zjHvMiG0T90K8YcR6pDayfBEK+pUrK10oyseDidYW+J0zVUI3fRNjF37LeRu/SWw+joEG+9AdcvdKG29D9l1t6F822VIt8YQm32K5WkrxZiPT9xK7dkHHvSgaWz2gyco1EKmy/Ha+x/Gvdu2oS2WhqYGFqt5vOJZF2F0zwAe2rkLrUmN+dXhhaO0sNTu/Peck09iQ1lBUz1iPKKAgm9AQq3eeQOGyqtAw0RGY/xtiNJ+zGROo67KZnqNSyNJIacFi+cxML4KO4bWwIum0dva2JNb85JVX0PCQVh4FHDsxoo1Nh2ohAoUcSGWbhN/IpFxFNf/IyZ3/jM6GL938Rn9ESryNajk7kW1/1pUd6+mS7wd0fR0eF4Xc1OcRWKwPsbWyoeHtLdZHw2KspRIjY4Y3Xp5MRGvHXESt3/gGiSnvhDxjrNtKEcdNfXha1DK3ch42ke51orUjLehY9m/kuc01TFn/CcUSZmGaPkNZdbD89igJGq39mhTR5BCFm0m4LoGPcT65iG54EiM+0VMDO5GKp9Hqkp6VmhVj3u+MV2dYVOqdQriPWz3ohOolOdbD3KULqgwX7cOJjGnhFIWmZQxhSvQXx2spzrSVF8dTZrxR6gSaAippqFL3nRR+iFAqCX/xaMeEqleFCbLOP/otyIdbWVGZllw79BleHjkRiQKbUhXe3Dm4jfgGcvfRlvJNqkvQfWhBybaHQq0vFY9/uIh0VzLNOVZVdbdiOyv/xHF67+MYO2tSNH9byfNI1o9FyfNafziXgRd9GK6i/REx4YRPvZCKnZ5bEIB43yTD9FECrqBl4Oq84SE2uXmMr9/3RbctHYN2lra2YgQdk0M4aITj8Xxs+fjlzffjERaO2lQMH2yCC3SRDGDi047A13aA1c15jvO7VIlQygz/nh4+3UohBkr0yqHKFxRMZeZdh1SAPpVzyh/+UzyLcRrWKVaH8G2/ntQKGcxvWcpPOahThK5QSLg4UHszbRUGGIin8yjbXyjNVouLW0c/DzyW/4BCXoOYRImCHfRGkUZ6jGeZf5pvwVeZTXymeuRYWhQi5TJ6CuYq8bGycYW58odlkV2hJHCMRtMS1ALacqlquAhklxMZTiFyoGWMr2ISpO4YlsLk7/B8MQqJLvORueizyEx+/1EibYWkkhIGHLEqDqcyFjmreie2nZoECWcyytOkiKS0vSJZ31qnrhtn84A9VmIdc5BuZxCNsO4eeAB1KYvgDdtId/TsKCP+NRliHXNJJM7MXAddYwwmZ+a5tjTHfqj6Zpu91F3XaGrO5LfjvHKBvRn12PbKBV8rIw2CyuYQISpKTZVeHUYEDIZ+/jhAD2puThyzhnojPVYJ3UowjYG4wz1LkEuX8VRHefjgmPfgmNnX2Do0kcatDhIXxkVLlXvQ4GUqBaaqEiNjYcmt2Hiqv9A7tefRuf2mxGnAIcTPYgwXLHtpkxpCddshQ5iKhRtQSEzjnDPNMRnH09+Jm+os5c85lJQcTSU3cFtf4JCLVutmVoetu0awhX33odka5vJzHBxFEs6O/DW88/Dz2+/C0OFCWqhuG3pKubN5MZx3KIFWK5PpEjOlJ0EThdE20RxAut23URDOUZWSFAhtLsZYrSUbj9ntyGANUkKgUiRdoyEtJ6WgkPERhIV7B5bhxEiZ07fkYjRX5SH4HrsDw2yIqZkLJ7mDebv1ail+Wq5cBUGV30YLfQaPH2fimmsJz6aRyAGqbMcdaLRc4jTBYv4W1EY/R38/BjSbcsRZlggDa5VVZrCKn2uGXcRCru+XS1rrjIjFGh7Rrct3XYSY9apvNbnZmQNyWiRIhKd56Bt3qcRajmGKYVCJxjmQ2mqH+tmXwJlnrZ+2Rrz2OCKplhSULSBoQIHCY9N/qULqP4PzcaS4kpOW4zI8c9Aee7RDIFI10oe6TkrqMDc2mOJsiaMxCg5UvTmgvKerD8zY/tUntxq0U8KLYQJfzvWjNxOr+8q3Lbxcty1/Ve4b9cv8eCu6/Dg9j9i6541mN03Bx1xxvhqsbnmzOfQzWITFE6w/UwvFRAjTmW5xTtq9FBmDybGajh3xfNw3vKXozM923rzq3WqxRq9AXlPxKWS6zgUKHyRVEjZBKzvyHfeiZY7L0VHIopq61RUeD+meQVy51W8/WO+jX4VtUt9DpHCqC0F9o5/rkhAWqjHn/zEtPKc1KfDt/jvQHhCQi3W0YoZTQ8Voa64914UyVQxujgRj7HV4Ahef8EF8FuSuOK2O+2rieoJ9/ksk8vgzCWLcMLCBUQCkS2qqGXGmh7GSwPYsOcWCoo6SxhHa8EA/6m3MBxIcIhouipEA59pXFqIYLmaM0ik1kiAUKiVRt7DaGYtMoUhzOk9nu87d9qB3hZYwQSVLaJIaPRMQkAUqkxe2XeYqmWMbXgvIvm1SIba+ZQxvc/Yh/WJMLQIlzuNAbSzZo1Cr0UHKbrGrVUKY+ZWTGb/iFT7NIRjS0kikUcdJySQzlR3DVFFFHeTgfiuT7e/rAUaZMIIFYQWx2hpo3YaSSSoqFpPIF8nUKRS0VhmTPVW/W2T+rQJjZrl00WvknkV3xsTGOJ00my1u3StVocd71MZRGihTNykGKjRPCqTRI0uI5Wz8oyCiqprEULLzqencAbrTIxReehjCBWey4+TUMh1F484Mis/1kUFR1gb3hsr7cAd66/GTWsuxz2bf4edhfsxXnvYOg79ehdC8RDi6TTyuRL6RwewbO4StlVfDFEmzPcwkiZKWnskHbbghb8ScikbFMmvKSyfezqmtSx06YlnGY8w26s90eQRmPCpusYb4n6rOhNrUYg9tXsFJlKfS3jjb9H/rfciNrITsY4+enSakCMLG0E5EkeVv5rDLkdTk2g0f0ITXmq8n/eSSJCv1TdXPf55SKhfirhQECk+VDr76IHKUR32g4Ov/4vADDW0wKKOmD8DK2Z1oVDVduxx9Phd2NyfwzVbtuBtZ5zKZwuQG6P2oeAVUzVkNZSTESuz0nRNbS2wvhtMRhYE4QFUYxnyeJcJMbwsCtrOt1rBnJbZFrvnGMtpVw5hRZNGAqRQpjCJoaNEQFiWjpY93hnB5pHbcA+ZpglCJGwllLQwr4lTTQDQEJg8e2GzpCEU3ld0IGTqf33kEniD16FNbjcZvsibFU3KprLIE8EJhg3aSlfrjuPVsPUia11znq5WNBVBvLAaEyvfjypjN/UVy42UJxIn08g9rMTUZxCDVxUuWJFwkrVo50EQ4zJZggJC280bDleaP6NU9pUPUxQlw5mYrMrLsrKm4lVPaokNUtvVx6BDazQU7+kQStTp7rO+ylkfkM+RluqhV1AcIa6MhWTlmKeccsB921pcwAjHYkPF4hJ3eRNqI6iU1Wcb0XZSrJMKihhNybyh3bhh83fxnds+hGu3fgM7aqsQ6owilpiCpDeXHkEnUpR+TSUKU5FE26PYVroTV2/4NrNxnY5q5+FA/Sk2O1uulnCnVWRqF2uqHNKsi2e22Xk3MjKatGR2ke0ReYKoRizEHMQW8ShD7/pZJolXKh8auLLfaPOGWzH67Q+hI7sDXlubeQmav+9TMevTu2EqfuWuYS71X8gjKLM+yXqWPCNjoM8ddWOCxqg24mZj+qRynRSx4U+TO90V1Q4EtfBPBjaHAiQi1Yh4Dy8+61xE8/pOEhsXp7PAhl997XVESxjvet7FKAVDRFsecfVt8F6OTC6Iye0UlxhtHIEi9Vam4JtmlZRDCfHQGPOMoxT1sWLO89DqU1NXR4nwKrWW9vkOiCDn1olpxAThEGNMvxXxZAoP7boGawZvtPxldBWfmLCqIQZChytfzCt3R1dN61KvTWBy1xWmrRUHu35l1p3CHaiXXBpcY5zqTWUdVIavpY9kSp3DJ6NSSQWl7RjY8kb44zebGLpm8x11wrEVVh1mR5Nnw1s6PRwoexNx+c8aZybzCHRP5NfMv1hQQcqXZ0VW9MqsU47KsGrPlTpcpcUaXonK2ssRHtltPG8xpGaRedrjmsJKhpcVPxyoFepSsvnQCkWIF23dpGWwMs5g+WuHrsOPbv4Srl/5C3p4g2htrzPelJDJh2FoI+9HAiT8yzrpl3+SiRY8vP4+2/LXGvg46mOgdM1DIKstutW0mWCKylvbHEuIed/SSWAkxFJmrA+9IykQo7VCCr1u2dCqSpETYdq3rL7tdmS//y605XcjlaIgmsei0Wo1nI4z02m9XYTto0NOIac31j6XdPNo5Vt5J450IOHOE/esUUbbMDmQpOi/Dll3KauDQaX8yaAmV4xoKkU7aJ6F0+YtwMT4ICra7aKlFTfd+yDjlUm87rSTcPKyqdiZ6ycWqONpgRItDXZlrGpAZjOEEuKRHjK8hhZyrpa0nKlwHn4ijI1DY2xsHBcz9vEKrdSORbo/tJl0Vb2AbpJpMb1GxMvY1dNUPjEEreO4a+tPMKY1yHxu36sWVxiShBzVh+zIhzbebPaLiOMjJSmOXYty9lZaEXVkOWXj/DHGRiS0FijUGl9X1NiwFtgr7hGzIFxkHrQs1Xb7PpRX2oLR1e+nCb9PuRBYb2YVYT6yKNrcQBNWLL4i8Q4HYpuILS5QFO7G0AVSciEtPJB2Zyrb8pbtsnHTcCtT04HevQYTv/83TH7ztRi85F0Y/97H0f/jj6A4vgVtTK3Y0CwbESN3UDkdFqiopVQFisPVYafZc2YceXXrll/gx3d+GdsmH0CiiwKflPCKwTX1WIpZPfBqNws066j2UDnylseYXS7zPet/xZY0hpkOA3K/nWDpnIdjMwfGc+5oirEVbYzANoh+pj14ykNhoM4UPph4hlLMmfVVPqVRFH7xKaRG1yGaiNPN1rRj0pbuEYNGU646kn4GqXqOYWgZ1RlHIbXwaATlEkphfWqJ/E+vSLusxHzSqiw+VIlSKeI9uvlMpA0fncN/IDwOdDw26GVl6QsDQdk+sfqp170WHUGAXDGDGGPpTeNZ/PQOalTCB174PBKhiBFWfmqyFcf3zrb7UgqOcc2EG6TofrXw0IwmCbu26gtX6QwxjgvoHazc+mtM71iMpy/7G4Sz3QgCuuoSKBJBcawxbiRDRGaYN119cpMW92eq/Xhoy+9JgmZZJISk1kDvCWlsEw83IUTEVjvrKI5eTkJoWEaxvHQkFRc1tlAt10pLAi3eZX3VqWedK0GKT3VPHWljjDDGKPM9aA+mIFy5H5Ob38zMhywvOl10epSb1YpXikVFUFeHQ4PaoO49+Sv7xXvmPZBSGjOlcJY9lkPLkqOTOLbyahS+/hrg31+E6hVfQGnzjYiObkIHGc7fdAWyX30baoOrWAN9GVuMLSsvRnocIKmhYpMiM1EibixOYMm/X/1FXP3gpai3lBlrMlZn+BLQgtd90tfWgWuDRYY+tJ6OMnqfNspdWGwcba1j+/i92DD0oLt5GNCrTZwIOzYHgUrErebTIUUnL0H+F58rob3EE0mQ/G/Rk0/39f8QH+QRcZJP/Mg0ZW/8Hiqb7kG4YxbysV4U1R9E2XCbUIlCPNiQKD0XrziO4bal8M57J2qTA6xGgXE0c6LlrpBe2graPlxAuu2tO3m7SV+BVeMgeEJCLSTHWaYY3Ho02cCTly7EZ17zGtRGR1EtZOG1t+MHd9yLbDXAeUeejNc+45nI796BIzq6ceI8Nz2v0tQO1mRBHQk2pC0+BwHf05a7NVp2P+iAx9iuJTmJkdJm3LzhV5jXewzOXfgm1IspFLVLB+PpQIJF5tXWuKD1jklDyh2vtiKZ7MGW4fuwa2JdoyyBQ1Nz3yo1TKTVVyWtkbxdqK6lu3wX0hIQehZSHHItNY9b8U1AS6ydRMv0LrQ3t02e0HPFT2HNQ6eyqNHCeJN8PUsF0IJkjG9PPIDc1v+wMsQcUijUDGQE9Vqrs4avNqp1aKDQ1NVDa1GvrlhH2RSphTCDHvotrI9lv/Um+N9+O6rf+xvUVv4ObcEkOlpjSKTbWCfG714CnYxru7f8ASM//BjyVNDKTx1l6i9ghMmrw4AKMu6Sm6lRCde+X6/8Gm7edBkSnVQVdFWlCMMU4HCgEQ517FF50JvQ52x9jwzMNHuBecj9rNHriMZDjEHHsHrPrY+ozWNtQaWcnP5uvGEdK7ohGutcilmCqppK0F06ZaVUjIiZjzwiib0MgPhGvQfKm37SwBoUbvo2Ui0t9E40/KUP+BUp7tragjSg1daac20zVSZhd/s96HrJR1BN0CituQ3JeJihqD43QUWh5bMsVJ1mtVSHlW91Jz9Zv4Qa9BhgaH8ioHaLeTU+LFHQ/zdfeC7+mRY7nM+gXsjj4TVb8MO777T0n33JK7Fw1nRcdPzR8JLNfl8dqmWzplITwJTWxbR4dG14W+N02tI1yvyjtTy8RBce6L8emwfvxhGzTsJpC95CBRBmujG2Sl+UZH0oOCHNAQ/CFGrGjbQA+sZwMTKJjQN3sRTetCKFLR0C/YqwLEiCyHO7W7wdsVK/5SeX1Q66uJqfLg3u0/3XIpVoahkZsof35YrTStE1lxupDkWNIWtlUjU6gapH3NSnIMF389u+gmL2StjmwfLpVAWNRfMdfSHSOV+HA6klOYNiMFki+RZibt6hxRRDR+sjqP3+Mxj9xt8ift/PMRUT8LraMN7ShUykA4lKwnYF1XCWxZjdPfA23oLszz/JWhRYhBQanVh1Lh4G7MMGmhNrrqu6uUr43epLceuO38HrVk++6EgBoZsdojXSBA1VXvjW8kcSizxV5rmQIW4gXnRGYdDwmDYkjCYT2DHxIMaCEXsmaI6kmDXdD5x1Fp8xP7O8LE/hAb0D1VEhUl37wVkoqIPvMw+VrkOXkirzunhD4u1uhsyHUZrStV9FfHIbnSIP8Tp9G1rcFHk1zPBHw5Kawx0L8khXxjCaJ24u+Ht0HfMsFK6/BF510hSfvm6SjXSyxQHiQQXlKGPs1i5XPA/RQPS1G3vrcCBYuicEzNNlIqvCM9N+wLue+Qxc8vd/izPmzmR8MYp/v+ynmMgVMDWVwM8/8WG87OKzjUzqWbbVOgYSFoHLcVbPMqQ8fU5U7isRLMtLFg8FrSRsWoE3bt/yNWQrAzhmxjk4e8GLaFJb6LGTWcg1Rih9aNxWZsndkitPAYsnsGtsFUYZ1zqcmA7XCcEJhO7ojykqQm3sQUSr5YbyUmrpZ2s1s1TbxUjUyl1nsdy5vC5QCUnbs8600NahEZYgy61s5XMyPd+LhjoQ9yeR2/UJ5iiLyArZlDWVIstqXSOHBdVSPdfGXg0ayNuQoxGloogWBmh1PwGfAtpRHkfQPh0FhkBa/RRF1oadwnIxRUMyU51eynB6pi3M6b7lW8je/m2rh4U2SnNYcG6saKoXb930E9yx6TtIdfGC7Q/Lq7DedHlTEl3RuEpZcyuxtNVUiPWwzRZkFdkG86TYNhvCZF0j4TZkyrswMNH4UEBDoB8dhBOnoFkAL5UXaSmLwf/2I6Lr2C8PY2ne09vqzJX7azyhJFJ+9Cp0mt25FsHKK5FOp8xKqzNMgYqsao0xtdSJvlrSEowjPNmPyPKLMPVZ70Bl9bVIPnAZwi20xnxHm1AUImnSo4RIuQj0LkS0V2PyLIrF1lhRdR46daPKPpIWT2zyCUuS0pNbIGaUC16jhtbnTDT1cXFfH553zplYunA2BijY01JdtNJTMbWtDa2Mb7WM2r7Gb/VzDOBESlnTBY8mMVzchl251YhSY0Wp8aRgZb00rcGLpBgjD9rCjiW9p2Nqy5FIR6dg19DDqEaGEInShal5VABiliLrpg4oOeMUwvIkulPTzRtwFNKhH5GCLqwIHlFMK6/BQ3Xbj6gwHqZSV9tYu7rqSjeQ7pqYTt+eQn0Cib63IFSkQFfutq9JaKxZ8Zg0ry1ikHtJZROiwFvvutxztj3I7kSEoYHXchqZQngkwxOxmjhioehhQDizuqoMlqWlk3K3tU48yG7F4LffC/+B62mZpyMRo52hgtMncbXuPMFXZFmKUUbAdHfVMikprc+Oko7JShWj2zchdtyJiFLQ1eXDx4cEm7ctLUPlum7sDlx5/1cQbRlDIkIrHdDboXIT46gvQtIkHLp86XZTmJOk7dT0DBRzDB8Yc4fpEdkQpdKEqZzN0rbbiMq05BzM625+bN7BwcItKuqQlBq/SRaYhZJVMY7B/HpsGF6FdYMPYsPgrdg5fh/GCrtYJw+tCS34IFfIROuXLyl/8aqwLdEqXPPvCG+5mZ5aC51tCrH4gc89KiDNwpNX10blWZocxcTU09D7lm8ikmhB5puvoMKl55bqoTEwzqOfIN4gH47nUD/qfMSOfQ7zYRsYelbIDOQ25qzKNwX6wLYeJOaONQ48GrDfaRN0SzEbKUREqYnEM3/1D1U2l+opzbjoRWeegZ9/9KM46ZjlTCshGGdDGYMymVCjnmblZFkpY4H11gILZh2FeCiFkO+WO2pIpU5tLh0QDepIpqZiy/g9eHDrTy39shmn44wVzzNBKlVGKDCuR9hKEh8IHRRszRkeye3g/b0l7gO1gRZBiy1EMo0/hmndiE2+px5YHrQqZjiMUciOdO2rPnOPT6e1XuQcA8bxPhFf90gcCVtAtypIsvwsc82zDUqk9rdb30R51yX8kzdGUWutl1XVc6g4JAj3wqXh0RhOfeCE8gR2fv8LSK2+CTPamBHjF+3fraV/8gGiQRSVcCey4Q5yQ5ZNnGCsSsVDBdjJNvusY7Z9BsJjIyjRYquDUZ2IDmv6u+9s/19qJaIuglxtAL9f9VOUomT1WBvbTz6xrYIZG8qT0hgwrbY+sifLF0gZlFpx4pJzkKQX40sx0FC49kmYWIbxmoRb7/sYsxEVNVspBA4Te+tiZ67PWocMkRJWMIzVu36Ha1Z+E3+4/9u4a8v3sWrkMmyY/D3WjP4R92z5JW5YeQnGiutJMxUgevFdgqYmKwixcrIjiG64nkYkTnzFEWP9otocjnytTl0t4okzTi9mSxhOLUf6Vf+JUPs05G/4OqI77kGxYzbz0c4AUjhVWnTt71fDeLwHsemaDMOnJN3e+fEsVHKntuyt0H7gPKTmYewkodMhTmr88pl1PshX5q/5zOrZZDykLyOK61SE+uU0MSKsMVJNUpcKU74snVfoTInN5MJ08hHdZzZYi8HlfqkqAo0xy6WVFtKrM9NHY0nrmUC+hDoticb2ImRExagS7ERQQprx4C0Df8Daiestj6U9z8TZS/8eyVof/Bzjbz/KmLqdTESrSNcuIa6MJTFY3ooyYx4DFin+MURRYIOIoiYKIOtbq+4gWVaLRohU+9hKTQPVZ1tJLrpWNsmC7iJfQY5ECU2jRav10sJJbMhM9BT8aJb5SwUwJpIL6bejEqLFUttpdfKtbPfkemD4OsNVjJi0aE1IeBygZJoFJU+gpl5kXvu1Iia+91b0PvQjhHv6kIlqRh+ZTOuuiZO61ktHsvRqqEi8GFKMqdNl1pVCVGH5ooHccu3QmmgjVe7+PUIDq13eKlFKyZSvq6RWjNtuMOIRkZPHH9Zegp25BxBlXOgHU6BP3sIUbdm5vBRiWe0w40+qGhQKGZy++OWYGz0aG8bWoNg2RgGRIlXvPXmQgmVuMHMIhScQ9VIYqw6Tjtp0gmAElPXVKS/4X3t9U/LIA24On8RgW2Y9rlz1ZVy/9dvYmVmDSjSPRIoucoyeS2QaWXMBQnSlM7GV2Dgk955vyXszTc5WEreM/E1xFnbfjdrEdqTIz/o4vSYdpapVFL04RshnEY9yQcUzXpuC5Mu/jvTCY4Cxtahc/3X4bTPp7REfdYYbZP6yp33gooiWJjExaxn85eeQCzRPgLhlYQr6NCwpzhLWG809APiMhLEufRFIrzQPCpVpRL6qZ2Eik8zpzvmr4SOeK7YxkbWARFSSkCrdPmIbFq14laXn7pbdNhYWBzSq527yVZ7wdTp/OGr+OYyte1ApkzCMOcS8QThHY1xEQMsXgjqmorhr3S8xXnAfVl/WcQIuPPJjaG+ZRWuxi4xZpFCSoamITJEwkNewW7H5OdJmuXbisVyiplGlWq3MQ9NVVS3FdEzFQ+6riCg3OqAgqLW1wg660cdRgx1FJUKFQvyE6G66Xt0KBbyRVgIuJlGmxKWwJ/TkR6/fSwEpV41V76vbY4OiN+d6EyTb/JO94mMYeehe1Dvn2Ay7CC2kdeCxNHkJvuZoEydJ3o+KSYnDajjllE4jIzdPngFPlM/Gx5Bdc4/V1WyGaG7PGxVkXuoFtme8vXX0fqzedC9SSfISlZ5L2cibeJRuVSslzLLS+XwOi+hGn7Hombhv+x2o1DJULepFfmyIsA6FUgElvyHUogt/lLUZB+NhpyY1O0+wes8tuP7BL6J/YiNSCVrDuASPSoy0tHF98nfI00QT8jzvjU1uo5IQTztDI92pQRAJtCDP0KRcID7jbRa+lCnEFRYZprvcWiVd6H1lyAfRl34OPSecxjfKyF/1VQTDA4zEupGgYtO8izS92y7yeCnUg1KhhlnzFiE15QimV0zOshv4Upt07If5A4D35URI5wgB7kcMK8Gxr0MYQtQZIDbTSidGs3yugQ0F9tpqSLmIN3WiCRfqNXbFkVgh9ZpKwIXqRgHiXjt3qey9fRd8xAwbQq2peD3ppTh24Vmol8sIKnK7SBzGehUKUy0qpq8hTmEvVsZx/epLUKy6j6vPaJuOC47+AHp7liJb2UEdpBiVSoGCFaJZ1bT7YlWu4P6gSkgPNk4JNXojZn14bYTWTbbROqKICY911TeghY5gQkqFbua0C1DhOx45N+K3UJnEiKNGbC/BMpdSsbviRM2eogWnZi9mrkVQWG9l2Bi1FOTjAClfG17ji2K4ibW0+H/4MnrTYbrb7WyDlrkUmEr7ralcan662eZVVbSGu0xrlUaBQq04UOGUBm/MLaZXpvSpeByTa26nxdUOHqKk2EqHA8Watu0TQW26Y+MV9GQyiFGBSoloEowEXrSuU3A05VJr1CNsY5VWNBnpwfOPeTfylQweHL4LySQFQc13WT46sLFVhmZB4+sfSmt6krUXlxoTiZ9C5Bk+eHDHDbht7bcQREcQT7aQDqxRnIqW6ULavohWts68bGdWGrKY14F8eQQ5Wk7lreYZ/uTFqDxmn9qzmewYQz6cplKklxDzUabhkLCmKeyVMbrTz/wges96gd5A+d4rENz1cxocepB8v1xPI0Yca4tn4T1amUAuSWVz/EWGZw2aCQ3CdAN7PKQcpbAeCUwnIZMg6vUGCCl0dWqRIUwyntg5fhc27LkWq3b8Gqt2/Rprdv2Wx1XUeFdi4+g12F24BxOlPYZC66AwCVcVaJ1Mn+lc+etXoDIbCCfYQnh7xmtpFB06ZzKN8Oj0yGkXYemMi1CRG44MG8r3GVMF8jI87aip/bR6sCc/iBtW/xtqZFJBR7QTFx7xISybeiH8Yg5BnqgQQ8l1pLujMU+D/bGj4nmjWVu7bCaQFrcTdYbQ4ZSCoNBqEYYehCa2WPoQQ4BavJXKQJNfZPXJAqyjXHyNY9syQ5WtMIaMbXO1I7QWwTqUhv9oJUhBKobfW5FDAtMpLfMv53LALz5CGiaQksKjEKoHVi6z8iOvERTK0GupVJBLTUNi1nxWRZ1ntGsqksylTilZclFOH2mI62T3StT2bDIcNDBHkPVnOxpV0MN1I/djzdAdiKZ100wAaSkmVKeY2sUz4k+KK6BiqxSLOHneRehKLMD9236LLLTlUIIplcYq/KigJ9b/QU/KwDox3X0pXKMeL3T9MOtz18avI9JCmkSn8GmC9aaS1bh0OI9KyUfCm4LWlNZYO69GIxdVxriVGutDaHKqDJ39MjSI5+idUbmoXVrzL6+nrvF1Kpva6ABqT3sfWi76gNXGL+xG7qpv0XNiu+W8UXlUFXPyWu56KUpjMbkJkZOfgdDi8+wdGTY1Q+GfTYgycC18NGC9FLdpoJuVaNS4Wh/Fnsm78dDumyi8t2Hb8N3ozz2Ikep6TPhbMcEYc6S8DSOFbRiY2IxN/XdSwK/Gmt2/we6JB0imcZe72EE9luQiO/ZacRWkyu1jCyf0uieu0MEqM5kOsZf2jD51/qsxd+qRKBIxIcaBNfMk2qwzJUwXtq4hpZZObJ7ciJu2fJ5vOUK31Ntw3vx34cxFrzfmKmc11koh43tuxY2g2Rnjrq2uDbAteBVjGlCnN7hGY9SGVk1G4Y90WdzfiHKpn/pmGeLtZ7IGUh6a+qFX1HZN3VBeyqDhIVHINdHEepvJ+LXMTSxG95VW7zTreGjQruZ6K3fjt9G67W6E2qbRNqcY72vDhArdQjIrz2xdNC10S20SJQpT5NjnIdI7D+HsoH2QX6U5S6daMz3rpJtCVWuhH/VtbhaX0umRpEg/Boa2Gh7Yegtd0HEKD5/Q66PcET9SEqKA6KbQhV4OXdXxUhEzU0fjjHkvR5GCsHr494xriR+GVuqHeDTY27vNx5GIRgj20ctxTxOEZ6C/tBX3bP4+syQuoh2shzrnqKDp8YWCNnoyRYYYdcybdRzx4+TBvCj137AQyprLjeW573DJwxI3kMdKA+Q/GhUaklZ6PQm63J6fw3h2DNWnvQYtL/kMuUC4ZNLffhYhxuiV1l7kokkqt4D8qXkLiqXpCRdGUZq6EG0XvoftcB5jlH+0+k7TQp3mVJssuDiorQ5YX9Ohlk4wnN+INTuvxaaBOzFWGkY1ytgiQcIm6T5qBU6MSoCVCemIpel2MAZjg+veKInzEDYN0aJvp/WeeJhsRNdbgtnI22pgbrVrYOOGO90LulaldagBimXJYDxNhtJ42pGvwYLe81CdYCPlcvk+4+yUEUEutS0caEnhwZG7KNjf2pulZi0dOf1CXHDSWzGzdRn8ccbN1RTiUVtTQ5BryEKa1eGv7I/A00f0wh3GwLYZvHp41GFnljZFK013jTGRxsRDtc0ME241EqY6X2yz5Xwvw3Ywrc1LZz2tH4KMQUbgi3xPHT98TJfcI0NFcnfT3O5iu+UtSAAOD5rYoAkx/shOpG7/GsKdXTZhRzuNGn3rigqZhvfibKvW9KJE5TtjMeLHXoSR4RxaWH400AIU5Sjbq3+6UJcT6x0jzSs5VHetUgKrs8NQw5Y2cDeQX4utkw/RvVU71TGq0EPdqMpHCl4z7hhu0DupVeTqx/C0xW+ilezAuuFbsTu3Ee0x9Wto9EChnyvl0UA5ap18PKJVawTi2cgjHpPw0YIqzLp36y+QD3YhGp/BaynhLOskd5d1ZIhUy6Vx4rLzbD+9kbEsBUgxtnrjqSpjXRRqzYIniP7m6jj1b5+AqJXJg+rh1vbUTBIkkJmkOj3zpUi+6vMmK1Ljubt/hcotP0eile32YggzlNRSZPPSiPR2ho+ZIIXos7+AaOdilqNImqJNjejmkTWNoLwdI5LD+0EgJeQeUHh2jj+A9btuwWR1ABGGINEYSSCms39iDCKpYcFck4hsahCxXqieRCRK5o/GkKEy2DxwO6337zBZW8c0yqdRkF6zCjnENG40fhrndl/AFitO1G3moV7MBLpw7rL3YPnU55MQVcrFBMumdalTuPw0Bb1C7Z9nHDeb8dOduHXD96hDJFTMhvlMSx2Fi499K06YfyF6k3MYxzlm2OfiNeqm8KNhJaJ04cMhaneTeT7jfbmn6v2WJa1G89BCEppGG2P1imuIdqKeLng9sZgaWOttfTIxXTbFq2yXXDVZMDGl4ZFMqF7nMOiyF7cjqKyxGrmtiZt1e2wQDVRz/8avIjaygTHZFLPGMVogbVUbhLTHm0SKwhxQUdJaT7LOkdNfTu0Tx/juLYhqOSlTqNViJHXmyV1XKCaVV2EM7tGieBO7WCfNk2Y6q1rDUjequW7wdnpyO62fw/plTIkRFEsZTinQ1JC2DJde7bFTT2FopS9kVLF64He8T4+Cz92saoVwjwTzlggKn+KMZRNheSEC8YyKYmUs5AG2jN9Lb/NhJOO9rLbW5dM7iZB3arTIZXotpQmcuvglmN52NFZtusX6RmxCEYuo1fJUNtOQDLvNCQ3UTpYvfOtD/pVkF4KA+GDbJqmgdpXTSJ7xVvS8/B/4PG3Jg10PoPDLf6BR1LbDIQpzBe0sIMEjE+5FlB5KbmIS3nl/h84Tn8u6iceaQsxfuTqWk2FdN+2v7hwMoiGJ52NX5kFsHbqdcSCFJE43gMiU1tEWRPp4vIZBwiSQtKs6j/W5VAX25qYZ41EX0Woh1IJIgsRM1jBa3IrVO27AZHYji3LIFikcOVQdvceq8cZeJSFwCRo11h9VnzdpHf2qps5HcfYRr8BpR7yOlqUXBcaQZWneGN1hBiCxSifjyDCSiR7cs+fn+ONmja8qRmI25JOoPwWnzX8+nnbMxdDnZNgUliLtZwUSHNJ0bVUJU2HFSVSrp/SlNHwCXpXuE62wOkdsV5bwpCkOZAsO4QkSq/VZdCmViZZFSKSKVHDqsCJoEopK0f7VtF6aWCCaiX5BZYurhVDSQMuhwDA0tgvVe35FH3kKrXSdFldTCmlFFDMyhXAjmirkCNMq1HvmIH3KKxHbeg/aKoMoUjBkxVx+KlSMy/qpo5ACqN7xEJV2ZXIElfyolWkyqrJ0rhu0bNtGHqJbxXIpVFJKtlED89OEGnUQSkGLdwqVDJLJPly07GV8DvLgFuwceQDxUCe9G7mm9LpqzcaLNk36qFB3rs0yWlNd9BabHo3Ch8Y76jEkMtcP3khB0vZQ9DSsbHlMbJlfRKXgY+mss3HM9Avw8PrbMVnZiBiNmVNTFHwvh+62BaQby2O2NrNRzeGFmqvBw0hyBjzhp1zAMD2P+EVvQefL/plVbHU1CTLI/PJjSGc2IJJuYV5xhkT2qUNMRBKsZhb57BBqp74MXc/9W8Olz3ZrpxijgGmZRl9EgzLWejGuK+EAMKHWRJBRdfBEJo07a2q0EMDi1bQa3QAbiiCB9ILxHjMUe9uyQhVOt0c7O7p9rBlnMG3cowtYqWPj7tswnl9vVl/lWYX2QkPLN8AJkhMmDXZY/KUXzG2Vu6+Y1sWyK6ZdgIuOew8WTT+J4WkYxewoX6IWrqb5lgcvvhux1jQe3H0PXfGfKxO1WLrBYruW8HRqbDfNT9K0V4jJpPqVc9GsXTI5DbYbiGY3WeWYnlwcoZegelnesYw65eGPTZrgC92pKRdaTC6Fos/8yvprxZYWmIRqYlzlzpRSnMzXpyuvIn16O3rf9KWd2e1Gbfb93R97hQd/hyA7Ts+hxeIwLyhQsDU4RytCrW8zyCw/WuvCJGLHnAcv1o7qhjsRK0k5qT58ZnVUjsSIsmc71VljU2GJr7JmzJVcx5EBEzfrUcjvxkh2F+JxxWTkFrm38tSIESk8eSx1dZBRuPXBgePnnYeOhPuC5LrB+5Ar0MvStEpxthDC9A0GaJwzW1WO/KYyteCnLd1hSWS9VYaEzYAn6sAdmtiBRMKceaZj3jXXt1CtTGDh1BNx9oK3YefoamzedRNS9FrU5W77tFPxxKhcZvS5b1Frnob7XLM8L01OErCNPXMxMlGihxvF9Oe+BlMv/hs+c7PNVJeR33we1U13IN7RYRZY88VCNDIS6lIohWB0G7wTz0XHqz9jWLSeINsRxilLp1ol0C4QcZjmX2l/NfggsM5lDy10V+nj83nUpwtmk9wZifBaXf5i0DLjV01JcMIr5uTBgquMZ+yj3CxQM8M0DqwZNXb42r2R1U/sxPr+O5CjS2ba3EDqTr2gzM+0twhH5leDRTMdQhjvGWpkYjy6pyxP+5NZy3j0pRbhgsVvwQuWfAzHdT4XiWgCxeowssUhVEpUSxorpCDKrfr92u8jGxqDthWT6xdCJ5mU9SD/CVQji8f4R4wj5DRJV08dj0k6I5Vw2RaG6KsRZQqxV+lGohKnlZXQKAMeuftRK67SgB68njPQHT+VuqZis6qKFJyA8VqqnCJfRm1MUy6mT02ZJjWrnhtvDedc55qmtvq0MmqrUlptLJa3b5PwtmN0fa2jsvo3KCQ1h7jGvIpIUjI0pVargxS3Rfmeelil1GK0kJHT38G3AwQDm9DC/BVjKp527XaNsd56Ei1MBouZxWbcrrnhVVdPE3rG542+YGwu3Iucn0GCoZDGaqX0w2F11DHqD9rJY07JFMhPU1NH4qwZL7T3ishjw9jV1J709Kh80lUpbnKceoYJGg4MMR8pU00KktXXt6pjDLu6WvosjZt/n2L9yTeqPmFH/gGU6EJHqwyhiCr72gdxXMgCizrPw4XL34EScXXzussQxClutS7jyYA4r9BQTE+dhunJ2YZ/IpH1zyDiFyiSUfXPEyiYvTMx3ncaWl73eaSe/jFHJ6bXK+M3fg/h67+DHnquuUgbiqF2BNEySgqmi3nEhycRftrfIf3ar5AXpho1mZSWX8NqVP7MxHQbD6FC1+JTM0DqF9knUHvBQiK5lKl4tyFLb2tessbohNRovRU9LcsxtW0Z4wpqxCrZvEw3iowc4qGOFVv4zWK0a4fcBLl99kkRr0LkML3XgYJfw6b+DdRCGrdmoWqxBIf/ZCMfH9hL7v0GuNgqhim983H6ipfighWfwukL34kVM1+Ima2noDexkJagG9M7tb/VBgxNusn/hwLZHdt11NxXoZAM030U0pHpCFPTiWAReg5ySSV0dY+uHQUiVKXwmCXYaPOt1Tmi8dFI72uESXMBI2HGaBWGN9ERVBPDZHSlYllqlplHSRWZojGEImFp1sHRSmlFSFFNrzlkBNs2o7qDcXGMdSJO7HMtPJjahFxupzS+jYXmh+EvezpaumeiOPgQcqODDBW0PzmF1qxQox6EvWWamDvnz6fnttcrdskatQDGJgdR8cWQVJoijSYp0SOR26oQSB6JhFFzRVbMOwstDFEE2wcexPD4AMMclsAXjWH5vutpdl6UesN10/7pPpk+HevE9K5llkejKgfA+Pggqn4ePj2HEnEDCmUttxtL+47BOUvfwBQhXLf6q5isPYyoJskQt26f+CKi4QSWzDiX+WqEiGaLPF2PdKAS1a48FD5VkBzdvvR8HPk3X0fb8S8TBg1bMVX3oR/A/9Xn6LUwt1g3WvwqUvVRxLNV+KN1jE2bjdrbPoLOl36W4cN0xKnU9V11dZhKoqSQ5eXsPcwE7w+qRRPz+0AK2KCzbQ41QpcR1U3jo5bQGCwmUKHla2VMecSMp2Pp9BdgTtc56IzPYZHUnthBrT3Mo4RaWe4Q7/ruiR9xUw61tWqkJWyby+3UNq+myxpgjPzIij06KF2jws1TvU/trS81yuJ1x2Zj+YyTcebCF+K8I9+J81d8EBcd9Qm66R/HM4//KGa1ntBQBIcCIU/MzWIsfwpX6mi0xI5ndCHXUfGiXMuE0+q81pZGYb+D7Ke90iZQprV2GpUEnvYscsDxqDDeihAfmqZaYZjj02JoXyxZQxurlxWSW8+X/APGRRVbqVYSSxGYd9V+glSpoLRjLZDTgglN5qCjyXqbGMrrsH/qFWY8WaWlkeI+/sX2Xn3LnQiKZHT1xpJxZQddqU0QLpqOHw+mCStW9eRBEQyVLr4UjGeprKTgKLy2mV6IlpF4ssU+EQ3h8Zc4nNIyF8fN3PcNqy0Dd9FiEoesv3mBdNul8K32xiMEWmVmzIN1YIhYrzLeTc9Fb3K5PXapGriRAPInz/ZGPaorL4OSN4ZKLowV3c/EeUvfhFgkjrs2/wY7Mtcj2koPimKq8E4ucjUTYOnUUzG3a7nRQyGT+LZC3MuHEEW0dYQeRrvnotY3n8Gn/BEzbcj334fMj/4f2jDEGL2D8XYcGZ/h7YTmqVPxn/E+zHrr5eg4/g3IML2G2WVIqxq3Ju9F9J028onopsPJDA+2XUhvYMTaeDDIWSfU6KJOR2fLfFSrPokmYeYLdDMDquQiXdkdg3dj29CtzHYEs3oWYvnsi3Hs/NfiyOmvxbzOCzE1fSza432Mo0nsmmZ+MZ4rs5IlanXmGfj0d0Ij6B9+kMQbcohX2Q2hPDzoBaVrNse9at4H85HdqtOCSBNrXrHapHnoreF2tHl9SEW6rJdUHxLfO8b5mKCKyXUl6A8vNWTkdT3Trj3tOyb2l8nW+LiVTmEiI2vutYxMLX+/vWfOMfES7n0eFV4IibJIrlXDadZX33rWrDvXKsWfJtRsk77WYWBVcfhxteYNnchUkvkkhEpS7V+LFjJFtGFCXfwsy6TkZHAJtOL//Chq805E6sjzLF1sx0PmljuFwZYwb+XngMLaeF+/OjTMEkmo47AxhGRvuioFQRUTlTHG6bxmNdTDLTYXfrS7q2tTCdVcDcfMfjq6SBdBIZjAzsxKRJmvwgltr2wb/lOr2mQLZS4LaqndX3X2VQoFzOw8lqIonBLcI5eeF6qZjFSYuKiWKSz5HI6b9XycufztTJLCpqG7cf+Oy6lwu8if04weNbq9pUIOU5PH4bjZz3VZmRxpGEx7xtWQZDm2GMeAeGaziEKrhVRdefBBjHzlzUhvfwjxwgT8sY0I+RPIz1iOzPM/jtjfX4X0Kz6Kcud0q3LS17xvxtja1YcYM3WmMvnreF6eilLq0ANHY9NvdnYgNBSs0O5hes8RfJ2WhlpDOtLnW9p+NhRppfDEMJ4fwNpdN+P+rVdTu91N9JcpyAsxo/t4LJx2DgX92ThyzjPp+l6MI6c9HYu7T8H89mMxm5p0WmwuprfMpCvcRq2laJPQqJHbjvdxgCVrNkMuZaOBZBaTU5NwhgW0ok698jkZ2XU9kAh6/9Gw8AiQqFA4dcp3lJ1lP/0CRFPTxL3U/MIQQwvrGGSZGoOO5Hhu3VCo59fAr2xsIhixGc9hLN9OJyhhi0BUZ49uqWY1OYdNAqRSnFCHPG2DRGigRj+u+o2zhmLSXynM8sAG5kSBo1ArhTq8xISy7BIAub8xmgN63yif+DxaZjEjlW7/dnMjnfAxLxXuSjZQ3WypIc/0XHgNx9IIxdzXRS2mb9DPp6Ut1LJUaorB1SaHjbo+IkihkPKWsu+j8Thm1j4rvWPsYQwUNtpwqMqyPht7wvqTxrojt12zvpSnCXgtg3S0G4v7TraUxgcHgMSDObDcfL6EVHEuLp73dzh1wUt4N4ShiU24Zcv3UG2RIE0l7tmu8DiKuSw6IwtxzvI3oiXaxbJooRWKmuHRPH/1yNNCs54aIVK4qd1AYzZGTQVPCc/070R8xrEoPeezGH/+f8J/46XoesePMectP0D7+R+E37fEaquOU0aoVMS03OQJzTOI0kJH/AhdfKDCIhWgOoUmeoqzmhxFPDyG3DRSOC3YHuvF3L6jUC+1ou4z1gulmB+1uMeYREMCsQii8QSKwQi2Dt2ElTt+hFW7r8Ke3IPIa/E3HZJUqBddifl0r47BjI7TML/nbCzpPYeuzEU4YvqFWD73GWhrme5owzLlvjrtc3g4sAmGFh7SmHxfxBcjadmgtDzR7w4xE6/FFIJ9/HoIMNvEf8yPGFIpmlIZpWIK9TydSkn3ZJmJG+ZXq1EANQoQnqAC0G4nvC7shD9xkxNwVjzashSJqWcSdzmUo3LUtEkiFadcSpYmFrH+UjKPyvMi7iPt+9fXiVWD4clU1qmn+yN74I1toyJQuyXAIqtelKJQamsBqpUKqh3zEF5xoWHcH9mKYGwY0YiEsErGUotVY6c6HPBc1p95ygnXfnSmnOKNyRgsRg6LIAjKKGnFkcpnOqXXem03c04djwzLClUsn3U+OpqfhCWs7b+Tbi2FgnmFffUhsI3q1RLyVXejqx5qqgcVDK8rxQJmd52AuZ2u5/yRIJzSM6p3oDc1lyHYmxg6nm1PJsur8MeN/4bx0B6yC70Ob5Jl9qOSH7T19ecf+y5MSc9wyGWx+q6ZqiKMSlHKC9J0EAUd1kY9tzYL3z46j3waut/+DbS94mOIXfxOJE96JbDoHISYpzq6PCpXTQDS97bVznJU6xAosqS9+mqUV5ZyV1aBIpSaL2VrClc8rV9VTnTVcSCQmq7mel8ws+1YTKd1rcorjEyYKx5QoyuOEl6rsnxRIj6WZEXKGCvfjw0DV2PNzp9hw6Cmid6FbGUbtZDrHXXEYCXo9iIkRu1kBa0LyUFDoz8usEo20zYbqEMPmvlIwPmrW5a+CY1nj4KERwVzY6uGR1dsw82c8RoUIlPg+Y0xej51IZ+2xKHWl+oNtdDdIlFG7rCq6D1FZIkpb0UhnaCCzBkB5cqq/fKStOmD7QJCoqp7INb4vGpzAsw+UD0kaPwrbUEIj++hmzfCsrVXmmol3JDBRDddMa0siHbQqS04C6098y1FZWg9kBsnCjUbzrIiqDH7yhRn1IgE9YCr86rMeDjRwTBLowYEMbkUoEC94hXGnlKH8pbsKyVETkgbVbBtstLd6Xk4cp5z/QXZCg3E5P3Uw1SExHmU3oti8bp5QKxLjUpZQKUjBR1iHcRb6r9YPue5tG0NZU1QrfdSV0ThxZHzTsZzTn4bZrQfYQly5SH8ftUlDCI3IUlvw6uynHw/wgUPS/qejguPfRumpGY3MtIfud1su8onDjVPvWpWVeM0rswqvaJqhB6XQju110vzTY0IaLJUnrQuEzcucZx5SLDtSyoK3bQajFWN+uQBNVFt5v8E+UMf/xfnSInxlh3ub/PY29oDgNSQdbD6Njqbklgw7WTM6J2BSnmChGDlgw7Xs8sGhalB5PZqyWW91s3rWYwxO1AOZzCQfwAbhq/Gw3t+g4d2XUkhvwV7sg+RcFtYyoQVqGrY5gOqKA/72oBpoMOB3txvYoGqbgdRa1a4cZibJFBbhD3+2GGYdMfhoPGa6kmHlXUURUhY3vdan47k1Ocilp+0FAKtvFJvbL2uPciEG7pj5MVq7i4EpXEjmjKNttF9n/ISUKaZZ51CqHhP9aS7ryEbYkmxu3L14i7eMlXiAiyeOUKaxRbTKgEhVKLy9bXhot51loRiT+ZpCLUOErgcakVi6dlNrKE4sgvhnHY4pYJmeOWsut50Sl5ncttlqcyPoAckVk73uljYAVO6BtLSEkeahcO2ySoLFzWtSw/SfIvGIZjEwhknoze+z0qLP4aLjDlj6mT0EK8y7GE97Osmwo3mAKitVBZ1CrLoUPLHMG3KUVgyjZbXkMQ4nPfNa1KddVMXZO2elnl0p7V8sY6xyjr8euV/YktuBz0O0ioXIDqRwJzYaTjjiLfhnCXvQVtIw1fEtw42RRhRYGJ5GhZUklTZXu7jPfVJ6OBrFHitctMawjLlKVKm2xyQLhEGKsSLNm/U4hrbOYfGTfsKxPhPU601zwGxYWY8hnQogxgVm30hQUZRoCroMBDOG/cPAt5tpGKBSibGlR+/cArj4c4XslLTGCsVaLVHebBQdbZIEKkxNYldxNJ2P+GavqU7G9HoHGqzJCaqA9hJpl5HK76q/wq66b/Hg1v+iMEJuommksSoYgAJZVMQDw0SaNVvb++1fpSNfu0B8zMh0U1pucYAgx6xlopZnPA7cL2KSidyECyffacinwimfMXcNhuL91pmvxhBrIf6oUhFqLnVxAmZLkpXWrudaIOFCOPKWnEdKgX3VZBmB1Zi+tuYifZdY3zIuNo+WyuFQIHQzpH60HssRq2f6rWaOXYy0WbJykMCK5BydTWvl/M2O0pxmZrf7MSR1ZZA1ENkDOZba52C0GK37Y/yi+pzMFTQThEIL2aXeeWQqvkHKkd9CoYNutdBsg31qXPtfdVMdXH1YX7RCJJ6R1aallyyaDRhuwLyTQsZ9OhZZ7rEKoLv7xxeS6ZnW8TkIUcvWTvhWqGZ8KKFIK4QeiJ+hTGnh5OPuIDmh23TLJW9iloKrFEz4YbCVVcnIx/7tQIe2H4tstVhTOlYhBnp43HM7PNw4dFvxcUnfBiL+s7iWzHnoKk8zSJSbsrOCncdZRHWUdNtLVPlzzK1pVWchzbet+E41snziS9tnUXvSe2J0mIXw6SB5c9DTVKPeqUfhdHrMbz9n7B749uxe8Or0L/mdRh56J0YWvsVTPb/jtr3biamEWnIsE0EEgINwY8UbN4hwflMH4DX3lsNpctbnZjXdQyWzT6N8c9MMmjCerLlI2g7ocAEk1qY8YFmx2iYp+6VSEyek6nDFPpEJI14og05NnZwcogNLqItrr49xlnU5GZhxXePrNcjQALmpjCyjkKM8R1PVF8e2qzOnFw11Cy3BFhioK4cop6I8HXYe/qvEy3jzPLgu6KePBXlrT/qyGI9PeVDYVEhYuIIY8Zwy/kozPskLQZVRNDJFGRuxmXmktdaUKE7q+WVLWUSfewmijyz8ElFFhluPxX+zDNRYpFewPxVFIvNeQnkQmm05kcRjx2NassCVYQMw1iYFlJE1Ped62RlRXNSjHSiHBpKWXryBcqSR8YKoUWfliUtCxF1gdFlplWqlgpoWbQIkSmLeI+t8ctI7r4fVdLDNr+Qi82cmRraplbCXYpok3pNQopA3wprrQyg1DITlZlnN9BO15DvqQ2CSCyOnlorWSRmX1HxiPRokEDFyyJbrmBZ1ymY03qcQ7HVfQi7xx5Gyp/BMgso04UpxGU46Lr66igkzuXWkC51pMgyo6hk81jR/kwc03mukUl9PmwAcaja08CocQRt+liJV0y5KJ1m750w67V41Qn/jJcd8VG8ZPlHcMacN2Bmz/F6XW/wfYaMYXV2KvYkcfmq4nxxk0AhiG39a4aIAhrSV0WFCfKzraNUCCWFKj4lXvhc+oG+NatQZt34lGUpFKmOXI+JNW/A6P1no7TqIsQ3fxbJrVcituNWRGgIa8OXITzAmHz181C94zwMr307/IkH1RAUWWRFYbAUmnnXB8JjipOziIyA07OwfN45mDftVLRFyWjVTlof1pSxlTRhWRPaI3S19I4aKC1Ly6MePHqhqBfD6KjPwhHTT2J8cwrSyV5Lax3USs5zoeVwIIvpafdqKgZ1itmLRJIpKx5u4ow699y1A03bIKNSU+nj6xo91xht06CHzLIytKjpPSIpUiATUWnJOhA1YiqBpbVTsaPuA13zn4tq1/moVyaQpLao+1ORJy31XTBtT6N5yxVel0YeokAPOjoT9NM2480UpnaeTbIsxe3jxEeRiiED9U+GW05jW6eIpwhiVpZv564GZj1UIeHabjoV5XChzhfeNWui9+qI+znSKIX0whPEfgb1UgalzLhNkz0YpJQ0U7C1yjRoZRnEBDPP54vomLsMie4ZjZSuhlY51ikSpntPD6amGWd19VRLAGS5Q/QIIlg8m4JIsJqR/kPZPegv7tEUeCZRJJ4gLeRtyPMLk4+Ia9JYmyTpo3aVQh7dqTk44xhtNuD6ZWx2oXKkpawH2slTV2FEK0kkiEx5HWWNfdNraU+2ozXRjhRxrwUtlcw6TOz5OUa3fBi5jS9A6cEXo3z/61BY9SJkN7wYE9veSUv5NYZR9zBHzSlwpsKayzpqFzjxyT5Q7EsjwoT6CKSGK7X9loWqVEppejGRyQ0Y2/hsFFc9C5EdPwLKGxFm2ijx3Ul09lIZdbK+iXgStWSIfBKnIYqiPPIT9K8/Cdlt70ALFbi2u7K9BGhMD4ZD7iZqgs1fLUNrS0xDd8ds+2pGnBZFn4ep0ewF6vKnRg5pHIyao05rJYaSC9nW1o6p7fOxpPdUdKZms5FJkkdd886RFHIeU6scBEKW0muPbVN/4ie9HCphqLAdu0a2Yvvk/dg6eb1t1r9jfBUGspuRyQ2iVMmzPnFE6TnY5nRWaKNkmX27wQyJ9KZL7uYs2//GH/7wV66/7Qke6USsYylKQ5cjUmR4ou1+9D6tktwqdeTQcJIRdzEOPxlBy1J6L/RqqlQzSSrHYCtj2nttVxAVUIsyDq+0IhMvIT3/c/AS83hXfQhys+miU7OoXJvkbxqGGKGgaQ/s8K4HUF57LQ1GB+M5uavMj+2q00pFSZd4NYdcSx9iF7yNdXHbzVYHt6B458+gzebr2pyBeQnHimP1RUbho9WnUIc104zi6WdRYbMT578H3gw32UM4lCJxQ4tMxfM9me3YMn43omTIsBb40KpVqnlM7ZyJcxe/i9SnoDMf9dxvHL4Dd+y+BolUytqkrZP0+V43fESQO65s2ZZakKG3GMMzjn0DlnSe5eRYqFPlJPwqnD67VKBjDT6U5eBtKTmVp6SFzD3I938XpS2fRXXXv8Hf81Ng+HYEEyN8uBax0irUxwcQjPajOnkPiuO/QWHiV1TOdyFcHUeUSgGeZl/S6rLOKtmpeYIMA3nT9Y7Q5WYYKh9Dy1yj/Fcc/i7y616N2tBaxCnEXixKpSpl5mYmVj1acO0kRN6LVTr420HLThpqXz2mq1cD+MP3kHirEO08nw1qYynqj2mU34AQmVSoeRRQdVwBhhn93e/dGt3WQqWAvDn4TOfzUG8rCZOIpxBLpKmdpcnIIKIMkzlLYqcGjUu73i/rRwdVUwZaIQKzK9ZGsbb/HmwavIVx+hbkClnWRftyE0nMzKwr00vTtyZa7TO6U7p6MHfaQsxtPQOdcffJUgclHqoY42O9KI3bZCwB71lcq84XXYoBlZ7/iwOXY2L9C9EhOQ+1oxDTft91pIszKWBF5OuDiPW9EdEjv0X0U3PTfNdiJERxE0YfOAeJym4katNQjk/SIoSRmzUP05fdyfhVjK5Y3rVB4YBWS6lDy/DHP4rhwopd7/4xxn78TiqCHopMnAIttVlCiS59qlpGnBZx6IiL0fbun1C/i55A9sFrUPzBe9ARZn29Vhp7MZdmx5G59rrxJZbn5vYn9fH3KcvR+v4rEU9r/Fa1oBpgWSELX2gxSZiHhu/EL+//ADSRPRJMJQ5CmMz04xnHvBpPn/1O6UvJufHSr1Z+FreM/AbtWhJJ/NmQjtoqd1tz6RWDsqGRIITsRB4nL3g2nnvU+4kKKSH+Fzl4mAfKX22LpJmQ+uCCbfLIBE2erUx+G+U9V2NicDNlbyuS9IoSLEoLXzQ2ro389bGIKr1OfZ2zRvfWMytIRcG6aRhTO69Gup+N5LGXIUIPVbXTFtcGqkOY4SepXPPpbZD35AQ12ajYfwmK695tmyiEvU6MtxDvVELtpRi9Cm1uEUVFQ1tewcrXhxV4QgWb5xO2pUIPOdKCuD7SWMkisuwr6Jr5DrGq01b7wUGXB4JZR9bODqs1QT/MSOt+W2J96ElORS9d9L72eejrXITejoVoTU6nNaeLI5dYRQix+uG7oSqdI1r4MC16SJZd1Hw8oDzEQPzdlnkA373xU7jinq/j4YFrMBpah2pbHpEuOmNddNM7Gc91Mr7ppc7s8ZFLjWNHeT3u3HUbLr/nO/jB7X+LazZ8FXvy2iJY4Fw5WX1TBIp/myBL3mi7yrYpkqyM7so+Jae+AK2LLkHWcDKJZDVJIrXQFc2R4DUkmVVl8jrqjSyfU8HR1ZIeRHIhUlPfrU+QMSbNIFrSzqI5dPS8hem06YPylyWkHWigsOFiWG00tdQQquu2PjaBml0bJPJae5ur3uY9MZcKFW589rEs3Qm0ID+yHdWyOjmVh2ujy01xfIXxe9UWnyiWTvqTKJcqKC5/MaISaPVdsEaqo96xNxvS09e2BO10wSW8Uq7lYJheWg+W9Fxgz5tJK7VJDOQ20ALFyLsa5qEAqheJ9dawoB/RoaWPPgrjVRw57dm4YMU7WV95asxESq4ZQEv46Z7LzZX7rh1wzHazHL+wA+Pr34vcyg8gtOtydONB9CTySHmkRUhLTbuoajV6k6ASVPjEcj3Sl+FKUFMoMYV59SJN/EaTVeQztyDI3GfFmkzov5pupGHZ6g+gcEcYymlJrh6Vxy9DbtP70aaP3dHK51Na8JJC58R0ykEMAcsMeSVbAJUsJmzjhFwkw3rl2EzWpcY61NvYRqe0tK1UhLyqsh8NHJc8KrA6stKmifi2Og5kuXWI0dUYEUE7ZdhOjnqmJjgQwxfJvRkeGvyx8pVVVC1V3vxPrnCsZE8PDUpiJhhYPXQjNo3filAHG9jOOIyuflXfSa61IlXR3GoWo7jevkfFX7qsUXoOyXQbmbIDY8EYbt30Hfz4jr/B79d8FxNVfbZFLicZxronWZiaYs2xP/xLNmG9VQ2rPhnLZ6m6bpn+JrQs+i6G653ERYbEk5hMohjPEFWtRNE2VEd/YXmoV1Uju3ovOfPNjJ/PRiGUR6U+Dq/jBLR0v1Ty0JRf5iNMCt+64eqiM9VSM5IEta45KFNw1DttK5WYu/E93w38GirxLiTmHWdpmxCa2Mk0Utb8Z1ZXN9XrXKeSUWyoa7riigOLQ8h2L0Lr2a+xZGBMJ1AaVwNKg8ZUmU1vvBOzO441r0ObD1brGczrPgrTU/KMqAxofQRDZXpX/jDi1lmorYhVPFsrodLEE4VYDE5zI2Usm3Yqnn/iu6jq2tThzGd6Ln5jPVlHWWQtZdVGhrqrYVnVLT/wLQwyTq7s+hIVFXEeJ49QkCO09DEKU5TvKISpkCYTccaoVNjinwgDc/t+tuJm1kPKVaPvFX2IIMwwIH+rleJoI9zZGAvlQTP4XH4FKgbxSVDdiUkKdNrPs23TUBBzBlSWZfUzjJJIk9Ca/DLGqehGUCb/5OpHodr5VsSmvRte6kxDLZBBvE4rr45pKoZUx1n0oJiVGZ0D4dBf6DAVxEO1s8oL82yI3SZCxTgVEl3LUMiqOyfL+OPK1bjsjjvx3T/8ET+44Xr8+I/X4oZ77sItDz+MnSOjdMvj6OugVWGMINYxNChrK+MQoLowjXp8b93yUzaRsWpUnVwiKmNZajK5jGm21O0wIleOYkTGd51s+k4CNbhVuovxjIdSaDfj75uwec9KxnUdmNoy39XL2uea2fzbLF/g/kowNXRBhiZEO45BOHUEcuMraTh2IUgkUaDmjtYTJIRmS40i2vdyEiHKOrEOWloXYbwanY/h8Z+YVWqd/5+ItB1vqFZRmm2kumuOlSvV1cGElUJu49B0lauJFuQe/j1SY5sZm3ew3VQ2IjalX3FYlt5T6kJ6ALQ2ru41+Pf8FPWhTbRYir/Vuy6lpVcknCyVwqxRb7mk5RyZ7+nvQvqYZ/BZY8hLsT2VrEhnVlEKRl4FMwnR+m7YeQfDjIItYjl7wZswvVW9+e5DgRLYDRN34qHdN9h8fCcKFAwKvE/+si2cSgwjJuNYMf10PP/ktyEV7rUoT3pdVtrCIWsN36UwuTnzxBfrG6J3MLHx08ju+BDS2I0WllGj51jlc4XZOqoRtlv4sXfKdMOzpCVpEzBmDpNPwuqU1cw/CjnbZr3rvA5Vidv0PES7n2Vuv3SUWMPYQ4zD/+ol1yBWrFZBfuPHgYEbECUJC/Te/KCERLHCNEVMxn2GkX30EBYjaDsF4al07ee+jgqYoVJ0NoL8NuTz6xEvjyEcm1ABKBVJq87nIj3nreJm4lsDbcLDPjhkTG1q0RhZTCVQ0uYhDeHcuS1Dg/jub/+A39+/CusHBqifKUAJdQIQP8xD0yErdPVk2ae0d+Cso4/CKy6+AOccsVi9/cyKecVkfw4BJgiMzxgjfuv212OMLne8toCIK7KQAmujTgnNSNKYq5hS9XMW0X0bWFpd2ZCwYuJauwmN9lYrFgfp/rbj9Hmvw9OPZPxLptLorVpuAqVMBHtxx5Jk5ViEPqtaY/ynXnVNxfdzD2NywydQGrmaiqJCbRxlfO2jFKWAH30TvQsSj2hVzBto1wvmNrz6o6zXavQd+SsKK4lEbvM1zCSCMX+L75tlSylRaLWe176mGCLz83b9F+9DcMN/kjmW02Uu0lqQOnSdS4Uqqkc+F71v+gLbr4/7MQtajclLXo/SpnvR65WpKNVrLHdUSkRFkJVN+VFs8mPItc3B1Pf/inWfaTtyuO8iK41qL4YXc6mXlzihy16h3fnBbe/GwxM3YErnMXj7Sd9FZ0jfac4zuS1mxzVbv4U/rr8EnYluRSTMJYAfdeO8hWwdiUIXTl94Ls4/6tUsizF/oOFCEVANo1DyVEGQ4nAJl9aBGzdWhjCy9u9QGf0BOuO8SUGtEVNaTiwBraoji4pbytVmuvHdOHkoRde4SjoW+Ny+wilPQWEn6SwlbDRQn0t5HOHZL0Vs6U9tv4EYycRQm/UWnytconpiWREppswwhh7S8s4NtLisC935KA1KPK5C+6j4TwFalyOcXkG3PM360/vLPYDs9h8hNvRjenoDpH8MrflZKLZuI78EFPIudK/4KRI959OykxbUcgcLtajyGEBWkd9uzqDEhXeojuSu2JcgHArx+Wt+i2d99EP4t9/9Gmtzg0j2daJ32hTG1+2YmkqiO9WGeNt0tE6fi9SsmdiSG8Olv/wJbn3gPjltpi9cb+7hQDVgfFLVJ0kmXTN4yywy66MtezR+niWHlMl00pxOuCMUEPW6t6CqOdp0sc2FoTaWGNb8qUinltAtj+O2TT/Gz+/+IvIYZbWkBuQoExoKwv3XP3kptEjaKVVLKCkMAeMf27+7ZQW6j/k5uha/ic9mIVOUeqBNL1fIaFe5NqvyZBC5z8Ju7/zPomfR55mOTC2mJWNrqZ+5/FRSfH0/cPWw9vNXeYgaidlL4RMXVVkJ3lecqk7DeiWL9qn0QEISNjKg3ivnUMsMsC5qi4ZmBGytlDgZWBZQjKKBjMAvoeviN5tAW1+ApbQGuDo0QfjQDzNTZ92JS86llx7GHAp1h0eB1rvq4KJAy8MZy42Q+akEKVU+La9tBlGhZZsoozM2HRed9HI846hXMM9W66jSkkhoDgQbKx5ULqKB1o6rXcIjgk0YW/MG1AZ/gg5tFFnjQWXixloiVF7q49Fmf2GkKZFpusDpsqxzC7K0QBlqCgmdF6HC91vZFtfhVmWMXxFfkY/k8spDMjw2iKC6yG8QKOjwGbZWVWS8DS1H/wdSJ/4SyRV/QPuxv0Drcb9BbPlvEVt4CcOvNyLZfgpiWt++9YvI3XsK8neeQA/qX5FPDNNYJNFS7mR5dNGpMCdyoIV+kQk0q2D9HeprPxgOIdR6pCEJzZiy6SU2r1erVjRJZbJYwxu+9HV87Ns/xHA5jCl9s9DLeDXFtsUZ8CvsKUuLMt5Vej+XRa5/K05ePgM//sa/4NMvf7nDCf+oY+LwQOYmFKoaWlGHVjfzVQdJhYSVtZLwal6uJkP4REaNrngFnu2rXGU8pF5xra6hhQxrhRGtekjjfRm6y1XbMTTW1o6VI1fih/d9HFmWIwHU8sp6QAvDBslQiFayZDbLiXqNwQd9BPUpd7Ip2lqWCGA9knO/gvRRq5Ca8z4U2hfQwkWQ3fV11Ma3mwupoQttrKDduENJ+gPxxczJsy4HJaB9t2trtg6hiIcY2rnGZCRaG9VRj2uLzkW+72hUK0Q8LW+S8VfGY70oCPEpMywm1MixMX9uCOmMNgasIxch41r+VRPqmDqcvDxpSFqPZ1E69fWInfxGe1fKSZNTIuIDWTTeM9fZ6kZkkOmbfQErep6F03tegyMSx7PaUri8KQVFyNS2YTS7G3ENA0ZyKNNNLWRKiBW7cOas5+Mtp34Cp8x8IZHUQaUifPIlSTP/a1KNrLlGFiKU9pJZRkbRtSwG134Q1Ymr0BqXzUuTHxj/RsdpQTUhRj38UicUA8a8EgXNWtMGgLV8njFwCt6Cl9GAvhJlBvhBZJS8U2A5WpWllVPaWyxvZclIqEryFJp8IcyINtKoMeZLp4OiE0OsdT6S8SORiM6k56rptcRkfhLVwTsxtuVDGH3oXCqiFShv+TuEx1ZRHU5DMjSVngP5ipa/HC3AT40gRIHu6jgPHTM+YQpFK7i089CjwWGGtKQN3Ys21MMGhkIUg0oV7/iXf8fP77oTLXOnI01LmWAF9PEzMYiIr/nC6nTRUNM4rcWS3ql4w9POw5uf+Uw20hG3UKggk8+ht6dLCvxxwY7Mdvz0gbcjR+WiMc+YTAPPtNOKNmVvjbagUC4ydonB87R1UJ78x4N1rNedptYootrXBFscwfraNrbMIz9RwRGdZ+GlZ1CTRmaSiiyDCBTNHMhW6X3XjoOhiVHngPAiV0Bu4hZMlP8Tbe2vQVvPS+i6ybWma2fzutUn8fhA5Gpahb1gMRwj1p+9D4nrGJ93ToG27ClSsYWSXeh9x7dRn3qMvaV0oa23IfuN11FREx8e7aqWS/KppklWKTQKDdJD2zA552loe8+l8Fqnm2st61+NkHnZME35OByMl/YwzwjaEz30joh3SRKbOlJaiW9e9y/I1rbbsE+7Nxfze07GitnnYkH3CsOqJpyE7eMC6sxKWdnQBxOoOLWmybZFIu1tDFplrf8bjA/+G6bwIlbtphpJUHGSE2PD1imm7aDVe2z75IlXgjit6ZjF1bEppyDdR4VbWIvsTo1IlBjDJ2it1T9QNrpro4dQOItapYjYzL9BYvEXSUMqQbbJj9nuZ/qkNunpvCF9Ps+TgqzQckuIyw/Sc7mVEYh+NyGizSlLVb5bQFT9s1JO6m+g9yI+1kcV4xUaHz/AKNNE2l+C3kX/ikhS04fd1mPGOiLoQWzoJPYQYIzMDEJ0TZqk/NQPvocf3X0jps6cidl5WiUSLEc3dCwdQp5xjNypiaxW3wyQiWP4x2c/G9f8yz/hPS94jgl0caKAb197LV7+qQ8xBt/9uAVakKDltz22GQOJQHLbJNYa5wNdxc6oh2WznsHrNC3CLgoWlU21nb+KkUkBal2lduDe1NCIBFAbzWkiQJp1Xj92Na586MskEDWrNCIR6KYUOOfTkPKY4J5pQ8cMsii3pNEy80LMXPBdpFrPMxfV4lIza49HPA4PqlPLKS+Frw0MqhkqOTKytr/tXQ6/b6ml0UfYbP5RpUQr51YHiTniNTc1tEz3tMbYup6ZwFjv0Wh/zWdoaabbu25JoHqDHyexqHw6E9N59NlCBrMdDeYr5qR823HktLNx0cJ34JVn/D1eeOx7sJgCLYxQf5DG8kEY8/KvfSPMcKVDa/HlNbrQSnfKe/4ZpZ3/ga6A3lbAECtMj0w7tqqqfjtdZvIuFUSMBsq+slmI0T6NodK2GB7j09YjbkEp8xAyq96lKYBIaN84prUP4avSjbkaGu+wPdzi83itO7wQf9l54w+baZsSKmb321AdugH5hy5C8b7nwl/7ZZQHb0Eu2AI/PYBwG71EemmaF6DP9VZimvk3YV5NvTzTNmYshctI9H0RfUddCj85Q6qOWMlRoFVHlqfCD4JDWGqBui9YdWJHeJXc3LBqNV706Y8h6JmKJF2WlLb3YWNkKbPVEiZpmTUGfcrs+XjNuefh1RedR53pGGH1jt349W134Mr77sGdD92JRUcsxl3/7yuMoR4/Y0/6OXz/tvdgqLIW8YRW8PCm9sCiltNGbf6kjzNPeC66W/tw9S0/RSa0A4m2Vlaw1TRpiExhCx0MmsKtTNhGEkj9BZrH7odH4Y+GceFRH8QZ81/SSCIkyKY56hlRDwKhsznDx/biUueRxo2pfER+e4PCpTXGgU2ioPA1mP3xwKNZahWn/gGVmv3+W5G+/Yeotc1GtpRB6GlvROvzP8NnVIJaAsgYs7T+PtS/9WK0yZLQMigOr2iefkBXc3wXhtoWouOdP0BiztHMuGhWVvuGy6opH7n+h1VGRhfxhSZyaOEPmZx/ZRoK1QkUQoPoik1jrRvrsgnqfJT11T5hSssT4o0KQQefSwHJ3GuT6BLVk8Ke8NgOTKxdgVglQ+W0hPUcRuBlKItp68hSeR5jaK1LoBpAeKKKcoJR9pwPoGPR+3hvCkZ2fhzBhn9FO13dOkMXESkI+KYjFnlCpjRGqz2IIuPv9qMuR7TrPFtLIPkPqH/ESfYNMr6s3hBF+vR76CFSsQ7eiuEdn0etfDNaSaQE3ykxziozPIpVGGZVFWhpo0l6Anyur0BroVB42rFIznkXvI5Xss0sh4eG/iRf6l/QTLVwSPv7HAiHFGpNDKnS7RYranKAMn3dP34Ol69+EO1dMxDlPXXoaMvYWq6IeZ29eNqKI/G8856GU49wM7Z2ZjL47Z234K77VuGuTVuxme52kCLBJifw7+96L977tHOFQVbycJxtFCWa6vj5PZ/BmtGrkGhRZwaxQKG2lU5eFMVKgGR1GK847UPojp2EH9/+T9hZvRbxVDdjbU2ro0tGV84WvhspXL5OGHmPDKWZTBWPzFyg9avMxItP/xjmdujb2mIuDRdJfLQw5TAghMk0Euv1mMpiuVLDciXDmh+u2C/eNGCPC2p81yzQI4DsxHqVhtah8vlnoT1PHyFaRewVn4d3yptZa/ky8kRimHzwjwh9/83QPnyyRpGaJkpQaCdHgM45SLzma6gvOYuCw/bbJ2LVVyBlx/abYpPIHcxKB4HQqiNMV5JIsJmFUgTCSbPBei60CNQm+pP708GeE1RmQCXoaUMJpvcZImgLXy23KTz8DlQGv0YD0817xI2VxzyIJJuSyjAsGs4hH84jz7KTqePQvvDTqHc9y4rOr3snatu/ipjsQ72DVYhRSNlyW06reJqKg9afleMxglJyKVqPuwFeVB4ISctMpOxUf1sPLzyxgc0ts51fpw2XRlEavBKF/qsQGdtFRbmOScc1b8bQEaKHWYl2UdgXIcXQr23Kqah3ysNaaPUU32oFoG2hpTxjtOIsSZNxNG9zfzi0peYTDehL20mw792xE6/8xCcwGYsz5kjD095jZJwl02fj6ccci1OXLEVXOoHR7BjuWrcOtzxwH1bt2Yk9JW29Sue9vRNBSwoT23fgeUuOxI8+8WGk1DOk0XVbCXUoaDSGcP2Gn+C6Nf+GZGcbEaqGKsagW0UtblqzMIEOzMDrzv0C2rxZuPru/8RDQ5egQDUZjcxgjCWrzHRuVN/OHbgTbZ4uPRslk1UmB7G451S87JTPUYlp2EyBoepCVB6Iy0eCjbVobJQhApWW2EzWhkjnH6knda4Qs2KKxwmHEmp5CGKA4h//Df5PP4kUaRF712UILXoa/ROVpg445nHnpahd9kGMxXrpaobQVtiKQfJxcMxLMeU570Nk2lEsp0xBj5Lh+I6mr9EKKQxx37ZyNveQoGSqDNvuPBwBS29W3mVDUCLCftk5u+zA+nTYZm1aqLUDrIDhU9ORy5kbkH34YnqLmto6hYqzn7nVaD07WGeKE49wuM3mIxTpzidnvg+pRa9hPiuoGcaQX/N21AZ/hrTH+DrUzjflkbAIjxbbvj8eQ7zKuJY0rEeLKFXziM58MdJLfmb1V4ddc2zaqk/FYyJqoQN/SOeafejPI+rchBifolgtrkOssAGRygTKqifREoqmUad7HUrqwwFzGmlZNA8tD7D4WdNWGW+rI1YjCeaxMXZ1Pto+eEyh1k2hWwM7slDq7fzSNdfgHy/9ATVJj83GqVUqSHWnsWTOfHSSgXbv2YGtw8PoHx1CjvFAMp1ES7SFuoQuVoQRCdXa8PgwFrZ24pcf/zgWz+hjIZrjK41zGM2vGqlSZNyNoyvx8zs/wPiRN6Jy68iuPm0HGy058ilAxcoIpoaX4M1nfwWpSAvu2vhj/H7bV5Gjy9lBQRe6JdS2UQOlyk1XlWC4ThTtXlILu80Sa9kInnn03+PEmc9q1EMVIbMdiMtHgBSAL5eKNkX9ERrH1iDZ3o66pjUSkR4nPJZQKxtVSCvSUM9h5zffQZdyDeZ+/Neod8xkHTQnmt4Fn4/e+RuEf/YeJGgmiuUySm1TED/tdUhf+F4qPTGLXMk8XXUGTvQstDsIb1BwtIGB7BA5jIx6SGigyRSf1Ve5WmN1wUs95O8Bzxy4M5fOddQykfWyqdNMeJfAhjGykfTYcxVaI50o0br6POqMq/UJpJim+lISxgN6H/Hl6Fn4IUT7XmXF1asbkX3offBGrkaE/BMw/NMecxKOshaFyJCx4tFqGlGfvBAZoatcRL6cQO+xX4HX9VqrspZ92of0rBNZdVS8L4ETbnjPxSt21Okt6AMZ1vFnLXGgc7Veh0D3xYpS/pIL6QxtDKn18HVPXgAVDMuI0JDZS3pBwyn7QQPDjwSlV1+j8Z8NutFjzuYwkckRcdSSzMxP0t3NlHDzQ/fj+zf/ETds34r+UolucSem9c5Be3oa4pEOsrNHVyXAWP9uLE0kcOmHPuAEWr3lrsWW/2FBPSiEqV0L0ds1DZUyr2Wh2Uxtr1pnfnIvdR5nOUOldfjhTR+kE5TDyYtegZcf84+YHlqEkfxu0oBxHoVf7qfb8UUIoxUgkSIkaCQYI2EZVngpanoPD2z+PfGh716zvuZv6Z1DgxGMsX6ExNTmctqbShRTdG1j4LJg8r+eBLAQie3XeKbGZruf8zHUz34jgnQ768HSZBH4TBgsEWf5HN1zKa9jX4SWt3wH3c/8e9KKbrbqSGWn9eBiLOVpxpKMY16KGOxx0EtWrEKLqrINEfZOE288zOLr0D0JgX7FC84vdL6AU4FukQ3z5LnGifW8lr0LtZEbEacF1NdPrT/AbzNXWfuthUKM20tZxr7nY8rxFEQKtNoeKq9B7v43wB+/GvV0Kz1N9ccwQPAYRtI6x2va7IKKizS2viS67fV4DlniLpx+BrzOZ1qtVXdxr4TO2mjQaCvvSaHoay42GsSm1UGLT4UcrpVYTxl/PtMuonLx1edAb0DnmhwlKmmnFClg81/lAXjyAjR0S4teZ6hk+xaoXBV2IDzmNFHVTUiIyodXzaklZs6aiZ2jGdz/4IPMn1YhwXiQWslGab0WtIbiLJZaUntesdJxPqvx/f7KGEYzgzj3+GPw3Q99BEdOn0ZFIWZxFVIMZRr9kMAExlAREjKGTLAFW3avRzTJsvi+Tb2M0P0mwbWVjnprY7Tkg5lN2Dm+DUtnno6+9GIsn34mhqrrMDg4zPIDamq6wGyfGMW246HQWS8386rx0M4Zcbpn2YkR9HXPxZT0Akc3cfyjIHR/MCunDg8mNTeNQqFhM7n3mmRijMvzw+WzP5hjdXByXtO4mJz4HpWbaNLWjbbFx5K5xBwsh+UpolY82j6yBi1eFsFzPo6WC96PVMcsl01QZAq6uVR02l7YU1m8E3iua4wqnFcSQB6HqbITZ820aybVic6ahxNiJ7DEf1Po9wo/wRrVOLUayG/USHMYhaEvoz54MxWRFjsUKIiMhYOpdCDG2P4Min4NrXOeh/Yl30Y4ttze9iqbMbSaAj15G9Jxiguly3oaFFZFGG6R9hqcUqev+EdxuZbSajSnQH3WOfejiLafYm1zU31VM9FRqoe8o/raTS2VdXXWunDtEScPUIJuHY58qN1xtN1TmDKj4VYdmr2osEJ8aKMMekV/DG9po6+uw6Gc4QHMy42gHAiH7ijjYThvpuD7OcbR/37Zz/DjP/4B24fH4LVPQTKlTdApwKy8tobVKqxQpciYZ4KIozKYNxuvPu98vO0Z5yOpj3EH8gGYmTG0wDDwSNjvnqqpQ1MS2XaMFbfhezf9PSa9IXJbGxsncab2qmu3Dp6TIBpa8MMFFHM5HDv9Qrz46I/zVXXYALdt/imu3/JzKocRtCRb6GYJoapSkRZZrmba5u6adeW93GQEy2Y/DS84+iPMQYQgUm3I488HYqb9ybU/afiA9Sdr7UfkR0OpwDzfx0C5ctQ/ow/hEWmaBT5W5v9V2NuARwE+k1ermNzxIfFNL0wdJ4PrnoPw8JXorDO0owKqauSDxqQUaOOJGBJzP4nW2R/cV83yA8jc/1bkcquRbivSm6f/GLSwCGJVefJMgmm99eSlGF1v2cEgVkY1x+uOM9F2/A+YVvurqX+72T8gbPGXFQxoZcVznsIcU04CVpz3nGDyXrO9+7fb2shb4nH7J2VnasIe6aG1307l2am+Uq5mxx8Bh42pVTWbrM8bAbkhIqEk3LN9J66683bctWU1tu7YgwLL0bY3snkerfq07i4sWDAfZy5cgJeedBK6Epr4QVB3vDI1S6ds9UtNRTdVOFKZzQqpQRaBsHy5OiKeaXT3Cq7b9C3cuPZHiLXLBVce0nUaS64we92L0wWkgqGFr1G/HDXjDDz7hLfTsXSfetk6cQ9uWv8NbBi6H/GWdrrjElbFlLR2kTwNfzevta55AlW/hPZkCq84/V/QF1kiZJjC+nPCkyXUhwbHVkYTd+O/EfZvgSjfhP3wqlCnLlezSKpo6yjeyq/D8OrzkcruQjQ0BRVN36KLGikUGBKmEFn+TbR0vdy8QS2YDvyHMfHgh+HTXffSFGYqAC15VA+++KqupY/M3ZeRCVqpyBm5xiYpnPSlChFkYiF0nnApoukXuNryj1le8SR/arTqwr2UpQzOn8IVTbJqGNR6utVsw4k8Rwow+dko2khnxHkMAh1SqOWcSB9Yn6pu8FARslDNimvYY3hkBONj48hnMojGPXS0d6G7dwo66RrvhYa0aiK+izFcsW5hm37l7rhGuIOgiQJ8KruuOmjnL+uEkPQTeYXaGL5388cwULkfEVpbaPIBGSCkDgum0QaImrroazJCUEI5P4YlUy/Cy479LEMElS93rowb1/8Et+z8NnJBmW5ZL2MctU9akipFSsTLMS/NDKrixcd9CiumnsP8WJf/ygDzkwB/LqF2x758/jvhwNY0YV/NdVdbD8lCVZGkQtZa8N9j8qHXoyfaT4FtQTmSQiUYQjw2Cy1HXIZI96n2roFfxfDDL0Z17DdIJ/l2vZVevcSEwiwLasVSfGhkNGxmM9UCt9gnghH4ZKXEon+EN+/DRLHeU130kiw1f+3cep8IicZvHXnsoVeQR55xvc84ulqn51qlYqr5tiuQRxmK8EjHemgspiMV7WGO+1GsLous/Jv3+EvlYb+Ny/2T7w+HdL/FRC5eUJIGAiRvtJgmWBJCSf1jMgARIDdVwsnYOsRGSKB5x0BVtHhT2sk6jFRLLTBo1ta5IFq0YG4SERhhjLq3Lcxr7dgd+NntH0U9TSKEKZBaPhfWp3eIaPU2UhXUrVOhQsGsIj9WxVE9p+OFJ32IiOx07WE+W3IP4fq138CWgZWIRSNIpEhkTTogG9U8vsv65UbH8ZzlH8ZZ81+21wr8OeHPI9SEfUU8gUz+a7B/kYJmsVohTfEjFZxVlds72f9tTK55B6Z59KJQQFaud/RE9B71E9TSC+hW80UylzhqYvWbEdn+HSRa6aJHNNylj8fzSUgjGyR+TcNkrXTdNWc7x4pUUY4ywAqoRMplhPqej9Yjf4oaLbs2DfQo7OqIc9zbsJ4EsdFQZiOGJldiJN+PscoECtmMbaWlkQebgCNmF/+rw5LGSV9wTcTCaEuk0RJvw5SOhZjRchR6Wo9gOfu51k2aW1EqW6VJBk349iGrAYdcTy1X2qW38JxKg1cHdexoRZQJP5lJRbtDhZIAGn7RFDi+44X1vrXJ9IAOnVuWtIaayqeeZ3UiSY04wW78Wt56n0/k4mvsUwqD572pWSjSOm/f8wAiUU0cofWly02MUec4xNg0Q+tka0M8nkL/5FrsmdiO2VOWULA7LCtNZ1xB97w1MQWDY+swWdqOaJiaPZwwt0wyXKuX0ZdcjCVTTt5X+T8TGF73E2gbk+a1DgmycC6hNnQZ7uz0SQHnVTUO0cDuPhm5N+hoVG5S3R3uvkIpXcuGKRxQmXSUJ3+N0OgNtplhlh4YWi7GlGMuQZDUhCfW0XrqgeL6v0dt+5fRmtasubj1jNvkn1CBnE+Xm9nV9a1qKf9wAXF1rvoddL1HUSwzZGs9Fx0rLmXaNuuzq0ekCDRRM81fcXAIY6VhrB+4Ffdu/w0e2PlbbBu/D6PFflroHI1BEZEEPdE4jVGCBx3XMF35SJzyoHvxKvMsIF8dwURhAANjO2lU1mH7yAbkQiMU9AQSEfInKyrsWPutM0494ayPhJrP1I794bGFuklHy8j9GuqbmeggY0uk1UtoDKUeXv536OdDIl09ropRa3RBfD8DvzJGLUVLSstnFZVlaQitMjZZ4eGcAP6R61WjW6QhKPUUykOQkKqbn0Irl2hO73JM5HZh98gqRFtLVCciGBtsm6UzTwq9tKs6z2wKRjqCAcZlW0bvw4zOGWhPzLI4QhsszupchvnTj6Vb14vc5BhyxUFEYnxX29tU6ujy5mHpjOOZnxhPhP3zQTNkEdDFMnxJuCXs9gUV3dc9O+O5/f0TwDJqHKIS29rMq5m3yn7CoOZQ8VtB4gP+umWVAv3luU+L5tPDI6qLvNYObbWxKxAduJOsXYXf9zT0HPEDer6zyS3jjIOT5kQWtnwR3ppPQjOECxHmE3ITlMSx5ivSkGhMO1Sn0Mj6Rcfp3cqa+ihPMt+O89C54usUSPKG9AutvHgwHGKGbPtEaRAP7rwad236ATaNXYeJ2lbqBspILE3jwjBBk40Unhlvs1zyo/wNDUdp5aNW9IU0MkJPMuwxvo/Ro4yRwrEiJiq7sGX8AQyMrkaxOI6W9h4kwq2GLo30OAnTVCJxN8EhbC88tvttOfBwuLVToUPQuEUgwdWTrQrTQgoMZYUxhHetgTe+BbmRAeTGhu1zqaFyHpVKxjRppLWNhGijBmtDuoVxRddUYMos+FOX0Dj2mXALbFJITeRkieEUyxJryw3jfVK6Tp+Iss74egCX3/0FrBu7EanWdKPTg/kHmnWsOc50g0iMgJ6DtsvRzKEKtWmHPxPPWvZ+rJipOJkFqmGNwndOrMZKauDVe25D1h9HOFrA4s5n4oUnfgwpc4/+fEJt+Lc+h/2ABLbQxKy1E4YnRaj3QpMJeJgy5aFZeMKtMdcTBDVHB7NT9s3SVG+S2egh/S3Q1skal2ilYOR3/DMyKz+MtplnIHnst0jXJRRQrdqjAEU8lPZcCn/l25FIlFBM0HGnBdYQlXjC+MY6WylEOqRUaC090jYTKaNIdp4Sfh2Sx32ennkv05PuPi25NrRgxUr1PXhg+03YtONB5ILtiCSpEGL0JLQYhvlVazF6EFU2iTyncgwkG9Yqu9KveZykm7XZBF/hJRtLL1Tf8dbe+aEqf+lUtMePwDHzn4slvccxJ4aDfMlyVnZNhO0Hh4yp7Y0DXtr3tm7r2EtaxhD+hvsxvv52FLbejdTwaiRGt1JrRVCJdyCqcWs1jpjR4Lq2JdK8cvUchqpFpGl5yx0zMKmtdxadjo5lZ8GbfwwCxr1WQf7R3ln2IQHlRISZsbROFGamWWQYwS/v/BrWDFyHeHeJfJekl9XC92jzw/osjbr+bHKmEVQbvGtHFn3Y7dwjX4Kz57yK7aFr5atHlPVqNHfr6P24e9uVWLPnZ5jd/jS88owvI6Fn+9Dx3w7CwYFCLQSKodg2I4bzlrQDi565v38aqBTXPFeeWETj6b6vziMymxRaQ4k/eaDZ6XK3ZYFc2FQPbDSWFVGHbcUNODCOHt55KTJjP8WCI79GOs1jVF1FVB1Q6hSduBfjK5+LFPbYwo1ItY9utSaJSKmTWzVkJWupHVhkoRlbRzWkVdSucmnU57wCffO+QGZrh08PL0oBdRtoetjDmPmOrf+JXdmVtJwzKMtdrDPzNN9cPimzp0usfgCNWTeVq5MSY1Y77C7LtJ538qGmfNoXSpjGQkzyqRbSlNUxRvmplcZ5GcLRs87DSfNfQS+A3oKyU5hpue2VQoPHFGrpEBVqyeWqmAVoJNUr0taC4giGV16P7N2/RsuWW9BaHkBUi98Z/BcYn6rYdC1PISShVEmyheXNPDSerJUsWiaYoesb1UqbyiSZp4RyrBW5WScifszF6DvpWUDrbCtOWkxbC2gbG/v2U6hIImmKn+JfIE9X/dqHvoR7d/6Shp35xxQPKW7if8MmnSBNqOH/MLWiNlAoaEliqYwTp1+AZ694N5L6kJ/RQF6Iy1ctXzPyW5TLHpZNOw9xMnaDPHys/HhIC5hFs9uPClIqDlyosd8loXkhcJnsf0dTRHVbdJCQ3bt2DebNmImutjY+08QWGjd6TbJHTTK7XGTuFAZpgoOA+ShjWXo90bksPq/lwSh/C1UoTPZM9+nVjO7Zha6Zc+gqat2dy/mxQS9a7nZll8JNs2KE/9/ee8DbXZVpo8/u/exTc3Jy0kNISAIkJBBCCVWKoKKoCDPi8Dk6jgW74ziOZezwecdy1bnqVcf2OcogiggioHQIgTQCIYX0U3Lq7n3v73netXcSIgT8vDO/K/Im/7P/da13veutqxYagxia3IoDI2OMQWkUtNwRv4kE2jGzdyFmti+mKGu73wqi2hmiSO+OMlCobaDL2sU6mG6CrqhPVtRX24ncA29FqXIHSm0+REuamadlHQgsiFdTFoW2GluFiz9lvTF0IBHHcYjOexs8c641nq2RHkGz4s4b27TvdsbNP7JGOe06o3DOpuqSNmoTsn3m1OVL4VYdaIiM6/YSkN91LuWod3Vtf4WMrLOrO9d1LKWmiSh8QuEVfkH/AdRr46imQ5jVcSbOOeFqRLydfEcNzEyiJYtNOIpQCwcneEzdYhrZWI0U03hZabns2h+i9utvoTgybiOHQmG6ujyhXmTBqAX5TU3E07Q1FsrGDatsh3KwFkXd115Tmh9r3QZkJu0ppdlfOVnlnikInvIaJFe/E4gkrJLUl+jV6hw+L9GTUJMBKyST+tE9RTyw7We4c/sNSHlHEIqEqI2pCKpyxZirzbdVl5c0tdQMXadiAMWMF1P7puPi46/C3MRphqUmrIvhveZuO+LVqAREGbdhHP0GpaPxi4FDXXglFk+2J25UPwQaDa7BLVJKIXUFiO+VrFWOhE904YU16JgHyjukm8xxXWXVOmzMzxfCZ353B86eMhenL57LNBlP8t00Osyu0BFEWQxCuvtBgWmowS8qmWDqykO1pKUYGQUxE1+Zio1WoeRvIK56t9lKtMz0cuRF5vZsROrxtZj6sitYTq3KcnRwE180O4t+s6YzqZyiIZFM11LYvP9WbJ+4G7lSirRvN+HUhAzQE6sXougITMHLT34veoLzLb2jgtKmsh/d+lbUBn6AdrrD1WocFb/olSd/ScBE2xJCVY3npvWr5xmykUbhDvh7Lkey9yPwdcwhVaqsG3JYhSUMiGbAg7t/hg37fkBPIGETL7SEsUYImg630YgC/sp7NMpIXGUQJMx6Jpea99WwJYus6bbkGa2/YoLdFH7rYrNEda0nstj6Tssq8cqXZfg6if74MXj5onciqs38RDcKlZlc+07JPYdQK1GLXVWpIgg1UEktiEp8cheyP2PMsfnXdFgyjIHjpgH9jFfrmruqriui7JpXNBBPvdkqtBXB0nYHn9oNj7VOWo3zvhYrDPJQ/kVa8WzVjwotRWzqVAQu+hiSJ71cH1HTm822LgyN39d444C0V1O77kxtwD1P/ieeHnkY2mM7FGce1E5eEkmaUw6Q8+GdTGlv4QItRszXjvPmvRknMY7RwkEaL2NjbtQ4p8qRhpO0SUOZqySGCSFLAb7h7vux+YnttndYzldDJJbE7N4eLJsxE2ctXoLumNw+gpbu1bpbVGRu8r4o5Vw4s7OSJAOHo9aHs+1h+Z6P3gj8Ibzp376O82YuwtUvP5suKMsnK1CjFZU7qRk9xLNMD6jEpBhUWNoG8lRs3LCcaeZrl/yjcc7My6OVWVW+5m4Rwm10w23Yd+/tWPa2f+F9LQd1dBBX6RBf2EhDaX0y8baRB/DI9jsxUdwPb8jLWJblsjyp0BkiqfvTQ+VbTE1i5YLXYcVMbbHz/JAa/DxGtv0zuplOtNJFtMdIXwYQ1SnEd5S0KcBX7ESpWkI5WEY13g5f+yVIdF+LYNdS0oFGhYIWVFgmxMnnwueBnT/Bup2/RZD15lVDmiZ+kH9YgTwktI5/xHuOlyRl5DMJsN6R7Nh9PtczA3lBvCOSNCXCybWrITvnQyfw/EaNyqwHs/5Ms5IvYl7Hcpy3+O9prNQ2wDelDPQZz4/epcUXtGKkfH1Nwwvzw8yuh5H+9ruQePL3iEZiqERV6WI2ElDpNgtgm7Sr/5lXtgCevSN7SsGne3LooPDzlx/aO1Yww69GJcETpiHPIBakxZnYgcq6u1DMjQGMuyN+Oe+y8HRY6Bapb7pELSjFI7exIzIVS6evRGdoKrL5HMYzw6hoxQ/LQ5XG9ImbzmvydyikGgteqmSwdehBjJdGMK17IWJ+dWEIJ+HHE75v18a1PIQ3y/DLDZvxlk98Ho/vHcD2dApbRyfwxJ59uHvjRty+9lHc+9g6pCayWDJzFoIRamvSyq3AKQUoKTKb3MSP/62iCTyxChYX8L+oqJj26zf/CjEyzzkrTrQKp2mhJyILQWFU2WSXWT71thdG6Ore+/+icOe/If+bW5B/5E6M73uUNKgi3jOXypPCRSUQsMUAlKXSEbMqXKKNe+xWDD+5Fv1nvYbPpYCPDiKRPtS32nyxSqXz8NM/xUNP/SeVDL2nGEukpXuZid+n7X55xtiyUYs78lLBaFz03J5T+Su6PzfUs5uQ3nQtPY4U4lTq/rI8yiLToxBWygiXCzQafqRi/ah1Lkew/x3omPU5RKe9Eb7oNFGT9BNnqqlNmfNgluv3/wJrd/wIwTgF2aP1xXy04nxPll8lUwUxrlX8rD3YJMCip/XsqM4U80oeiL9rn1AtuvHlahGv0XviQ/5jelLi/MbVuQIlvs/nFvZ6M3xHaZAPKdzqjTkwuocsF8T09uOILrFpCrYdz2WpdVPxnzrN/eZmAuPb70D1m29GMr0HvuQcWoE+FH20wtZ3JqTV0KHGFCJOd1rfCGVbIdORy+4ITFPp3NSVK6w2MVOLoZSJbL3tqKlPiYy2aRU5YpUBDGV5b/456L76/0awW4vqyUK7oX4FX4zalhaPxLc+yeaorwJGsHnfWjw5eDf2Zh5CnkJu01JpsWTZvTZAhtXqiZPYjNsbB1AYB2YlVuDS5dfgmN4zDQ/743GztWropFKhdidecse1EOMN969FL3HScrOq2CgVdZn4qHlP67VVspNYOqcf/3z11bjk+KVKkKBKVuKihfBVxeg+QdVDxpDS1KosesOta+bDuR/7GLrI+D/75D/Z1+pL99OP9VA5Vfi+xsUptZH7f4KB//wWGvs3oN1Hi4U25AIl5BpZRP096Fj5JnRd/R54I1NQZBp09pgvLT0tjnlA/KLyrXdh6+aHsfgzt9JqdTHV5wONwyc/iJ68+v22b+Px/b9ChIbA51e3EGuNCkmK3lefRKPi5hxDq4fy23p9GPHAXLxq2T/Tczq0OsqzgZbtraW3oljagkp1DSp0UetV4kjc/QzP4t7F8EePhbeLHqXGJWA6KS6LrI/JYxIICxGJKcMP/sHe1Db8Zt11qMUmKTz8hgrHSwWsaZYKESVsMnZMgP/Evaxv8pzrjRD99Mvwh5bOTRJikY0eVJZ82/JUrUkEWE9C1qwt+dBPfvQpjK0nbMyF30sjxrQatQ7mS17zjVNpsX7KCYaK78WM5CJ+fwieU6hVEYq3ImQSbeKV334fst/8W3QWnkKtbSqfaSWRBkKM5BXnSW5r1PbaR8oMClMV2honoqlswt7JL+8SeZHDgYSYiqNOJjAJdm67bRfKj6WxRKSAFhsgg4xEk7alanBsBOg7EeG3fgnevhUURBGb9oqa0vVHCpRh60dpC6cS9hW3YXB0F/aPPImx9NNk5AlU6jmmIayUL4XbF6cAdDOmm2Pb+c7pPYkfq2BKJW9l07BFiaOmvw/mC7jiY5/G5pEJdMU7zfJLYYRISFuVhQqrQGEr897kxAA6axX849XX4F0XvEwJMm2+qOxFA6tcd1v0MqHmDSlHefxGJsLZ//wxjI+N454vfxXtdGO1gZ0m1GulSbGOnMSB3/4HRn98LaaWxhCOzEI6mEDRX0KVRxgMadIZFIbKCJx2JXr/4YvkZ3UnKgRiCnVG5uame5H61CsxMLgVCz57N0LtslrPB+IehSvteGTn73h8C/5kigw6DbVSOx0NamZfhiRl/Jv1IhntofAUbNCG2kWq1QmKXT8uW/5RJP3dluILA/KRHQpzxD9aHkIrvToQOV01i6IKC2WwyC9ieIVX5OFUeQK3rPsKxuub4I90s2rUhlCi661RaRnSd5Tv01uhkq0x9vYw5NQuMMFAxAQy5NW8RQ0FjSFMevu9UbrJVAr85/dTJihPPgl8TQ2T5BNa9qoaa6t5FGo5ZKiUiqU8+V2VreWjREciTS/UlLvWMKfQT04O4/T+N+PUY17N54fgOYVa5Xa7IZN599G9+cZb0TWyEYUpfUhRc4YoBFqFMlwOmYVVN5WEUvG0NI8RUTGgiCjhNEYlY1LbKUNzE+wtp+fMyvNl2Rfb6kSW097gMxYuXM/TNSzjQHAGFUcU3eW9CE08jYnpyxF/y8/g7Z3DFIAwYyf+tVQlg9KmUgzqKnEVx6MpFIJiI4NcZZIEZWVV1QBFvvbTZQ1EqeF7mVIrfhRR+SOiSlOrXLrm+/yP9dt34eovXIdhunmxYIgWn5aTLmCjwrg/JOsvYVWLPauW5SkV0xjPp/DhK6/EP73yYpd2VQgSyNQKZXRLqIoGeiKh1twFFYUeJs796D9h88Be/P6z1+PE/l4U6B1FtIAg421Z6cKWh/H0dVehqzGESDBJJZREnmVTxBCohGyubyU4iUQlhZFhL9pe+0HMuOpDlpfKq25D4VGihzH64XNRqKQx+19uR7Bnlr1xdFCderFvYj3ueOzfUU9ocIesWZD1QKUpbe8topivoyN6HObOXISte3+HfG2IRiSKOgsY9c7EK5Z9EG0aznsUcF6Oup5ILc0NUB3raAEfSy1qBpWbUsl7xo/0Fuw98a9zqUW3e7b+CJuGfg5fQvjSQpZ4EB+1ePvIF35fF8LkwUSkE/FIDxLBdiTC7YgEYghRsMPBiAm2n16UhwejfOahEPMPQe0o6eoBjBf3IVUY4O8ejOb3IJWl0SJG6nbVXAQxr2J8W0XHWu8VJo7hwoVvx7GdZ1taLXhOoT4I1Brj3/4w/Ot/Bl/3VKKgmDXHxCXyWhyfNCMzyd227UkomFp9QwSi6SbRGJerb5DP9bKFsPzGaKl3aaFqviDSdMnU16hrYk+hFmO7vjtzxVkB6okOVYLIeJKoBTRqjM7v+CRwzMXoetsX0IhMIw7Ml4mroiXKqjUTDCulWmR1CAkyV8vkPR9ItTtOsMMoplvq/7FNoLx45PEtuOr665GKtyGshjrG7nP7+lAdS2H75Cj8bdowkPq77DXrLezGqZ2LE+P4t7e9GVecvxo1eUWiG4kkYVKLhFhBtLQR0KxILZ6om6lsCS//7KfxwFOP4z8+8A94/apTreEwUsmgRiZTY9ruL74RkYduQKlvHrLebsSqk6y9MRaHbmi1HdlACPlIEYnaBPyZOiZoped/9BsIzzzZbEMrcp7c/hgGP/4KRJNJTPvIDfBPX2SUeD7QLqS/WftpjJe3whPuZCnCLNc4haLAeo4wFKEFa8Rx1spXYM+BAWzcfRsCMU3ICaGRr6ErvASXLHsPBUix59FAFpeHYlTVq8D4iL+KsfgrJV9lHSqeNZNj3av8JW/quYyI7gxMbMIta69HOZRCgMok4omiMzwdbZE5iLf5EQ9NQUfoWIYGMSomWmZ/yys8DMgSRqAjiNRABtnSJLLpNFIMI0cLu+m1ZZCnsiw0cijVs6iy3nxBYiuLTnzdlkKuJmwOg7wJ8kEtH6Ii6cKrTn4XPTJNBz0Ez8nVoodg9OEbUXycxO6IoUQtIadTghOs0sVgHKTx2ubvawcIuhsZTwwjjRj21mPYwfh2t68dQ41ujPinYiQwBQN0hfbX2rC3HMVgNYKBahwDxRDjzTIK+SwqGcarmQPw5ln55TRlpoBwLctYsYGct4PKpIa22l4yeBg59CCS6EBg241I3fJFVoq0saOm07o81ABj/hZpTfy1eJ4maRjFpWjoOVjrNQ/bKL1BJaHF9mT27TtFw4zxeO5iH6atNOnm1+kLtzYo84UZWYdp/ahEpEW1G1CEcdrrLnkVOmmpPVkxchXFYBnpcBnFUANxWvRwLI6P/PuPsGbfgIU51rhC51ntA/IwHDgV1boSlIslehZEkt7Ajj377J7Yq8qwQbWU37cRtW1rEYh3EXvtoqk0Kyiyjipk/GwkR8YdQbycRaRASxKgUs0/gdL6GywtUanFA9jzFAp8Tze8GtPcvP188MTAIxjJb4cnqgkxKpdoR14hfXKMCavlJM4+/grSIYxtTz+KYEgre7SR1mF6OVV0sG5l8V4IyAPQqp8OZ4UOpIaFYWpxYV0Jd0NcXEHfhwJj3pB4l1pSd+uNIvYPP2E7t544+xKctfBNuOT4DzBu/QDOXHAllvW9DvM7z0J3rI/WuM0JdItQKl4LyCZ1T94Ed/fkBqzbezPu3PJ13LT+evxi4xdw85NfxB1b/x9sGLwFu8sPY9K7nS79CMPpim02H/C00SNL0t3XeAC1U1HRyZLYtcZNFOj25zG787Q/EGjZ6KO632LhA7f8K7K3XY9ZcVphMmyaglr2dCFZKiHYGKOVFSN7oX2MQ919qE+djdrM+aj3z0M5qtZNWoVGkimx1Iwj61USWW5upcRYpMpbZN7sGOKpLVTtKXjTkyhTuMvFAioFCnmWVqQ0TmaPMQ5MorO6Cz4/K89HYaaA+ohDnpZypNKB6X/zOXhOvNxoLNE2+ZV0qnWS1eZcLDr4rReslBJqnR9WQQJLQIJMHOWjkRml4RVvygrolob2yzFWBPXkgTG87rOfxz5a0G7GUWEqodGJIXzyvdeiKxLBuz75CdKnC4FInMqIriINSJDBr4+WZPfgXrxy5Qr84APvRoRpuz5OMSRrgLQVjmUyoRhQVl6WevfgCC77whew6cBeXL7kZPyvf3g/46wa0nwovT6x5j8x/vUPIckguxgIs66KVHBUKt44GcbDesvZPmRRupZFKst0iJZqdCt6zrkcbX/3/aaldoQa/uZHMHbnVxBhLN1/7XfgX3yW8cYhYglIEPe6QQ4TZOKvYCK9A9EEaVjTuGeWSfObWeeVbJ1C8z9wYt9q/GrdJ7GP7/nimstO15IeWZXK/awFb8bivktcgs8DFuYpf9aZLdJLF5UahIfmAtDwaDUco53qTp2lzlLz1F4jB1PHMxwo0pOKRu3pQRCb2Is8GFK2ynjwl6A4XkKczkxggLw8UtqGSZ5nihNU/BXyq/Jlfn7yEUNU14zpxjnYwiI0GtbrJ+OhMFT3aBjlUdS9VKQ0mjUtAELlWC0PIMnQ8JKT/oWhSc9BuptAM4+j73pJCAT8SG9Zi0hxlEqOWoQfKrZV37zbAkW/YnWyN91ndU8VKh66GRKTAOKxKYj1zEW4fTrCyemIdMxAtGs2oj3zEOmdj9i0BYjOXgb/gvPhP/4V8K14LTyrroLnpMuAJauB404FFqxAsH+huRv1UAfzIYOXU7YGVUbjcukiJQtDqI8NInDK64lnwJhSQu1VCCDZIENLBG1FCrPmAv2yIHT17VSHuFWHvWIqgERXBejc3XNuu7sTVCVTwoORMJl4LfYNj6I9oD2HKxSUBnZu3IqPvOlKRHsjuOm++9BOhdihltbmwBdVSDAWpOu5GyfMm4dFU6l5eV/WQ/3S4ijzMEhLKSOz3qT7vsIkbrrjPsa7FCB6ABeuPg1d1PKqB+nz8b3bkVlzByKhLJmFdohMrh1BAmTy8bDW+Q4gRG9LKxdXA4zVAiU6KCUE5q5CbPnF0hsGjUoBB277NuKDG1GNBxFZ9QYqp5lCm7m0lKIQdtSxMhEGso/g0YGfM8bsY1rMx4beVlCg+1igQJ/d/xosm3UhNux9GJv33YRQRxnag8qWCaqOoc2bxElzrmScevSW7xaYYOogAha06IbhImWsOuSpybFTze6v+8Ze0xXrJRhU9xVPWT/mHREde1MCqTLqI33Ao1jPYTi7FzsOrMW6gduxfs9teGrkDiqopzBZSPHrCr2PIAL+EII+0kANaCwj77AuNDVFyzQoXbOuxgvOG6R7TaWuVXI1bl1LVGlXVLV8aze+Gum3fN5qzGo/zb5pFsAEWnBUoZYHGmQc5X3qTmQPDJHAasCiNlXrMBEuU8jLatSRoMslpYvWmNgP7H0ceOohVB//PSqP/gr1e3+C8vpfIrvzAWQGt6CYGWJxKvBTEGxqI/NpNnMYfmppDMg1betDbArjlxkrEDn2LASWr4L/tFeifNIrkTvubJRnL4Ev2U5CibnqGBxIIxvuR8cx85gWGZmFVHRQZUUyWqfm49GqmD8RhKcdlrXHltrdvHcA6zY/hUSineVhBMnK3Ds8iAOZFD7/utfb/NxfPP4ghbiTrniIlaVunQppF7UutkihhFeetpIJivuUPvGndbBWUN7Tj3kK5LrhbBY3/v4Bxq11KtESzlg4E8dO7Uee38hSeyf3ofbwzSw1BZbelRZArNJQaghjF8PPaIVBRZDKl3G1vxJBpBSkBcjDf9JKxBef76we6Zfbuwljv/kBItU0KqEwYiteg+CU2XwoJ1YgYjYJehhdt+9/EntSjyIRYlhTI5OSuQu00PV8HqfOOQ+nzP0rDKQ34p4nvwk6eSyeBs2EWT8BhmABHDP1dCycSqWu+nIZ/deDLCrp5dYdl1IVzSn+0vnNClc34L7hp7F18D48vu9mbNl/M/ZoS6U86U1cNaffrz3MqC21zfCRyLcET/UqpSgl5u6IeKp3Fw6Y50jmqnvltalxUa3oRfLQMGZ2LMWqY95CZa33WFHNNFtwVKFWvXqVIAP38rrbGd80aKGjxhga46rRNIorrS7lPhC9IBlOW2UxxESUroJ25ivWSqikR1HevQ3FJ9eiuuUhlDb+DoV1t8Gz7Tbkxrchyzg8pFbjoBs83+IQWxJXxbb/EeLP9yJdiHfPQ9uslYgdfwHCKy5GY+klKM88gZa5grbpfXxPLY9Kx5XDytI8mlT8k0DpSZ5dqMgrljtIAbn93geQ1wob5NQgKzlAQjy4+QmsOGY+3nrhy7BrdAB3P7UNyZD2D9O6WlRumuerjQho5S8+dQWScXVGCU39Yy5MX1r9cKEeYJhy4+/vR5amJJ3PYHFPEmcsWUrGYqWyfOFwABPrfguM7aG3pVlGjFfJrFoIT1uualBRRU30rLcQlZI28MuyML0XvQHBaSeahZLFGt1wC7L3/gJt0RCKLE9sxWUITZ1DvPhCE8sWQXXH+np59sTAA5goP40IPYRGsIwMb1erWZw2/TVYNeuNKNfyuHXj15HxbqV17CXeYmK66SWGM/XpOG3RaxFTn7IlqtT/O0CtMhRmCrdWz7G9rkUEwkBqBzaP3ozHdt+Ex/fehX2TT1hXaJXuvIeembZu1gi8mgaKqLtMrfwHaXQkME0ZQXo5qmGzPBLiFodSSG0wSoD8ocf1BBVEEdXSCJK+GThryduQCHQ6N/1ZGNpuPRvoNRtV1CghxDg1svB0eNJD/ECN8AEyCIW3lkWgWiIpFC/4aLUjyPjiyAS7kPH3IEXXqxDsQIwWKcGK7YzV0Jeoo5uRXzy1C6E961FeQ2v+0y/B/40rUPvKpSh+501I/+6rGNn9qA2E0Dxh0VX4SIjk7dnBCzGeBhHUQ9MQ7l2K6addgennv5IfyWVj5WicOt8N0BpqL2fbrdG1lvzJoOpS/k7SHCOfvXA+zjhuIUZSYxRWejO0UFFq61AsgXd8+5sYTKfx3b9/D950+snYO/I0KpRAm0pHxeih6zxUKOKBx59Q8kz2UEU9s8oc1Gmhywx3GorR6C2to5dgfeYso8lV2wx6Na9FikWOs560B3OReJbpymnHiLI3QStNlRFII9kYQyMziur8JQidcJ6ToyZn+Hc8Qk9CzEUmpULQEF4Heks/Djv9WMMTK6bG8CxXHKeiokKmESgWFC4dwOmz/gorZ1/Jt724b8sNGCo9DX9oCiqyipZfhkKdw/HzV2JKdKbL4tkK/18EGh+uhlVrRUcbipUinhz+NW578lO47fHPY+3We+kh7UYjOYxQJ98LEm/NmEI76yPKBOi6U0mbj3tY/f0hsL5ZNlfHKnjr3UPfqF1FCroiN9yfQ7WyhzojilXz/xbd4Rn0pChzz0Gg5xRqfaCRMIpEpcECF36QDBFHkLG1hmT6KPByFBRTkhbUGtTdykMHK1b7WgUaOcYEZDUG/I0a4726ujSk0cjwEUbcMf62B5HsCKCnPgrP0BPIr7sZ+V98DpVvXIX8V1+F3M2fQfbxm5HN7HVCLaXGQ+Gmxmr7qfE9ZFjlrUkUJSRogbQQPy2bTBa9C+v/tgYoRdpi6j8dDhbVTzXXbFMQvPEVF9FTId3oajeqarlsIN7ehqdTabz/G9+xd77zznfgDRctxfDwGALZIPHVzB4aVb6/eXjY3jFQfVF5qgHEVeAhqNYooDZ6zIdEPIxN+4ewIzXJT+Q2ah8IoO+CaxA84SIMjmdJhhziHgl3iXpNipghTqNA9ZxFOjuCdCCJ2a//APwBbcLWZAz1s+96nHE5gy1aE1kVr60EK/hDZnIYkhJqW2FZpLLG6dI36AW8bNY7sbL/VfbGhj034YnxOxCOJfluGwWabi/xK2dKmNt7ApZOP9Pes54J0+D/TSBeJh/XPJN4ZOd/4sZHP4/fbb0JW8e2sI7KiLbRqwmpG1eeBWNiGgjNGtRAG3OlqxF4y1OoVDWs+Oh4m1uvPnVZZANSTwpFbT8at68N/tS4x8fl6g74SkmsXvhOzOk6ofk+60PvN/nucDiq+61liOTCeutEvHMGyoEwfBtvQogavkiLHJCpUke4vadqlvNSg4/vB1lYDRhR40wVjOnE+FTHGqetBjaNPpM7WKMAyJ2vaCpZMIowXZkoyxqp51Af3YkcLUXj8TuATb9EdfB+1CpZFDqmUXuJcGoEUwui3BWGAcxDWLi/JAb/KD8hp5k6BzVCywz9SUAxszKr1GpO06065vVNxZ5cFuvWrEOiPWH7WYVIps5ABzZu3UOaNLDq+AW4cPkKpDMNPPboE6hEigw9YsgWc1gwqx+XLjvRFcBA4lwzz8gGrqjySbs942O44e4HGQ5pJJMHqYlxnHriSThuyhSrZm1Jq5i+/biTMDqSwci+TYgX8oiyLsq+vAlzSFvsTjQwQkaZ85ZPof3Ei62XTyDvqEZPKvebb9IjUZ3RUlcZ2px8EQL9C/mGE2Gr+CboVJ6cnuwefBwDma2IJ6fhvEVvwXHdTlB3D96Lu3b+CI1YBQGGHFLMPk+eAl3EjOQKnL34GoTFC0xE3TlSyq7e/hvAfF3yBunzxPDvsHX8EXgTDYZ7WnObYYtCTnWB0ZKrtVp14WYfymAQT9JJmwDonpvocYg2R4LF1uLJg6/wfXPJ1f1GGRIavCpl05SFLpy96FrM7zm1+W7JaH1oze9n5vOcQu2SJ2NobCw1e5Exon/eqfCObkFqx3pUYv10aaWNWBwrhJXJmM9N3ghQoGiFKLBV+sCuj5ipsuzWf0yNqGG22tVfA+Qt3uN9/VbJQCUfCRlqQyTgpyBUEaHr79u+Bvkn70dm8xr4xgdYcFrEDnVtRVDQd0wvLOGm36LF9mWXi8RPo9nIPsqVd0R0lfBPAyUhcVaLAlO0axvwQAW3fMECPL5+Ix4f2A1fZwKdeeXK+Iwu9q3rH0T/tDacPHM+LjppEYqUlXWPrWGUo2moDRw7fQouW75cqZl77+bkqj9cru9hQj0xZg1lFb/2/KKtyE6gt70LFxy/xBSmFpSoeEoIxnrRveICBBNhZAtlDOXCtrtKjjzU6JiD9lOvwsyrP4HE4tM0ccwOpScaTT5yI/IP/hqItrNO6QGUc4ypKdQzFht+h8CV32hg3ObH8NhOhMJeXLD0LZgVWqInGBpeg7u2fhP5EOsjGKJly8Gn2WppYE73qRToNyLunyrdaHxi/GKV9d8k1FYAQQgzexYxNIhjeGQL62EENtu4qtVP1OZDaypLbNZYAk2EVS9E2uqLhxppjw4SSB16n3zEtMSnUmba2A+1IBVdBjMSSyjQ78Ss9uPtK6ft5G3Kn2rF4c+E5xRqoUSamkZSvCwjKN1Un7+KGnwTvHs2wh+OoRKQJdEHcnGVBVmcQqoWPHWuuOYzEUGWhprM3lG6zJyHBNsWO9BgDn6jXf7FGNpM3uYN85sK45ZysAe+YB8i9FPbR7bB88StyG24Fdmn1yEoRBMJlMgoWmrYphFSwLQIgvLS7pxeKhHFfNrgTRj96aDyMn0Km1s3jXhKO9NlbAuEcPKSRbhj/Trs2z+JWKwdRRbUG6xToDy44+GNWHXcYszq6cTqRcdibv9MPLphK/bs3YtTli3GK5YtE68QVylJfsdDCla0lcJSS9i+8XHc9PuHGBLRUrOcWrWSL+GvV6+msqOQkXZFbwHeCulBukTnn4bYyrMRX3Y2uhefifYzX43oJVejk3F3MNll31Y19ZF00/hlwRitdGn3LnhibRS0GgLlDOIrL4Vn+mLVMt8QM+vQOQ+RXfXMq45kBxb3n4Y2r9v9Y3dmM3619St089OIhoOMnRlyFFjH1QSWzHwlzjjutYj4OvkmS0ocpCydgjioMv/LQdbVBv+Qf/2IYEbbYnRFuzF64AAyhZytQSYFY9ZYhTy87PJWra1JQalu2d8mNN/h0brr4mkZQKahg+nJkDZqAVpnGkFW/uIZq3HO4r9BMjTNvrOlkpm/xF7EtiSsJuzkIDy3UDMVCZ4bz60B65qPxJyDbUguXILqzsdw4EAa8QBdEr0jlPjYS2bSMqraridAy6IJBloAQQKskWjK3oSLaVYpwGUddCGNWOTkUKNIQXfDOuxtVmyAhdGAhAI1fI7ueT6ahD/WgUQlh8TARgw9/FtkBgYwZdFKlMPtNihFGk0upCy0reLBHFoehcivaxHmcDicOK3n7k7z/jNe54WuVWhHXRNA1KjAGEN2JhNYuWwFNj6xAxv377T10GtkikCUCmoSeOCxzThv+QJ0JdqwcMZ0rDj5FGx48kksnzMTZ9HaSqhFJ2WtH2Xl+tiJEwu2f3ICN97zIOnnR4hModVIxkcmcP6S49HX3UHmUJejyk9PiUya5adhxs2J9j6E+uYh3DOHSrmLVJUYiVZVBOkGa7x3g55SNTuM8Zu+imClaF1Z2qTez3g6eupl8PYfJ05oYiUghk0a2F/iE/K3k84aPFHFgfRG/HrzVzFcHyMODL1SZcTq06nUTsaqhRdj8dTz+S6tk9GToR6/tyWTnOQwTXtg58/Ik3DwyWGvODPTqjuCrNtBcDygpwdTaj6XtbRFEiiYplEJnbHZmNtzEuNaL0bHR/k7QVprKCu9S403oPBrrkGd+Fu6MjAEsYL4yfSS8X3z4LXxI1+o8V21tGsiSa2q3TDJ95U4+joW4pRFZ+GkvtdQ7txoQIexU7YGDAMMxA/N2mjBcwq1ELTGKJ6be8GCylJI/DzhXjROuhSFiQkEt62Ftmn1BS0aoKstZNU1wFiXGaspoUwr5QRZ6aqU+i9kXFwiAbbJQPx1j1Utcm1EJO1ESO3Hio4xnpZlrHvDfKqpcsyvVkC5YzpC570bsXknkzH5kc22IUerW4EF0d5IGh6q9bs0ON76fpU7ia0zdzji6HNVsatTh6PAKt7aEPhAL1jtOOrYRzw0RMVWSJE2IfTFo7jw1KW0SCls2roNYzlWjj+MWFsEqdER3EPrfMbKleiOBDAtEcEbzj0TJ0zro2Vn6EFrrNSVlLATI8jbKPtd1Q6nxvGTBx5ghdNZ40s+4jIxlsbU+TNtVxRZO2GkcfWK6cV6Grlk90lDPRWWxo7yOJpX2tlS9qC69jYU7/0xwsEKcr44Qoynqyx/+JRXI9J/LN8QGIZMiN/q89bBe0Y1nuexH2t334ZycRyzkr2YFlmAxT2XMPy4DMfPOAdtwel604F9Kw4zLnPJUcFreqSzTrpBzM17dLS3EEVn/LUGRZ6oepxJaJ7ZUGCpcvIolV1BAStBDcHiR20eqDc9VJAyLWQWK5buKc1QME7BPhazg4uZWh0HqvtRzNPtlgB7ykyaRofnelf4NDlBH/Nc3pxz0V0czqdkriqf1Wj8NDagTC8g4onTxT4Op8y5GKfOuxxdIdLYlDj/W5uVOz/80L0jBVpAXrWcnxWsoEREiIkRtEOwkvDb6iK8VxvD6O9+gMm7b8SU1E4kghK4KDJ0l2msEKpPMLaTltF4ZOeS2/A8MpeI4aVW1qH0aw1+w8rUooI6RFUbMmKbn9F6S2U0Aiiz8MIlWBlAPXMAhemnInzVlxGde4pFGUydxOMfHRqsz6jaVXOYZVGswnNpRzGJiGaF5HE4KAGz9s3nWv5IQzeJkZZPpCNqnyivo8Jhad++biO+95s7sWbrDgp3ivdrmMynsXLWHPzwfe/D3DlzjLYHQd8KyKR0xnjN6qNWLBNtUWfd7qdx+WevR5FxXljuED9Ij2dw1ooF+PGH/oG0l9WhQqWS0agxdQQY57sCHUpeaTfv6UqllPjs/95HUPzttxBvCyPjbUOoVEC9UkDvtd9GdPnzD91s5aS55BXGzV4/02e9aVHcpngSlPczSv0HICEx9aRWYTvTapoKdRRGMVSosgSymqwM1YdSPLxehINqmzVvoFXQVMYOGgO6I3xAftLkEj2kYGpuYEuBGOuTblL6bklo0a2GXZP7sW+EnmpqE9LlnSjVJ8lW5Gyfdtx0vN/wS4D5TVOwzRjwQaUkBaJlv+SbBJGMTsf09sWY1rEIve2zeEcKTZ+Q52zwyiFqvVB4AUJNvW0Fshmljmh8EKSbrZZXEQi77kHxxs8juYWWg5q+1tZtay17g+rSogKoxHjfpeMETOlqLDDtBAmqHfgDSFm5tSujrKh4ULsu2pxt1SUrskyLnaWwhXJDJB5dyhPegORrP2ab9EmDKq8qmdjmuRvwQ2tUEDimVWmlzdVebTyu+zxRxVVZiyqfPABFRu4dEtlIxEMVbC6axr9Jp0u8jgL6TM3JTcsgWLNjDx7a8BieHN6PwUIGkzuexhUnrcLf/s3VVtHKSobvcFCEKQ7z1sgUrGMx6Ia9O3H5p65DrhpEhO6JLHouW0SizYOffvzjWDplKrm5ihLdXZUxSOJasi1UhJvVq8DR3MrOw5ufwK7PvB61gS0MF2S5/fCXyGRktL5rv4fg0ovsq6ODKk2iEm7mpXuHQDtrOJ+jJW7PDqo94aVBlTqXzTM7XpV40uJpVCMJZp4ID7qPyA7tRmlyAChlyF9lN3ErynCtYwFCPb2sj+bQU1lwfcQMzNjImztEBb1hgt2qD9eirafumWZVDaf2YGR8N9LVQWRKw8iXUijUU8SJSkPJ81t5b2rMDfgjCIfjiDOEnRKZSQ9tHjrbpxF3N19ceTlHirxHo2fe5v+XQq2bOpx21CHR81PzkiZEVOUzTUQEAiJIJYXJx+7C5L3fR2znfYgrTgjFUGcMqYRk2LUqhxSCQO6TVtVQw5i1/KmVnYKriei2/C8PCZpCAO1zVOT31WIJbflRTMxdjfClH0bHktUOT1rfMt9TPBQhYuZP2CwdPiSuMrgSV1WFmFciKcYQyY4ElbRVpfqc2dqJrt1oqQrzI5cQV02POxqICQusJbm/ir6cu34IGFqba+gtlREIBhEmLSz+EiccBqYKjxDqzfv34jWf/gKy5QAtNd8h/eQJDU3uwdff8R78j9WrxXUUailKihaF2kecZUVIToL+NEtLBdmqZaVdfeIu7Lrur+ELt9PikJoN+mi01BoB1XvtdxE44SKj0dGB6ZsvqnIzZXOj9RULwLp3oLyPnpKGbVoXTqPd6KnXNc0XFaapWVIsT4mULG65F6Xt21Ed2A7/yC540sMsb5mGgmqAApINT4EnMRNdXTFUjjsD4eVXIewPOs+ENNeOqaKDc/0FDi9Tsq1fntgKouIKaYpnVicxzaJQmUCtVrX5CdWqGogZHml+OwXbRyMY0RDSpid6OGiVGMtEYYLo0yJL6/ePgKMKtYjoLJbOdE/a3EXBysucONN2TptYQqVRpNbfivRjv0F452OIje8j8QJohCIokXErAbpP9r6UgYSZOlJJ2KqVTMEsIeMUpitil0uMj2klCsEECseejRnLz4XvRFqK6AxjQsXFalhTf7Wa04JiAs0/bTYIaBaVuoNEHeUqvK0vlu5XrboZjfIWZjmqFwlJFrgD9eAU+ELHwO+bopv2qKLlZZl6QAMG5FJIwJutxM8F+s6GYLBYth63MrZKUqUJp0Ogsjia/iEcLtRShDK+2w4M4fLPXIeRVBXRsJjR9R7sSw3gr888C999+9st0SrxzDNRCXWQqatdw+acG3Y6yKJyX+3MHeM//QSyN3wOje4F1t8d1I4qZapCKqXe930XvoXnGS2PBq0crEqNWXVFkGAzHVWPymvkOBpIGVgjbZj1TJUsQil3/lceqafvQ+Oe75Iga1ChIIXJTBFaEL+8Hr6kBiy1v8hjq5UzjKmrVAEh+GesROKsNyKyqLXAgEI9YUNaHkTKMjOwZbZMqnnRQly4STasLp/Ha2uBkG5VtqrNQInqQfOQQTM38tlj5ueDFyDUyl+Zto5miUQAFkaWz2UrS6ErV7hqbQKeXVtQ3/oIJvc9jNToIPzZMbrOIwgU0wgTaelELS5YpWuiYRG+eo7CLbeqgVI4iXTbDNR7F2LK3GWIzFiC2jHLEQo5V6Veq1ALMsY0F0Vrebteafi0+yWxFopaKcJe1nQ+WhxyWK10PzzDj9Az2834hu5lYx+fpFhp+iBJDyRCJdCNRnQWvbQp8HadikDsHKbj5uqqjPKRNPPJtTAcBdwHDuhBqHXchR+Gjf0eDs+8OgQSas3n9stSN4V6z+QYLv/09dh9IIuELf4oTR9AupZHT9CHX37qs5jfmWS5asjx/WBN3YT0jiQPJmDiLOEgoVbZ1QLO8KScwvZPXIbErkdR6ZiNEi1IwJNHvcz06T72f+B78M07/Vm9nMNBdJLn5Bqe6NXIXdJ9FdIUtxxpPT16SoYqSaZdKPVdlR5YiEqhTEUzdseP4b3/h0jmRlntbfQqXK5aRkoGyGPeGt3/ephcmWH5MuQQWkt6HuVCGuO+qYif+3bEzn0DzYj22XKeyqGKsEib4OpMUqgc9E+46768Fz22a1l6IayyiqYG+vaQcnCge472B/MiYYw2TNuBlYC/jm5/DBxVqFvg8tUdIcxDpaebYGDM1ELQ9ae6fluHjP6W66OopcfhY6zjGdwOT2qQ7lwGZQp3rZih+xRAMTQVQQpdNBJBjDF5vXMG8tNoLafOR8hnS+G54rYQYxayLyq4LY5o2/8QFx+trYrEcxt+wko1G01mL45+H8WJbyBU2Eqat5FZw1QkTavesiaKK5SOJ4eSJ4uibxr8idcg3H05hXyVDXDRChrK9/l0syUpfEVAE+hDYBbMHhwGR1y24NmEejibwWW01Nv2jSMZk1BLSLSccRUTqRH8y1v/Fu85/3yWW4sxUh5ZRh3Sd7a6jFFTDZdMjP/NpaWwZNbeiD1ffRvaGfdpkwWP1jNTvZZYs5EkZn/g+/DNXPZcqB4EMX+rd/1QSeXbiQr668yBE47nBqOf0YqpCQ/yVa2wBxP/8TmENtyOnjA9PIYJBbq4yk+9FmblePjolthIMJZbYWTZq6FI5DHyZ5V17CkXkcr5EXnte+FZdQ0x8vGZZUbQH+M4QhMJHg5zncskKTThD0FZOiDv8L5GUDrQA6Vz8AWC+EehVvMdZcU6abXot149qBf+SHhOobaUzbV2oqOXlIeNobZ8pZV0V9ZQFaMuJjnqusd3SDjFBkJfBbfW18NARRdrVag7vYy1g54I9YCr/NarBz9RbGZuWAAFlZv5qutKz+Ur0LzwFY3FVZeEcNNqF+oGotjxpQYGkd/5NTSGb6BrNs5wSOPQ+YyWTa6nCmSYsmxmzZlew1uCv6p3qAzqWZQ9cxDq/TuE+t/ACus0lJ4npGaKOhwLCBFWo50Z2EP35NBtnjxLmiqLFkWUUMv9Vr5j5RIu+/R1eGLbANqT9CJoyeSeq19+78Qwzj95KW744AcpwBouq2WRSRsG1OIjDd21VBnvyRaJpPLIdHfvd9+H+u1fRrnrZLRVU/wuhUKAcWiBVpfKdu4HfwBvn4aJvgAQLxNXZ4EcNQQm6M2iP1t5Dwe1NpsoMeyx9sbCGHb9x0fRvfFWxOMehmWdpEmQ5aRSl6FRl6XSZ7puWqNKWKbxqKAciKIWiSJelDVnXTPt4gRps+qViF7+cb4r/pHHqZoSJzVBuBqe4jUhQTh4rYeuoHLRlaPArbAj0LW7dzjojg260plpBJ0rbV4zTUvW5OEPv30+aGL4LKBElbIyaF4qW5uozQLbNYVBCxTUPCFqPif4FsHUNVmAQmFf0CkmXnKOxeDWvMd3xESydCG6tSFf1NxwpSyE9JW1sbQyVaEVvzKPCBWNVgdR046a7uwl4lClQEtRKA9rNKJAq/eqUa8iv/9fURn/GmK0Ot7qHHoJ/WRsrW6hyfPMVcqHaStVy7IRp8WbxzQ6qX26EW70o602jvLQJ5HZ/4/Md9QEy/C0oyW4At1xVwpbXKrqh+c9Fb35WK64Vl7V0FCdK0x3X+lv63Cv67PWdXNsA0IBP8vjxgGIkewLpqPJKx3tnXj0qS14bP9+IcG8+SOGIxNZG0OLUUhHYx4e+ilP7kdmyxqEg24lTr1p4+mp/LT2nMYMaAM6Bw4fg8NOBcLIjQFw/yymVp7EwayTrlkvf/Ch4Ihk1U/d0FpuTU7N/vrb6Fl/FyLtUeQjPcgG4ygzfjb+4wcahRhk7OzPTaDGI53NY6wehXfW8YjMOpYEVG0oZYZ/ZJC8vx31OSvIj1q4QNg6sF/32mGHcOfvwSoWYeXVEUceChHcNsrNOrej2aZyxGECbV4hLwxIV6WvhHnfwzRcrf7x0CTVswCJpBVExPASNlWljtYH+nXi7eIQCajO7S1vjIcYQ5bDLVWr56ahm0qhBXp+6MqBvSG+06GMzC3Rt/pR+vpKh1LV7yEcBBpXrgYVWXUN2wtmac00LNGTRCnGKiXB6r4JVDzjxjBaodNfrZEheKJzeg5hWmgtKI+AWkUjTLQH0XAd5fEbUdjxLSZcNyVSISNUwJhTFaw6kMXQE953IiT8mhV2kBnE9Pp1bRIaPye3XuudmWVSS2jzZctDKekZyy+eUZNYlDTpYLIFjasXYeRSUnrFJ37SeCSXxm/WPqRMyEQUyiqpT4ZvsFxa/kkhh6da5DOl7ZjHt+lWRPeuQSnaj67KAaan9cPp2tdCjMmJRbCKakSdSwRTzvptHoeVjZTmd/wrJjfLR7woQDo0B1jCZyuyyuVvfS9onTfTstM686tHrG7zW+5GYf1PEUmOMwfWGyU9UGQeWvoqV0Q+m0I6r5CJRqZ7BnyLzkD4Ve9G5IrPIHviFfQpA+ia2EHeqiLl60alRCNBLycxd2EzS4UD6qdo+lT6Yzx3xLkY1F6QRAgzzdyK8DY9Bv5zPfGtgx+0vn3GoYSaz+0g6L6d6774pnn/j4T/s6/+fw2kDIVeusNa7nnZiJ/AWFIumhrXCsiH0ih558KTOJ7yOoUCFUaZDFfyTtpoo5InTos0SabOo0qJrwS0BmWSgjEFHUzVd+CraOz9FoLkOvK5jciSVjbOaCoZs5oNzal2zGndd3ykWWl6URMutEWQVgcNKQ1eKw2zcsLZElHaTmHZdROkKoz9QnS7GTOryJJLeQW2Trc8Gn8Udz/0CNIVPmeZbKIBfzUm0JSfmIrMryG9xNSUx+i6+4mnJuRLtTjGtuhMJ1R4mkWnSSm6bLGOYlg3UpAXJq3C1wttAaSJOvpnwQ21NKMDw6/EPIskjGiixFReqQhLQ8nqt3laJc5FHv5aBul7fglvuk4VOguFxlSL+RP+AmKdnWgc9zI0zroGldd9DvW/uwGh99yG8Bu+Al/3MQhu/gW8d34dnq3bUAv1Mb8QphbHkamlgGWr4WlfaB1nVWnEFwEcJab+MwVza7R8sVqr63Rz6Khn1iC7+xrGiBlapy5WaonxVQnV9mXwJ15NXp+PUmEnvIXbEcyvgbcyZuJV1Ybn1A6+mlrF26goGGMGRilIdRT8cxFc8mGKuOYIk4R+WnQTF8eRznqSMYmOQj1ZW+EjwbWuE80rfxbQtLvWkjfW4MhDVlpdU4EalRW5vxQsM6cgrv36N/Fvd9+HqZ1dCNGdleun2XG2wivzKYwO4GsfeD9et3IlL6kK6AHY+uvEWqGTTr2NDM8TtlnDzuvfihAzCNFCa2dQzebS+IFqIwFfbgSVJSsw6wM/RsAWobDiMRcnCCbixPVgDNj8ORLkV8g/kdqQRVT82nJ69VcKQNjbBQ+35TFtYXkAmcfXMpZjCnHWRbjN1tcOtMfgjbezSIfWBs+nh1DdfDPCm36Lyu7NpEcJ0VAbSv4Icky8m15buTiKyd7j0P3Wr9GpnNWku8phuf9Zw4tLqI0R5PalWbAOMrDMpOx1Hal970Rw4KeI1hlXsXLh24MSucXr7UegZwnqPecwatCc3zDq5TE0xvcjW9jCL+9DqLID3iw/qxWZ9l5+O4EJtRL0XoOpPd9xZibkWg3UNyoLrZtmecgkio1EZierzsKpNWDn2BhSWXW1AJ2JBOZ0HLmdjasa4S976tXAHMpQKeCE+mPf/zG+eNvt6GxLIkZlplUrC/4wQwlN4wCGxgdw6Yrj8ZMPfZiJ0DLKo7C4jWEEQyudaVkqDZCY+MH7Mfyr78LTNQNhT55lZVhA/pb1l/vbSA/Cf9ol6H/H9/idBvCqZAIJtVSYWhDUzXcI9o5NYiKTUemRZPmmd8nPaYJGMakxiTdaDGjVZ2fNDj8pROZv68bzjk36IBwpdrKyxeFt8O16CJEnf4/Sng10x8cZqdE7i1AhM+a2BhZqWI9WJsmM8JspCL7lq4jPOs3Vn0IvNZSYW/znDS86oVY8WqUE+hrtrnHHU2Y9McaqrEF5/Xtp0caQS3oRLJdtrjgqZFBa5HIwDF/bCfC3vRpoexm8YS2+30p2H9/LwVPQgBUyC/OoNLJk+jbEYuebJdaSROYZ8K/NppIoKw7mmVcBs9+x8xCF+Ee//S0eeGIL9g2MYkJrndNo98eSWNDRg3OWLcWrXnY2ElrkjaCFCYWBunJMqJlUye+E+n/ecBM+/fNfIt6WoLKi8DH/bDCAsIS66sWk+v1Lafzy45/Eyvlzyddas52Wkb9lut6MlomvB6X0Xuz7+MUIT46jGu1mdhRqjVNmZlJI2ta2ktqL4AV/g+nXfMVkQFgpZPBaXExKMUQRHKhW8Is77sSdGzdj6/AQspm0vdMRi2Jm9xSsWrAAr73wIkxPNnc+odfjgAWjdpMrro4wpWYBQIUeEOldD7iN8/R2oUQ8J0YQGNyB2K41yB/YifGxQdTzKUS1Pxjddc3XbviCKLG8lbqfUa/WYsuhnMsgw+fx138U4aV/hTTTi9XVO6C8qQRalf5nDC8y91sWUa6qdbjRjaYgMebSYg2m+wd+jNL+j8ETLJDpe+0dsXWdQl/2aw/nEfjLSbrjc+BJzoEvuhqVxEnwxI5FkNasBbLJ+lZ7XYsXtRmeYlC7ByoRE2q+7yEzVpiDzbAHfvzbu/CvP78Bm0ZHTdF0Bah4QgFkGbd7C7IgWm6ohvkzpuIdb3wDXnfyyZY+XQeLLSXUMm4tof7WLXfgH3/yvxCJRxGWcJExcwGPCbWmfxYDDQwN7Mb7Ln05rnvzNUqI/yX6jL0Zj6rJS8w8fuu/YuiHn0RXotsEqqJx+8yr7pN/oFZihjCpAeCy92HWFZ8wKy11pdZjC0NtsgZwy2Pr8MUf/hCb9u5GQd2L8SSCEnbWR71coV7MIVAs45gpvbj69a/D359P74ifmxU1S8qDr2u1GmFGn8dGiRWYR5w4FQZ3IXfHlxEb3IwiA/JstYjOwgAStRwasXZU/TFo62OV0abdNNw6XxptWKsUkM1SmfWciJ5XXInA4ktZj1ToTDtMz06TiDTd5FAt//nCUZcz+nME5+JKx7u+WbWY1ShcmqLoSyyExz+B+uhuPstbfOnRurlkJnWJ+LxJBAK0Zp5tDMzW0xrwSP0entQdjCm3UnoHqADGGY8HydRafjHH9KNkQDVEMRnedd1sYg2xK909xbh89snv/wgf/d73cIDKIdHdi2g4jqA/AJ9fuHrs3J9MoN4Ww46JYdxyz922uuqq4xYyD6VP7qPVUfG02wVLg51DB3DrY48hQMUg6bfVU6mjlbPek7xps7n9IwM4f9UqdEe0VDDFkUKmrkmlVs2lMfiTT8OTGaPy0VgB9RJISCkcDF+0Eo12FqrlJ+E7+RVIHrvS0nZL+Agvvsv/X7/lN3j/V76M/YUiIrTIbaEE2lh27QiqYEBrX2vr4yjj4QOpSdz24BpMlEo4d+kJDIGUIg8KoMUidmqpE0/G9HS/RUfNlAoMrkf9qfvhy+yzwYO+KGs5GCfOMeZCZdco8mDdy2OjcFer/M2PIRtPACtfg67L/gHeWSdTiEl1CTTpof5qTdzxqSwvAnjRCbUYQxuZmWBT0lRlPOF9MR8ZOX4i6tEe5PM76RbvoCBrnWdaHTKwZnkp5PIgSWamJecnIS9jydIT8EysQWPyDtRTv0Vj6HZUyVQNKgm/t5PvazhkhYwuphCDSmjEksrTgy/+4iZ89H/9EJG+GegIt6O9rJVYtfVOiRa4hFhFHV9EnEyoxSMCbXGmWMcD992P/mnTccKcWZaqyqLfCplcgjKUzuHn9z8Eb9BHq8q8mH+QQm19pQTtrNigwO8aGcSMQAxnHL/YoSclR4wl1Ace+RWGb/sB4/JEk15SRBImTS+lB6IuQbrI9dwYoquvRHT2CRQAxdC06da9SA/kgTV495e/jFpHJ+IMIYJUlGbFJYz8Z2utK1v+k18YoivuocK6d82DVEg+nLFIeJlE2//Wu/aP1jakuJ8hgDccRWjBOWgsPBWFwBRMlovwTI4yxKigQPehWs7RIhdRIb5pCumIpx2F7vmIHn8uoue+CbFT30wlkDTrTFLTkpNkCjE0nJR5KW/l+ecOLy6hFvOQ4WyRBE3GU0OZ1ZEEXL+EWhT+2FIKDl3bCuPZ4iC1Od/jZz6TaL5YoysmDa5zWrSGL4yGP2wt0GW6yepmCveuopG+REae1lB90zwRc6gvrTlCRFbsoR10f7/yJaCzHaFwDJGKB9GSBnXUkQ+4PaZCNWeV1L9ugxLI+aGAhj028DBj7wvPPgtd6r5qWkeFGD4qqAlaoZvuuc8awDwSaj7TJBizxFQmtoQTfxXzD+/ah1eedY7F6jb3l+9oy8FodQLpDXfDx3jUE+Qzvu/CCifUsmKaP1+tFRE/+00ITZtveKjhTauTPD2Zxjuuux6T/C5ModayzDG6xmqxL9LrkdWXp6LZYS28bMkjH613OIQH1z6ME08+BfP4rQHfUfZOoJ1y0S6PWsjA6yujTCUTSvYjetwZFPDT4etbhlDHDATpHdQowJ5px8E3ezm8S85FYNWr0XHW1RTqS+HvPEbqykKHEDNQGTUOXvd8xMfGCDBv10T35w0vLqGW4JoLZRMdeUhU9NcZAKsu/pGW9lHT+zovQDVyAmoUoDrjqnq1hHqRFU/3reZNoVamm12Kok6rUw4UUYr3A9OuRmDGV+HvOFeGX/qC3Cp3W268lIAykRJRkxnwwR/9BE9t24GOZJJyQGGgZcj7mR5jxKC2eaEFqmk0HBlLQ9D1vUafScC1iuWuCS2oEMDFJyximiUKFAW3zLz4f6JWwB33PkyLVUZAMTf/2eSMZmltC2F6H4lgGE/R5dUeZOcvWWhegI+4FJlupHMm3x3H5Pp76e4TF5ZHXW6KyYVLpE666N1QDLFzrkK4a5YpG1lzrcjxxV/+Cr9Y8wh6u3qpkGp833VXaeCKWtpdDRAbEqNVBxphpsFFAX8Q4/kq0tk0Lmd4IAdDglVQ2vynRkH7Vh9Z3K6g4xAE1a3Vdwz8x54G/+ILEDrhIgSXXAj/wnMQnLUCka65dM019MmBJdM6YUJKy9JjJpoc9GIQaMGLoxR/BEjQ1O9pW8NSMsId5yA24/OIzvgP+GZ+BdV516A88zUo974R5ennozz3HFRn/T2C036CZP/v0DblwwhEOy0dHQbiPIHdkKVxT54YGsKaDRuQSLbT2tACKualhTBm4isSDjeaSxGkAxMWcbFukPkT0QgefPQRjGWzvKUZZHxgnAm0R6OItbXR3bQIUR+4BwY6d2lpyGZXLI4b7vodto9q3XatIEOtYDgA3edcA98xy+hipxClAnOTImDDL0s8NJc9GEkixjQETqADyOaKuOeRNYgn4lYeOSj8b98Km6OB2mfrVF5xxtiPPb4Zm/bssXLJOquBzBjz+RJ5CZ4V/uKEWuB4RcNAXIynA/Ep8Hedh2jvh5Do/wwSMz/B43rEp1Hgp70L/imr0IhpA7oq/9F62codh4EuSE0lJaYWbNryFAYnJuENaVCKi7G1UEHTOzeBlpt6JBzeIRGPRLB3+AA27dxr12bNm7XWHYqio6MDZYUPrUwPA6XjBNCDWDiMfRMj+NrNv+QTuZwaW0b1w+y9kT70vvodyGuroqJbrEIWUwtPlHxBxqCkVZT0iXU0VYXDb/3uPdg2dgBxCrtiaFl4c7VllpvvPDfQ1aWro61bhybHsH77VnebuKozTxNRLJU/LNZL8DzwFyfUGjahhexttQuTJzK2d5IMNEqLRvdW4XVNA1YkwOoY0fREvaURY4w7tbZaLcLDBls+A2QRZaWd1WQcOz5mrrV2C2ko5qVlUp56bqPFngVsc36CJlLoXPFeienuG9U6KcKD4YEhXrIgI0lLV66oI+qZ6bUEunWuMddtyTj+/c67GOfvoDerJR/qjKvltTDkX3oZ2s6+EpOZvI1O8/GJLT6hNKp1VMNd1DBOqFtKZ3d6HBkKvxoFtW+YJpNIqJ9PnA2EmopBF75MXPaNjdtt3TfnhWBK74Wl9hIcBn9xQi3Vr1VWFNeJedSnrAXaPRqUL4byFilQJevu0HMRSJaJto1HhN+7nRl1fSSI2cnXfOYgV8gzdpdP6TwCy7P18CggYWwJpSY9qHEpoxVgCMJE46vcxBFaa1rJSoViqXj+MGhZ6JaSUONajDFzserBx374K2g1S7nmtt+xRdnA1Ms/hPK8pShOTDA2VoOglmuukV5072NTaT5b28o6tskVC9awVlMe6hAmCvz7gkHut5SR1+9Htiil+UxQWn9Mei+Bg784oVZXjm0yQAasU4C1hpVb/kgrX/BXDW1a9E2rnIrxjbPU1SNnlbZNDWCi2rNQzjYs4NGCdq3GUaUVZTrmkUrIjEtl3Z6dXVuCWGOcbNMeea00Ottcg48UjBp1+NeuZ3d0IRIKomJTGZ8p2Idba/sl4t1tXbhr4zp87zcP8q7mE2kYJ2WSculvm4Lev/4wUv4kisWyDYTx0wvwE9dIT79SsRwURgg6YwkbI66ruhqyCO7vCwBmKlLLFqNcJl6H7UPdLIYti3xEmV6C54cXXAcvGiCPuIkPOhQD6uA9HvKIJfQaqCLQRPeG9em66YNqWtOEBH3fWlnycJDgyF1WA5hg1rRpbvYVD6kFuZM2pLTJp/o50m1ugc9H5SPh5pFkXD2v1y3jpE3/1aqs7YwEc7umoC0cQKVpuY8GEpEgha8t5sX/vOnX2DsywjsakKJYX2PDG+hecj6mXvUBDFHJ1dTnw2eK+yN9fc00CE4z4fip/ehiCuri0jhxNbApMjAF9kKA72u+e5TKa063K59I58Idx5x/eQz6p8NfIM1kNetNK6BJDeJACZ09snPrL9LaVnZXG7jRapowqZtFYigh13EY6KJ5tAZbnLBwAQW7D4VMmvfJqj6NXKOgkuulTLRXtA7lc9jnZqHN7eb5RDaHubNnYcksbV/TsP5Vdf2UHcaY2TkFMbr4FCu7fm5gHhq26imhLR7DrvGd+ND3fsjvAojTZEpONW5eqqHtkrejd/WrkE2X+I0PVWYanNpjqahhzWHWwLHTpmLJzDlIZ7UklZSda9XXzpGy38Kwdfwh8C6VXK6QQ/+UXpyy6ARXeIICDUYJDpr3XoIXDn9xQq0GKm+dwkxrTFbmUeWhYYLGY2Q1xssaQCKeI0e5db9D/MbXtEJSBm63EsdxPCjwguaVqQWdzUgkcMGKk5BJT6Dh11AO5UFraWnR2msus6y+cGAa2vNLfdTCw6JN4lBh3HrxGacjzLhTVs2N+LKnlktvdxstbxhVKgFD+ihgGzPw0KIMXd0x/PyhNfjyTXe5h16fxc/1WtHWTe3/q2sRWnYuRkbongcjCCad+y8vxOZmy/vwefDyM89APafx9UzXR2pKsO1FNwZfe5e1usiMPiqbneiXQp0aw/mnnoYZHXS/WXb5Qi0K2gdHQPPTl+Ao8Bcn1Mb34joruVxYtWJTcHV9kBp8yeSDN0zAeaE5jzqs5VkvKhFxpphQ7jhZscnE5so3GfPaV1yMBdN7MTapXRw0uDOEcEmTLuju+rVMT47Ja3larUEmjGh1FTNTYCYG92H1/Dl48+rTLS1tVKB9zaQEgk0XONbuR1d7B2oV4XQ0dheuVCY1jaHWaQzJ9jZ86Sffx53bnm7OyQjQGW8gUasiF52Fvnd/EdFFpyFb70YwpieOFPJeTPYIV64+E+cuPA5jI8Pmu5QDbuCNFoGwEIf3RAntqiFVpFykWKU4c6lxLOxqw99d8nJLyxZP5KE+B1MMBsrV0VLKQGeHib27aVriJWjBQTZ+Cf5YcC6mxkbbNq9kYh+FQd1AElCxpZhvVkcHPvWOdyNB4c9mRinEVaQjWjAvjFotjIC2EapFKLAhZAJeTAaBXKCBA+ND6I/Fcd3b3oYutaAfwbfW1UQIURqn0X2tlp8/ppay0XRK6aZwpYE4LXCReP3Tl/4VT02MU09RlLx+egw1hJlcODwVx777HzH1gqvQCEyRKFuZ1HbQCFCR0dtIErePv/1tmB1PoDg4yLI3kGF4ocklibIPEZruMH1phQ3qP5CRV3daKp1CoFrFp9/1bizq6pTUmxfjWFKKi+pAyof/zD8hTkZjzXrTVFamJ8F23gBPXoKD8JJQ/x8DWYoxqJxnJ3AUcJ8EnFaf0qO1v+Rig0x40fFL8KX3vx99oSDGhnahVCuZq9rwROjFRmh9g3LAee1DsVTAyL7dOKanE1/7p3/EstkzbUGBZ8g0harVqi2Y0d1ju5c8450jQG9LqLX0kARMyyhpKGqUArVxcC/ee/31GMjn+aLaGVga/slJhLuWo//170Ij0Qc/pVrhhy0k2dCKrYzja3WcPHMavvORD2Nxbx9Gd+9GpVyiknL9z9q6t0hdoT3ANAS1Wi9haGgPYhE/rvvQ+90G+0JcEqqgnGGR6y5kJvwvS++oLDrrpWabCAVcK6xKlenuS3AIXnyztP7L4JkiIyEs89BkDK38WKZPq90M1TxUMv9WFpH2huda+nhx3zSctXw5spMpPL1jOzLZHMolurlaKK+aQyWbRWNiEl385opzzsb/9e73YPn06cyIbCsX31ZTlVAJD7n4Ym4n3DsPDOOOtY8iHI09o0vtWYGPNfJLLrBw03a30UQcO57ahqcHhnHpmafTkvopuBpEK0/EB9pUKgMfwmamqacoe+pj1m7goLWVhZ/e3YXzzj4LxUoZe3bswOjEKFIU4Hy5gAIVVaGQRWFygh5CGReuOBnXvevteLmmlbJsDVpeNa5JWUmj6FSuuiyztR/wvjU+8r/eUf+6jLrpAt6TB/BS11cLgP8NG/EUGlJijLkAAAAASUVORK5CYII=', '', '#1ed814', '2018-07-23 00:00:00', 'admin', 'local', '2018-10-23 14:57:16', 'admin', 'smi.alianzacacaoperu.org', 1, 0, '2018-10-05 17:20:31', '2018-10-23 19:57:16', 'be431452-348d-11e9-869a-000d3a033fcb', 5);
INSERT INTO `seccion` (`id`, `codigoGIS`, `nombre`, `nombreIdioma`, `idTipoGeoData`, `menuCategoria`, `menuAccion`, `idTipoAccion`, `idSeccionPadre`, `geoJsonData`, `geoJsonFile`, `logo`, `marker`, `color`, `fechaCrea`, `usuarioCrea`, `terminalCrea`, `fechaCambio`, `usuarioCambio`, `terminalCambio`, `activo`, `eliminado`, `created_at`, `updated_at`, `codigoSeccion`, `idTipoInfra`) VALUES
(35, NULL, 'Familias Productoras', 'Family Producers', '0', 1, 0, NULL, NULL, 'NULL', 'NULL', NULL, '', '#BD2E9D', '2018-06-30 00:00:00', 'admin', 'local', '2018-10-05 12:20:31', 'admin', 'smi.alianzacacaoperu.org', 1, 0, '2018-10-05 17:20:31', '2018-10-05 17:20:31', 'be441eaa-348d-11e9-869a-000d3a033fcb', NULL),
(36, NULL, 'Agricultores Huánuco con Cacao', 'Huánuco Farmers', '1', 0, 1, '1', '35', 'NULL', 'Parcelas_ACP_HC.geojson', NULL, '', '#BD2E9D', '2018-07-23 00:00:00', 'admin', 'local', '2019-04-25 16:19:13', 'admin', 'smi.alianzacacaoperu.org', 1, 0, '2018-10-05 17:20:31', '2019-04-25 21:19:13', 'be45200f-348d-11e9-869a-000d3a033fcb', 6),
(37, NULL, 'Módulos de Beneficio centralizado', 'Centralized Benefit Modules', '0', 1, 0, NULL, NULL, 'NULL', 'NULL', NULL, '', '#BD2E9D', '2018-06-30 00:00:00', 'admin', 'local', '2018-10-05 12:20:31', 'admin', 'smi.alianzacacaoperu.org', 0, 0, '2018-10-05 17:20:31', '2018-10-05 17:20:31', 'be460b72-348d-11e9-869a-000d3a033fcb', NULL),
(38, NULL, 'Instituciones Financieras', 'Financial Institutions\r\n', '0', 1, 0, NULL, NULL, 'NULL', 'NULL', NULL, NULL, '#BD2E9D', '2018-06-30 00:00:00', 'admin', 'local', '2018-10-05 12:20:31', NULL, NULL, 1, 0, '2018-10-05 17:20:31', '2018-10-05 17:20:31', 'be473503-348d-11e9-869a-000d3a033fcb', NULL),
(39, NULL, 'Cooperativas/organizaciones', 'Cooperatives / Organizations', '1', 0, 1, NULL, '38', 'NULL', 'NULL', NULL, NULL, '#BD2E9D', '2018-06-30 00:00:00', 'admin', 'local', '2018-10-05 12:20:31', NULL, NULL, 0, 0, '2018-10-05 17:20:31', '2018-10-05 17:20:31', 'be482e32-348d-11e9-869a-000d3a033fcb', 7),
(40, NULL, 'Oficinas de la Alianza', 'Alliance Offices', '1', 0, 1, '1', '38', 'NULL', 'Oficinas regionales.geojson', NULL, '', '#FCBC40', '2018-06-30 00:00:00', 'admin', 'local', '2019-04-25 17:06:25', 'admin', 'smi.alianzacacaoperu.org', 1, 0, '2018-10-05 17:20:31', '2019-04-25 22:06:25', 'be49412b-348d-11e9-869a-000d3a033fcb', 8),
(41, NULL, 'Empresas de Servicio', 'Service Companies', '0', 1, 0, NULL, NULL, 'NULL', 'NULL', NULL, '', '#BD2E9D', '2018-06-30 00:00:00', 'admin', 'local', '2018-10-05 12:20:31', 'admin', 'smi.alianzacacaoperu.org', 0, 0, '2018-10-05 17:20:31', '2018-10-05 17:20:31', 'be4a4b36-348d-11e9-869a-000d3a033fcb', NULL),
(42, NULL, 'Socios de la Alianza', 'Partners of the Alliance', '1', 0, 1, NULL, '41', 'NULL', 'NULL', NULL, NULL, '#BD2E9D', '2018-06-30 00:00:00', 'admin', 'local', '2018-10-05 12:20:31', NULL, NULL, 0, 0, '2018-10-05 17:20:31', '2018-10-05 17:20:31', 'be4b5f24-348d-11e9-869a-000d3a033fcb', 9),
(43, NULL, 'Proveedores de insumos agrícolas', 'Agricultural input suppliers', '1', 0, 1, NULL, '41', 'NULL', 'NULL', NULL, NULL, '#BD2E9D', '2018-06-30 00:00:00', 'admin', 'local', '2018-10-05 12:20:31', NULL, NULL, 0, 0, '2018-10-05 17:20:31', '2018-10-05 17:20:31', 'be4c69f9-348d-11e9-869a-000d3a033fcb', NULL),
(44, NULL, 'Empresas de Servicio', 'Service Companies\r\n', '1', 0, 1, NULL, '41', 'NULL', 'NULL', NULL, NULL, '#BD2E9D', '2018-06-30 00:00:00', 'admin', 'local', '2018-10-05 12:20:31', NULL, NULL, 0, 0, '2018-10-05 17:20:31', '2018-10-05 17:20:31', 'be4de4b0-348d-11e9-869a-000d3a033fcb', 10),
(45, NULL, 'Centros de Investigación', 'Research Centers', '1', 0, 1, NULL, '41', 'NULL', 'NULL', NULL, NULL, '#BD2E9D', '2018-06-30 00:00:00', 'admin', 'local', '2018-10-05 12:20:31', NULL, NULL, 0, 0, '2018-10-05 17:20:31', '2018-10-05 17:20:31', 'be4f1ddb-348d-11e9-869a-000d3a033fcb', 11),
(46, NULL, 'Empresas certificadoras', 'Certification companies', '1', 0, 1, NULL, '41', 'NULL', 'NULL', NULL, NULL, '#BD2E9D', '2018-06-30 00:00:00', 'admin', 'local', '2018-10-05 12:20:31', NULL, NULL, 0, 0, '2018-10-05 17:20:31', '2018-10-05 17:20:31', 'be501d4a-348d-11e9-869a-000d3a033fcb', 10),
(47, NULL, 'Empresas de logística', 'Logistics Companies', '1', 0, 1, NULL, '41', 'NULL', 'NULL', NULL, NULL, '#BD2E9D', '2018-06-30 00:00:00', 'admin', 'local', '2018-10-05 12:20:31', NULL, NULL, 0, 0, '2018-10-05 17:20:31', '2018-10-05 17:20:31', 'be5118e6-348d-11e9-869a-000d3a033fcb', 10),
(48, NULL, 'Agentes tecnológicos (as)', 'Technological Agents', '0', 1, 0, NULL, NULL, 'NULL', 'NULL', NULL, '', '#BD2E9D', '2018-06-30 00:00:00', 'admin', 'local', '2018-10-05 12:20:31', 'admin', 'smi.alianzacacaoperu.org', 1, 0, '2018-10-05 17:20:31', '2018-10-05 17:20:31', 'be520614-348d-11e9-869a-000d3a033fcb', NULL),
(49, NULL, 'Agentes Principales', 'Main Agents', '1', 0, 1, '1', '48', 'NULL', 'Agentes tecnologicos.geojson', NULL, '', '#02A3BD', '2018-07-23 00:00:00', 'admin', 'local', '2019-04-25 17:10:41', 'admin', 'smi.alianzacacaoperu.org', 1, 0, '2018-10-05 17:20:31', '2019-04-25 22:10:41', 'be5332b8-348d-11e9-869a-000d3a033fcb', 12),
(50, NULL, 'Infraestructuras de regadío', 'Irrigation infrastructures', '0', 1, 0, NULL, NULL, 'NULL', 'NULL', NULL, '', '#BD2E9D', '2018-06-30 00:00:00', 'admin', 'local', '2019-04-25 15:56:01', 'admin', 'smi.alianzacacaoperu.org', 0, 0, '2018-10-05 17:20:31', '2019-04-25 20:56:01', 'be54a2d5-348d-11e9-869a-000d3a033fcb', NULL),
(51, NULL, 'Servicios de Estado', 'State Services', '0', 1, 0, NULL, NULL, 'NULL', 'NULL', NULL, '', '#BD2E9D', '2018-06-30 00:00:00', 'admin', 'local', '2019-04-25 15:56:10', 'admin', 'smi.alianzacacaoperu.org', 0, 0, '2018-10-05 17:20:31', '2019-04-25 20:56:10', 'be55c97d-348d-11e9-869a-000d3a033fcb', NULL),
(52, NULL, 'Vías Principales', 'Main roads', '0', 1, 0, NULL, NULL, 'NULL', 'NULL', NULL, NULL, '#BD2E9D', '2018-08-08 00:00:00', 'admin', 'local', '2018-10-05 12:20:31', NULL, NULL, 1, 0, '2018-10-05 17:20:31', '2018-10-05 17:20:31', 'be56cafb-348d-11e9-869a-000d3a033fcb', NULL),
(53, NULL, 'Nacionales', 'Nationals', '3', 0, 1, '1', '52', 'NULL', 'Vias nacionales.geojson', NULL, NULL, '#BD2E9D', '2018-08-08 00:00:00', 'admin', 'local', '2018-10-05 12:20:31', NULL, NULL, 1, 0, '2018-10-05 17:20:31', '2018-10-05 17:20:31', 'be57c7e2-348d-11e9-869a-000d3a033fcb', 13),
(54, NULL, 'Vías Departamentales', 'Departmental Roads', '3', 0, 1, '1', '52', 'NULL', 'Vias departamentales.geojson', NULL, NULL, '#ED7D3A', '2018-08-08 00:00:00', 'admin', 'local', '2018-10-05 12:20:31', NULL, NULL, 1, 0, '2018-10-05 17:20:31', '2018-10-05 17:20:31', 'be58fa28-348d-11e9-869a-000d3a033fcb', 13),
(55, NULL, 'Vías Vecinales Huánuco-Otras Provincias', 'Neighborhood Roads', '3', 0, 1, '1', '52', 'NULL', 'Vias vecinales.geojson', NULL, '', '#B5C229', '2018-08-08 00:00:00', 'admin', 'local', '2019-04-25 16:14:47', 'admin', 'smi.alianzacacaoperu.org', 1, 0, '2018-10-05 17:20:31', '2019-04-25 21:14:47', 'be5a006d-348d-11e9-869a-000d3a033fcb', 13),
(56, 'M036', 'Vías vecinales Huánuco-Leoncio Prado', 'Neighborhood Roads Huánuco-Leoncio Prado', '3', 0, 1, '1', '52', 'NULL', 'Vias vecinales_Hco_prov_Leoncio Prado.geojson', NULL, '', '#575757', '2018-08-08 00:00:00', 'admin', 'local', '2019-04-25 16:11:25', 'admin', 'smi.alianzacacaoperu.org', 1, 0, '2018-10-05 17:20:31', '2019-04-25 21:11:25', 'be5b8611-348d-11e9-869a-000d3a033fcb', 13),
(57, NULL, 'Vías vecinales San Martín', 'San Martín Neighborhood Roads ', '3', 0, 1, '1', '52', 'NULL', 'Vias vecinales_San Martin.geojson', NULL, NULL, '#BD2E9D', '2018-08-08 00:00:00', 'admin', 'local', '2018-10-05 12:20:31', NULL, NULL, 1, 0, '2018-10-05 17:20:31', '2018-10-05 17:20:31', 'be5c7ae3-348d-11e9-869a-000d3a033fcb', 13),
(58, NULL, 'Vias vecinales Ucayali', 'Ucayali Neighborhood Roads', '3', 0, 1, '1', '52', 'NULL', 'Vias vecinales_Ucayali.geojson', NULL, NULL, '#BD2E9D', '2018-08-08 00:00:00', 'admin', 'local', '2018-10-05 12:20:31', NULL, NULL, 1, 0, '2018-10-05 17:20:31', '2018-10-05 17:20:31', 'be5d8b90-348d-11e9-869a-000d3a033fcb', 13),
(59, NULL, 'Límites', 'Limits', '0', 1, 0, NULL, NULL, 'NULL', 'NULL', 'data:image/png;base64,iVBORw0KGgoAAAANSUhEUgAAAgAAAAHiCAYAAACeHHTuAAA7KklEQVR42u3dD5Ak1WHf8e4372ZnZo8/J+CEsP4LEOKfLA7doVjiP0bAAZYQkl2SbMuVKHHK5VRSToWUlOhPKq6SElelXBVX5FQlKUUJ5o9k/ggQEhKghUXIUizJkuDE8f/fgUCC4253tmd6Ou/Ndi+9b3tnenqme+Z1f7vqsbtHz6dnX3e/3+venvdch4WFhSXd8gZVPqDKmaqcospvqNJSpaPKc6o8qMqiKjer8kOqi4Vlthd3XOD88892DSe44467Ajw8vNJ471HlU6pcpIpISf/Edd0vHn/8sVfv2fNQj/2Bhzd73lgdALXxmvlvauM+Hh5eKbzDVflLVT6eqjFxNzYnQRB8X335hCo/Z3/g4c2WJ8foddTMnocqPh4eXim8k53VW/lvHiP89Zedqvwg7ARcw/7Aw5sdT2bcuEzaeJZbGXh4eDPn7VDlW6psSxv+8Q6ADv4w/KOlqcrVqhymyl+zP/DwZsNzM2y8nrBxb4xfBg8Pb3a8t6hyvypHpTGF2PhIQK+36Z/89f/QDxHexP7Aw5uuN1IHINz4XMLGV8b4ZfDw8GbH01cW+in+d+cQ/tHysiqnqvIE+wMPbzpeZMqUK+ozvTHBXwYPD2/2vD9NG/61mtjA+X6qh/31nwH+qyqXsj/w8KbiaUebgZty482EjS+rjfcy/jJ4eHiz5W1V5XFVXjM8/Dc8fKzCf+Tnj96nyj3sDzy8Qr3oAUJtBDLlxuNnfG/MX6blrP8sMR4e3vS9PxgW/vo5PyFqTvyBf/2sX6+X6WHmf6Xe3yL7Aw+vMC96gDDqRGw+qEe4cvy2Q/R1aYxfZqvz6scX8PDwZsf7+ODwd/tX/qtP+7/K6b/5Bxn+Aqmc3Q8//Ogx7A88vEK8xAcIxYCVkx44ODDmL4OHhzd7nr7y3zk4/JP/5h9kSP/Q2/L88y+cxf7AwyvEM/NcDxq0sQOwSU+hR2Xj4ZXWO93Z5BNBOYV/3+t2uzvYH3h4uXsbHiCMRgyUCeGfNMjAMpWNh1da79iiw78vBcFb2R94eLl6zZgTfV17aMd8CDBpeME2lY2HV2rvNUWHf9gB2Mb+wMPLzWslhH83/tFBGXtBUvivUNl4eKX3ZNHhr71u16+xP/DwcvP00ot5G0YMlOELzL//jTNcITsPD89Sr6jwz+qxf/HwUnuBcTEfbNbzNzfeIfzx8Ah/wh8Pz3qvvVmey4Qrf5/wx8Mj/Al/PDyrvaGDBpkfAyT88fCqF/4u4Y+HVzpv6KBBa8MCZtkwlY2HZ7+3sLBYXz+RD+GPh1cFr38HYIzpBKlsPDzLPdddN7o/4Y+HVxFPOBkXKhsPr2we4Y+HVyUvUweAysbDI/wJfzw8uz1B5eDhVdtTIR0Q/nh41fMElYOHV23P8zoe4Y+HVy1vpA4AlY2HV04vyJDWhD8ent3hr0cAllQOHh4e4Y+HVxnPDS/+A5Fy4y0qGw8Pj/DHw7M+/GvRzyLFxpvGelQ2Hh7hP3b4h8MPsD/w8IoLfxn3xJCVG1Q2Hh5eHuEvZa3G/sDDKyz866YnB6w8R2Xj4eHlOFEQ+wMPrxivHnP6ix4BWKbsKeiNLlHZeHiE/+QHDWJ/4OHl6DVCIzph9dw/vv5GJoS/TNj4MpWNh0f4E/54eFZ5TePKX3/1o3XMOwBJf5NrU9l4eIR/DsMFsz/w8PLzWgnh341P/idjL0gK/xUqGw+P8M9jroBut+ezP/DwcvP00ot5njnzrwxf4BpG4spUNh4e4T9Nj/2Lh5faC4yL+Q0nXHQHwNx4h/DHwyP8CX88POu99mZ5LhOu/H3CHw+P8Cf88fCs9rQz8AF+cyAgwh8Pr3rh7xL+eHil84Z+dD+6AxCMMaMQlY2HZ7G3sLBY1+FM+OPhVcvr3wHIctVPZePhlcNz3fiIfIQ/Hl5VPOFkXKhsPLyyeYQ/Hl6VvEwdACobD4/wJ/zx8Oz2BJWDh1dtT4V0QPjj4VXPE1QOHl61Pc/reIQ/Hl61vJE6AFQ2Hl45vSBDWhP+eHh2h78eAVhSOXh4eIQ/Hl5lPDe8+A9Eyo23qGw8PDzCHw/P+vCvRT+LFBtvGutR2Xh4hP/Y4R8OP8D+wMMrLvxl3BNDVm5Q2Xh4eHmEv5S1GvsDD6+w8K+bnhyw8hyVjYeHl+NEQewPPLxivHrM6S96BGB3QE9BhCVaZ6lKlf3oo48vPfzwo9vV90epcowq82k8IYTbaMw14sOr6qes2+2Vdq/XG7m1xKu8p4/pV1R5SJXHcjo/PqvKZwoOf/39/Wed9VsX0pjj4eXqNUIjak96yurq/y8Twl8mbHy57JX99NPPzD/xxNPndjqds1TZoRq3E8O7ICM1bqo9dzyvM7HGEg8vtugOwP9W5S9VecHiK3+HxhwPrxCvaVz5669+tI75J4Ckv8m1y1zZP/jB35+2tLT8T9XV1uWKa87KiGh4eAnLm1X5d6r8iSp/qspX7A7/gMYcDy8/r5UQ/t345H8y9oKk8F8pa+Wo4H/PwYNLn1eN2bmEDZ5l3rbwTsAJqnza0vB3ut2eT2OOh5ebp5dezPPMmX9l+ALzWYDElctQOYccsnX+u99d/KK64v9nztqnIAgbPCu9TynvefX1f9kW/owbgIeXuxcYF/MbTrjoY4BuFcJfyto7lpfbf6fC/58T/njl8Gr/6Uc/+oe3E/6EAx7eJl57szwXCVf+3TKGvxDiHEXdp759B2GDVx7Pqe/f/8qnCH88PDzD087AB/jNDoBf0vC/UJVb1LeHETZ4ZfN6vd4lDzyw54gxwt8l/PHwSucN/eh+9BBgMMaMQjaE/w3O6mchCRu8Mnry2Wefe8/TTz/7SJbzbWFhsa7fD+GPh1ctr98ByHLVT/jj4c2Ud0rW8y0+CBHhj4dXHU84GRfCHw9vprwjxj/fCH88vCp5mToAFoT/+wl/vIp5K4Q/Hh7eSFlZ0vD/W8Ifr2LeY1nPNz33AOGPh1c9T5TqlyH88arr3Zv1fPO8jkf44+FVyxupA0D44+HNrKev/r+X9XwLMrxBwh8Pz+7w1yMAy5KE/0WqfI3wx6uo90UnNs933ucb4Y+HZ7Xnhhf/gUi58Rbhj4c3k979qvw14Y+Hh5cy/Gtr+Zli401jPcIfD282vKdUudKJze9tU/iHww/QmOPhFRf+Mu6JISs3uPLHw5tJ7yeqvFeVJ20NfylrNRpzPLzCwr9uemLAynMzHP4XE/54FfX2q/I5VXap8rit4R96NOZ4eMV4Zp73RwCWKXsKeqNLMxb+cwU2vm1VOqr8WpVXhns1ER9eNfycdW+MKV/xquvpc+RlVX6hyp2q3DjoGLQo/B0aczy8QrxGaEQnrJ77p/9nQ5kQ/jJh48sVDX8d+p9U5cthQ8zBhVcZj/DHw7Pea8ac6OvaM0PmHYCkv8m1Kxz+H1blBg4uPMI/l/ON/YGHl5/XSgj/bnzyPxl7QVL4rxD+HFx4hH8e51u32/PZH3h4uXl66cU8z5z5V4YvcA0jcWXCn4MLj/Cfpsf+xcNL7QXGxfyGEy66A2BuvEP4c3DhEf6EPx6e9V57szyXCVf+foXDXw+qciMHFx7hT/jj4VnuaWfgA/zmOACEPwcXXvXC3yX88fBK5w396H50ByAYY0ahSYf/Jap8lfDHwyvGW1hYrOvzgfDHw6uW178DkOWqn/Dn4MIrhxcfhIjwx8OrjiecjAvhz8GFVzaP8MfDq5InKxz+H1LlJg4GPDzCHw+vip6Y9i+jgn834Y+HNz0vnHuA8MfDq5gnprrx1fC/nvDHw5ue53kdj/DHw6uWN1IHoATh7xH+eHgbvSDDCUf44+HZHf56BGA5jY1PKfyvJPzx8Mb3CH88PKs9N7z4D0TKjbcmGP6XEv54eIQ/+wMPbyrhX1vL4xQbbxrrjRv+1xH+eHiEfzj8APsDD6+48JdxTwxZuTHhK/+iw5+/+ePhzWj4S1mrsT/w8AoL/7rpyQErz5Ug/G/mYMDDm73wDz32Bx5eMV495vQXPQKwTNlT0BtdGvNv/nXCHw+P8N/osT/w8HL0GqERnbB67h9ffyMTwl8mbHyZ8MfDI/wJfzw8q7ymceWvv/rROuYdgKS/ybUtCv8rVPk6BwMeng3hH7A/8PDy81oJ4d+NT/4nYy9ICv8Vwh8Pj/DP4/ztdns++wMPLzdPL72Y55kz/8rwBa5hJK5M+OPhEf7T9Ni/eHipvcC4mN9wwkUfA3QnFP6XEf54eIQ/4Y+HNzNee7M8lwlX/v4Y4X8d4Y+HR/gT/nh4U/e0M/ABfrMDYFP4f1CVWzgY8PDGDn+X8MfDK5039KP7UQcgyDydIOGPh2e1t7CwWNfnF+GPh1ctr/8MQJar/jD8Lyf88fDs9lw3PiIf4Y+HVxVPOBmXMPyvJfzx8MriEf54eFXyMnUAphD+K4Q/Hh7hz/7Fw5ucN3IHYErhfwXhj4eXj6fOs4Dwx8OrnjdSB4Dwx8Mrn+d5HY/wx8OrljdSB4Dwx8MrpxdkOIEJfzw8u8NfjwAsZzj89d/8b2Xn4eHNlkf44+FZ7bnhxX8gUpzsl6tC+OPh4RH+eHj2h39t7eJ+yMmuB/m5Vp3zhD8eHuE/8eGC2R94eIWGv4x7YsDJeaEQbpGD/BD+eHgVCn8pazX2Bx5eYeFfN73EZwDUVf/J6osKf7fI8P+AKrex8/Dwyh/+ocf+wMMrxqvHnP6iRwDecAdgy5Yt8+rLV1U5ZG3L6iWEPx4e4Z/PxQD7Aw8vR69hesry+xf75m2CXs//gvr2+Pi/q38j/PHwCH/CHw/PLq+Z4PnRD+v+BHD33ffuUOf1H5sne5aF8MfDI/yHeOwPPLz8vFbMib5245P/idgLar7v/3n83wh/PDzCP6fwd7pd32d/4OHl5gnD88yZf0X4Aveuu+45TZ3cF0T/o9fLNfx/h/DHw6tu+DNuAB5eod6KGf56if4E4Kqr/z9evSkXZDoxRwz/b7Dz8PAIf/YHHl7uXjsp/NfuANx33/fn1Jcrow4A4Y+HR/gT/nh4VnvaWR7k9TsAS0vL5+sXE/54eJUMf5fwx8Mrnbc0zHPDE/a/qBPzXxD+eHjV8xYWFv+jOl+vmkL4v6TKHlXmjBcYXq3mxsYM0o6vluzvDw9v7QpZfyRuvyp7VbnPWZ199pdVaQ9kWEE7CX88vGp6bry1LPbK/3BVdg334n+anMT7w8PbsJyryidV6TirA+F9Tp0fvyh7exB9TOAkwh8Pr+re7Nz2x8ObkrdFld9V3k8WFu773MrKSq3M7YEIe+GHEv54eIQ/4YCH1/e2+L7/6fvv/8GXX3jhxbmytgf6TwBH5FDZ/4Twx8Ozw1PnbUA44OFt9Hq9YPfPfvbgl+fnWx946aWXS9ceaGwuh8q+nsYXD88Oz/M6HuGAh7fZiJXdC1X4XzdKVtrQHkQdgF4Olf16Gl88PDu8IENrSTjgVcy7xFl9OHCuDO1BaLr6TwD7h1eOM2plfymssGUaXzy8cnmEA15FvagTcIWz+pybre2BG178B/o/zzux6QETbxOI2qiVfY4qNzqrUxHS+OLhEf54eGXwdCfga5vdCbAk/Nc+2aDxriqPbfaCWq3muMb03Skr+wKzE0Dji4dH+OPhWe5dnNQJsCT8ZdyLxgH4YXL4C+NfRq7stU4AjS8eHuGPh1cSb10nwJLwr5telPD3mC8QYmKVfYGq7JufeebZI2l88fAIfzy8knj9TsDhhx/WtKA92DDctp4hMOoA3LIx/GNbVpses7LPe+ihR67Zt++5Jo0vHh7hj4dXEu/igweXbnzhhRcbM9weNExPWf3n/qKkf0SVv4sqyFx6PX/sylavP3vPnr1XP/PMs3M0vnh4hD8eXhk89doLfv7zB78yoyMGNhO8tYf+4//jH6tf6L/HOwD6W105WZYBlf1tVWGXOpt8RJDGFw+vcO+zqnyGxhwPL7un/u1b8/Oty1966eXlGWkPWjGnFxZP3/qP1lu713/44Yf9jfryXBzJIfx1ZZ+nfrjZSfiIII05Hh5X/nh4lo4YeIEK/9SDBRXQHgjDWxf+ax0A/YTg6ae/a1kI8YXof/R6uYR/9A+pOwE05nh4hD8eniXeRar8rTN7IwaumOEfvwPQX/mNb3y9HsHvgZzDP3UngMYcD4/wx8OzzNOdgBuGdQIKbA/aSeHvGLcInLe97S16UpA/coaMDDjByt60E0BjjodH+OPhWeq9f1AnoKD2QDvLgzxzpB9f/TLfU18/XWBlb+gE0Jjj4RUa/i6NOR7exL3ETkCB7cHSMC/qAPQ/Fxi7TaCfBbi6wMpe6wTQmOPhFevV61vqNOZ4eLl4USegMYvtQb8DkPD3Af3zH6pyW4GVfZ7ybmHEQDy8Yj133eAfNOZ4eBP2+p2Aww47tDVr7YEY8P88VT6oyu0FVvY5Dz30yHWMGIiHNw2PxhwPLyfvwqWl5Zuef/6XzVlqD8SQ/99W5XfMTkCela1ef+aePXuvYcRAPDzCHw+vLJ4eA+fBB3/xf1QnoDEr7YGbcj39hm9Q5cICK/tO5e1WPyzRmOPh5ectLCxe5Xmdq2jM8fAKGTHw261W87KXX96/NO32QKRcT98JuFy98dsLrOxznNUHA1s05nh4+Xkq/D0aczy8wkYMPE+F/9fCC+uptQejdAD0xjunnHLix4QQdxRY2eem7QTQmOPhZfOCDCcwjTke3ljehU7s0wHTCH89ArAYZePbtx/VOfHEEz4qhHtHgZU9tBNAY46HV5xHY46HNxEvVScgh/bAVaWmPZGy8WhFGz/yyCNWTjjh+N9Tv8ztBVa27gR8PakTQGOOh0f44+FZ6g3sBOQR/upLLfpZpGg8msZ6wfbtR/1K/TKXq++/UWBln2N2AmjM8fAIfzw8yz3dCbjR7ATkFP4y7okhKzcGbHzFWf2I4G0FVvZaJ4DGHA+P8MfDK4n32/FOQE7hXzc9MWDluRQb152ADzjFjhh4jh4x8KmnnjmKxhwPj/DHwyuJ1+8E5DRioJnn/RGARcqeQm/Axgd2AnKq7LMffvjR6555Zl+LxhwPj/DHwyuJ99tLS8s3T3jEwA138vXcP/obkRD+0hl9VqHETkDOIwa+76GHHr72qaeeadCY4+ER/nh4ZfDUa8994IFf/N8JjRjYTGgP/LVtGi+QYacg+q10aY+wcX2bQQ9wcHGBlX238i52GDEQDy+r91lVPkPji4c3O576tztbrebuMUYMjN8h74XFi0/+J2IvqCU0Hu0RGyN9J+CD6o3fVmBln6V+uMVhxEA8PK788fBK4nW73XNU+N/gZB8xUBjtgWfO/CvCF5hzAuiVVjI2RnrEwN8XQnyzwMo+O20ngHDAw6PxxcOzxLtAlZuc8UcMXDHDP34HwB3WUxhl4+GIgR8Xwv1mgZWtOwG3OowYiIdH+OPhlceLOgHNjO1Be7M8FwlX/t1xwt9ZP2LgR9Uvc2uBlX3WZp0AwgEPj8YXD89ST3cCbtysE7BJe6DbgeVB7YHZAfAnEf7RbxOOGPhBZ/X2fFGVvaETQDjg4Q0831waXzy8mfcSOwED2oNhn95b6wD0Pxc4yfB31o8YeEXaTsCEKnutE0A44OEN9ur1LXUaXzw8K7x1nYBx24N+ByBL8I+48VSdgAlX9ln60whPPvnUdsIBD29zT98BoPHFw7PG6z8TcMghW+fHbQ+Ek3HJ0Bj1PyK4WScgp8o+85FHHr/+6aefmScc8PCGeTS+eHiWeOe32ytf37fvudY47UGmDsAYjZGX1AnIecTA39q799Frn3zyqSbhgIdH+OPhlcFTrz17z569V6tOQDNre+BOqTHScw3oEQMvKbCyvxuOGHiQcMDDe9VbWFi8yvM6V9H44uFZOWLgXY3G3O5XXjlwcFRPTKkx6t8JUG/81gIr+0xn9cHAecIBD+9VT4W/R+OLh2ftiIFnq/Df9COCE+kA5NAYdd/5zpP1iIG3F1jZqTsBhANeVbwgwwlH44uHN1PeearcPEonQI8ALKbZGB155BHdk08+UY8YeHuBlT20E0A44OHR+OLhWeal6gTo4I/m/hEpG49WXo3Ra16zzTvxxBP0iIG3FFjZm3YCCAc8PBpfPDxLvYGdgHDen1r0s0jReDSdjbMKTbQxOvLII34djhj49QIre0MngHDAw6PxxcOz3EvsBIThL+OgGHSbwFmdgaioxkg/GHhF2k7AhCpbdwJu050AwgEPj8YXD68k3rpOQJjndRMUA8J/bgqNUdQJuLnAyn6f8r7BiIF4eDS+eHgl8nQn4OutVrOVkOf9EYDFJuFv9hR6BTZGuhPwoc06ATlV9nsfeeTxrzFiIB4ejS8eXlk8tZy7suLd8uijj68bMVDP/aO/EQnhL50MswpNuDFK7ATkPGLge/buffT6xx9/skU44OHR+OLh2e05yus/73f2Y4898dW9ex9phO2Bv7aO0YDIsFMQvQtd2lNsjPSdiOtVubTAyr5HeRfp90k44FXE+6wqn6HxxcMrjyfEq9f3oXHn3Fz9ouXl9kr07yLWgNQSGo/2lBu3/p0A9cvcXGBlv9dZ/XTAVsIBjyt/Gl88PBs91xjov9frnaPC/6/i/ybCBsScE0BvdWVGGjc9YuAnVG/mtgIr+31pOwGEDR7hj4eHN8ueCv/ohz9S5TLzDoDZeHj6CcFZadzCEQP/QAj3tgIrW3cCbhvUCSBs8Ah/PDy82fWcvmcsf+GEgwG5sYYk+pu/P0vhH/deeOFF+eMf//R/qsq5tMDK3qvK36iypEon5rlzc/W6s+5GSxCsrHhexrHV8fCSFn3uvKLKQ6rcr8pyDufbZ9Xb+wyNJR5eeTzt+L6/2Us+oMoN0vjHmQ1/59URA/WnA66L38bIubKPVeXTSV6360905+HhDVl0+F9fq9W+oL4+OcErf5fGFw+vXF6v5w962e/qDkD0J4D+5wJnOfyd9SMG6k7ATRwMeBXzmsr7uCJ/dM89913V7XbdSZxv9fqWOvsDD69s3sCXnqP/0+8AZAn+KYV/tHTSdAI4GPBK6slu1/+3i4vf/1K73XbHPd/0HQD2Bx5epTw98u2R0sm4zMADTVEnQI8TcBkHA17VvF7P//C9997/mPL+zWTON/YHHl6FvO3CybDM0NPMUSfgRg4GvIp6/1r9cAbhj4eHN6InRu4AzOBHmXQn4MqoE8DBgFcxT/+Pz49zvulPIbA/8PAq570wUgdghj/H3O8EqMq5iYMBr4Le+aq8Mev55nkdj/2Bh1cp7yVV9qXuAFgwKIp/2mnv1CMG3srBgFcxT690XtbzLeO4BuwPPDxLPbXco0cATtUBsGVEtG3bDvdPPfVkPWLgLRwMeBXzTizqfGN/4OFZHf56oqCvaXBoByBsPFqOJcOhHn74YZ1TTjnp91Xl3MjBgFchbxvhj4eHl8Lcpy6Wr+13BFKEa9NYb+bHQle/3EuqcvSDgTdwMOBVxFsi/PHw8IaZ6ur/c+9616ntgR2AcIbAhmPvRCj6wcAPp+0EcHDhWe7tJfzx8PA2W1Twa/db7373af8jAsWA8J9z7J8FLVUngIMLrwTe3YQ/Hh7eZuGvlgcOP/ywj2/dOt9H9AjAYpPwrxtb7zn2ToEadQKu5WDAK6n3M1V+TPjj4eGZi/aU++Bhhx160WmnvfPXTjj3T79jkBD+MqHxWLJ8/nPdCfg9Z3UeZA4uvLJ5/4Hwx8PDW+/p8K/p7/aoK/+Lduz4zefC9mBtmkDzDkAtofFYtjz843cx/sxZHTr4VxxceCXxblHlGsIfDw8v7glR01/3HHHEtovf9a5To/Dvxif/E7GATQr/dknCP758tV6vn7Rli7xacQEHF57F3k9U+Rjhj4eHZ3o6/I888jWXnHrqyVH4e+bMv7UwYN1w627sXXhZpgm2YdCgN73pDe6b3vTGW1588Ve3drvdbUHQO15VtuDgwrPI+6Yqu9XxvH8C58fZYWF/4OGVIvzFnu3bj9p90knveC52Mb8BjO4AmI1HacM/7u3Y8Zv/cOaZ/+gPVWW9OZxV7T4n9vcRDi68GfQeUeUTqrxfHc8vc+WPh4dnhv9rX7v90hNPfPvzg8JfL9L4uf+AQBXCP+51Oh19FfWfw3KoKu9W5SRV3qLKkc7qSIjrPhmhKtuVUtbc+ISqSut2fT/j2Op4eEmLPtZ10P9ClTtVuVe/lNv+eHh4m4X/CScc93zYdgx8hs/sAFQu/BM83Rn4dliq8PviVdzTnRMaXzy8UoV/qk/vRR2AIEvDQeOLh2e/t7CwWNeND40vHl5pwj9Ve9B/BiDLVT+NLx5eOTx9B4DGFw+vWuG/1gEg/PHw8Gh88fCqE/6ZOwA0lnh4hD+NOR6eveGvF0ljiYdXbU9/CoHGFw/PrvA/+ujtu9/+9uN+OU57IGgs8fCq7Xlex6PxxcOrVviP1AGgscTDK6eXcVwDGnM8PIvDX48ALGks8fDwaHzx8KoR/uHQ//oNBiJl49GiscTDw6Mxx8ObSvg/OMHwr0U/ixSNR9NYj8YSD4/wpzHHwysu/C+dUPjL+BsUQ1Zu0Fji4eHRmOPhWR/+dfMNygErz9FY4uHh0Zjj4Vkd/iIM/6gd6C96BGCZsqegN7pEY4mHR/jTmOPhWRX+jdCI3pCe+6c/7b1MCH+Z0Hgs01ji4RH+NOZ4ePmH/+te99rdxx9/7AsTaA+axpW//upH65h3AGoJjUebxhIPj/CnMcfDsyr8Wwnh341P/idjL0gK/xUaSzw8wp/GHA/PqvDfGv7Yi7UHnjnzrwxf4BpG4so0lnh4hD8eHt7Mh79rXPmvJOV59DFAl/DHwyP8aczx8AoP/wdyCP94e9DeLM9lwpW/T/jj4RH+NOZ4eIWE/6U5hb92Bj7A78ZerL/vEf5We69T5SPq4HqvlLU3K24u6uStTvnq97IfrDXh6m+iN4c3Le8j6nh5YMLh/zn19v49jTkeXmnCP5UX3QEIxphRiLCevneoKn+uyifVwbVFH1yrx2UwwYPfib0eb1qe6kjMT/r4W1hYrOv3Q2OOh1ed8F/rAGS56iesZ8Z7iyrfUOV4Ts7ye1u3zjcnffzF70ywP/Dwcg//n6vwv2za4R+/A0D42+m9VZW7VHkDJ2dVGg83x+OP/YGHV5Xw14twMiyENeGPN22P8MfDI/zHaw/ENDeOR/jjTT/8Vx9IZH/g4VUp/PUip7lxPMIfbzQvWIUmevx5Xsdjf+Dh5Rf+xxxz9KXHHfe2F2cpj0a6A0BYz4T3NsK/2t6BAwcnPjFXkOENsj/w8OwOfz0CsJzGxvEyh/+dhH/lPQYNwsMj/Mfx3PDiPxApN94irAl/PPs8wh8Pj/A3wr8W/SxSbLxprEdYE/54hD/7Aw8vOfx/NsPhL+OeGLJyg7Am/PEIf/YHHl7q8L9sRsO/bnpywMpzhPVMPPD3ek5OPMIfD4/wH8Orx5z+okcAlil7CnqjS4Q14Y9H+LM/8PCsCv9GaKxNRqIsX38jE8JfJmx8mbAm/PEIf/YHHp5V4d80rvz1Vz9ax7wDUEvYeJuwJvzxCH/2Bx5eUvi/7tLjjnvrr2Ywj1oJ4d+NT/4nYi8g/KfrHUv44xH+eHiE/4Q889N7njnzrwxf4BpG4sqEda7hfyfhj0f44+ER/hPy4lf+K0l5Hv0JwNx4h/An/PEIf/YHHp6V4R/32pvluUi48u8S/oQ/HuHP/sDD2xD+P7Uo/LUz8AF+swPgE/6EP17lwt9lf+DhpQr/yyy68h/60f3oTwDBGDMKEf7ZH/j7DU5OvFGW2io20eN5YWGxrt8P+wMPrzThn8rr3wHIctVP+BP+eMV7W7fONyd9POs7AOwPPLxqhf9aB4DwJ/zxbGmM3ByPZ/YHHp4R/n9f1vDXiyT8CX88Gz3CHw8vT0+I2jXHHvvWf3nMMUcvlTXfZJl+GcIfj/Af/XhW7ytgf+DhRV7tR81m4/O7dp3+nbLnmyzTLzOj3nHO6tP+hD/e2F6wCk30ePa8jjel3zeIv5j9i1ewp8fEX1blJVX2Ku++Qw455Fs7d572/6qQbyN1AAh/wh9v+t6BAwcnPjFXkOENTuj3XVTlHFWajUZDHn309nkhxBrY6/WCffueP9jttkf+fZUn8PCGLB1VDlYx30LTlWX4ZQh/vAp5Uz8/Jvz7dtT788P3t998f4899sQ4vy8eHnmUEPzO6gcAApFy4y3Cn/DHs8+b9REDubjAwys8/GvRzzLFxpvOxlmFqOzB4X+XKscQXniE/2CPxhwPr9DwlzFn83EAwpUbVDbhj0f45/H7Slmr0b7g4RUW/nXTkwNWnqOyCX88wj/H35f2BQ+vGK8ev/LXix4BWKbsKeiNLlHZhD8e4T/7gxrh4eHFvEZoRCesnvtHP3i7/hmA2N8IzI0vU9mEPx7hT/jj4VnlNY0rf/3Vj9YxnwGoEf4jeccT/niEf2aPxhwPLz8v6dN73fjkfzL2gqTwX6GyB4b/nYQ/HuGfzet2ez7tCx5ebp5eejHPM2f+leELXMNIXJnKJvzxCP8y/b54eCX2AuNifsMJF90BMDfeIfwJfzzCn/DHw7Pea2+W5zLhyt8n/Al/PMKf8MfDs9rTzsBn+MyHAAn/zZc3Ev54JQ1/l/DHwyudN/Sj+2vDAo4xo1AVKlsb1xD+eNP2aqvYRM+PhYXFun4/hD8eXrW8/h2ALFf9Favsj6lyBuGFN21v69b55qTPD9eNj8hH+OPhVcUTTsalYpX9J4QX3ix468N60ucH4Y+HVyUvUwegYpW9XTVu7ya88GbLI/zx8PDG8ySVM6SHJMQpQriEF15pw1+9r4Dwx8OrYL5ROYO9RqOxnfDCmxUvCCY/fK7ndTzCHw+vWt5IHYCqVrZq4JYJL7xZ8Q4cODjxuTmCDG+Q8MfDszv89QjAksoZ7M3Pz+9dXm4TXniz4k39/CD88fCs9tzw4j8QKTfeqmpln3zyO55UXx4ivPBs9Ah/PDw8I/xr0c8ixcabxnqVq2zf9/8bYYNH+E/+96Uxx8MrNPxl3BNDVm5Q2f2/kf6V+vowYYNH+E/u95WyVqN9wcMrLPzrpicGrDxHZa95+iGAj6iyRNjgEf4T+31pX/DwivHMPO+PACxS9hR6VLbzQ1UuHdYJILzwCP9RPRpzPLwcvQ138pXl629EQvhLJ8OsQhWp7O8M6gQQXniEP+GPhzdDXtLcIX70g3kHIOlvcstU9vBOAOGFR/iP7NGY4+Hl5yV9eq8bn/xPxF6QFP5tKnt4J4DwwiP8R/e6Xd+nfcHDy80zP73nmTP/ivAFrmHolVao7KGdgN2qcVsivPAIfzt/Xzy8ingrZvjH7wC4w3oKVHaid/f8/PyHFcdwwXiEP+GPhzeLXnuzPBcJV/5dwj+9d8YZp9/TajVVJ8BZJrzwCH/CHw9vRjztDHyGz+wA+IT/6N7OnTsWGo3GlapxWyK88CwMf5fwx8MrnTf003tRB6D/uUDCP7t3xhmn36Yat91OysGCCEO8LF5tFZvo8Vyvb6kT/nh41fP6HYAswU9lJ3p3qpK6E0AY4o3qbd0635z08ey68RH5CH88vKp4wsm4UNmberoTcInDiIF4OXjrw3rSxzPhj4dXJS9TB4DKHurdNagTQBjije8R/nh4eON5gsrJzUvsBBBeeLMW/up9BYQ/Hl71PEHl5Oqt6wQQXnjjekEw+eFzPa/jEf54eNXyRuoAUNmZvX4ngBED8SbhHThwcOJzcwQZ3iDhj4dnd/jrEYAFlVOI992tW+c/xIiBeON6vv7PlI9nwh8Pz2rPjeb+ESk33qKyx/N27Tp9sdVqXukwYiCexeFK+OPh2R3+zuqsv/1FpNh409k4qxCVncHbuXPHPc1m4wpGDMQj/Fc9GnM8vELDX8Y9MWTlBpU9WW/XrtNvV43lxer7g4QXXpXDX8pajfYFD6+w8K+bnhiw8hyVnZt3t7P66YCD02p88Qj/Gfh9aQ/w8IrxzDzvjwAsUvYUelT2xL1UnQDCEK+k4e/QHuDhFeJtuJOv5/7R34iE8JdOhlmFqOxM3sBOAGGIR/jTvuDhjeElzR3iRz+YdwCS/ia3TGXn6iV2AghDvPKHf0B7gIeXn5f06b1ufPI/EXtBUvi3qexCPN0JWHswkDDEq0D4O92u79Me4OHl5pmf3vPMmX9F+ALXMPRKK1R2od53dSdANZYHCUO8soc/4wbg4RXqrZjhH78D4A7rKVDZhXj3hCMGLhGGeIQ/7Qse3gS89mZ5LhKu/LuE//S8XbtOvy8cMXCJMMQj/Glf8PAyetoZ+Ayf2QHwCf/pezt37rg3HDHwIGGIV0D4u4Q/Hl7pvKGf3os6AP3PBRL+s+Pt2nX6N1VjeZHDiIF4saW2ik30+KvXt9QJfzy86nn9DkCW4KeyC/EWVEndCSBcy+9t3TrfnPTx57rxEfkIfzy8qnjCybhQ2YV5qToBhGs1vPVhPenjj/DHw6uSl6kDQGUX7g3sBBCuVfQIfzw8vPE8QeVY40WdgAOEIeE/yeNPva+A8MfDq54nqByrPN0JuDjqBBCG1fOCYPLD53pexyP88fCq5Y3UAaCyZ8brdwJU43uAcK2ed+DAwYnPzRFkeIOEPx6e3eGvRwAWVI6V3r3hiIEHCddqeb7+z5SPP8IfD89qz43m/hEpN96ismduxMDvhSMGHiRc8Qh/PDy8NOHvrM76219Eio03nY2zClHZM+Dt3LljsdlsflA1vi8Rhni2hX/4iUbaAzy84sJfxj0xZOUGlT3rIwbuuEM1vjvU998hDPFsCn8pazXaAzy8wsK/bnpiwMpzVLY13iOqnKfK+1T5kio/VeUVVbqEIeE/i+Efepy/eHjFeGae90cAlil7CnqjS1T2zHv3hCVa9E5vxldoNBri6KO3zwsh1rxerxfs2/f8wW63PfL7wyvce6Uk4e9w/uLhFeI1QiM6Yftz/+hvZEL4y4SNL1PZVnorYTG9/ab32GNPjPP+8GbLI/zx8PBE7AIwiH31o3XMOwBJf5NrU9l4eNXyCvozB/sDDy8/r5UQ/t345H8y9oKk8F+hsvHwCP88nnHodns++wMPLzdPL72Y55kz/8rwBa5hJK5MZePhEf7T9Ni/eHipvcC4mN9wwkV3AMyNdwh/PDzCn/DHw7Pea2+W5zLhyt8n/PHwCH/CHw/Pak87Ax/gN8cBIPzx8KoX/i7hj4dXOm/oR/ejOwDBGDMKUdl4eBZ7CwuL9fVzDBH+eHhV8Pp3ALJc9VPZeHjl8Fw3PiIf4Y+HVxVPOBkXKhsPr2we4Y+HVyUvUweAysbDI/wJfzw8uz1B5eDhVdtTIR0Q/nh41fMElYOHV23P8zoe4Y+HVy1vpA4AlY2HV04vyJDWhD8ent3hr0cAllQOHh4e4Y+HVxnPDS/+A5Fy4y0qGw8Pj/DHw7M+/GvRzyLFxpvGelQ2Hh7hP3b4h8MPsD/w8IoLfxn3xJCVG1Q2Hh5eHuEvZa3G/sDDKyz866YnB6w8R2Xj4eHlOFEQ+wMPrxivHnP6ix4BWKbsKeiNLlHZeHiE/+QHDWJ/4OHl6DVCIzph9dw/vv5GJoS/TNj4MpWNh0f4E/54eFZ5TePKX3/1o3XMOwBJf5NrU9l4eIR/DsMFsz/w8PLzWgnh341P/idjL0gK/xUqGw+P8M9jroBut+ezP/DwcvP00ot5njnzrwxf4BpG4spUNh4e4T9Nj/2Lh5faC4yL+Q0nXHQHwNx4h/DHwyP8CX88POu99mZ5LhOu/H3CHw+P8Cf88fCs9rQz8AF+cyAgwh8Pr3rh7xL+eHil84Z+dD+6AxCMMaMQlY2HZ7G3sLBY1+FM+OPhVcvr3wHIctVPZePhlcNz3fiIfIQ/Hl5VPOFkXKhsPLyyeYQ/Hl6VvEwdACobD4/wJ/zx8Oz2BJWDh1dtT4V0QPjj4VXPE1QOHl61Pc/reIQ/Hl61vJE6AFQ2Hl45vSBDWhP+eHh2h78eAVhSOXh4eIQ/Hl5lPDe8+A9Eyo23qGw8PDzCHw/P+vCvRT+LFBtvGutR2Xh4hP/Y4R8OP8D+wMMrLvxl3BNDVm5Q2Xh4eHmEv5S1GvsDD6+w8K+bnhyw8hyVjYeHl+NEQewPPLxivHrM6S96BGCZsqegN7pEZePhEf6THzSI/YGHl6PXCI3ohNVz//j6G5kQ/jJh48tUNh4e4U/44+FZ5TWNK3/91Y/WMe8AJP1Nrk1l4+ER/jkMF8z+wMPLz2slhH83PvmfjL0gKfxXqGw8PMI/j7kCut2ez/7Aw8vN00sv5nnmzL8yfIFrGIkrU9l4eIT/ND32Lx5eai8wLuY3nHDRHQBz4x3CHw+P8Cf88fCs99qb5blMuPL3CX88PMKf8MfDs9rTzsAH+M2BgAh/PLzqhb9L+OPhlc4b+tH96A5AMMaMQlQ2Hp7F3sLCYl2HM+GPh1ctr38HIMtVP5WNh1cOz3XjI/IR/nh4VfGEk3GhsvHwyuYR/nh4VfIydQCobDw8wp/wx8Oz2xNUDh5etT0V0gHhj4dXPU9QOXh41fY8r+MR/nh41fJG6gBQ2Xh45fSCDGlN+OPh2R3+egRgSeXg4eER/nh4lfHc8OI/ECk33qKy8fDwCH88POvDvxb9LFJsvGmsR2Xj4RH+Y4d/OPwA+wMPr7jwl3FPDFm5QWXj4eHlEf5S1mrsDzy8wsK/bnpywMpzVDYeHl6OEwWxP/DwivHqMae/6BGAZcqegt7oEpWNh0f4T37QIPYHHl6OXiM0ohNWz/3j629kQvjLhI0vU9l4eIQ/4Y+HZ5XXNK789Vc/Wse8A5D0N7k2lY2HR/jnMFww+wMPLz+vlRD+3fjkfzL2gqTwX6Gy8fAI/zzmCuh2ez77Aw8vN08vvZjnmTP/yvAFrmEkrkxl4+ER/tP02L94eKm9wLiY33DCRXcAzI13CH88PMKf8MfDs95rb5bnMuHK3yf88fAIf8IfD89qTzsDH+A3BwIi/PHwqhf+LuGPh1c6b+hH96M7AMEYMwpR2Xh4FnsLC4t1Hc6EPx5etbz+HYAsV/1UNh5eOTzXjY/IR/jj4VXFE07GhcrGwyubR/jj4VXJy9QBoLLx8Ah/wh8Pz25PUDl4eNX2VEgHhD8eXvU8QeXg4VXb87yOR/jj4VXLG6kDQGXj4ZXTCzKkNeGPh2d3+OsRgCWVg4eHR/jj4VXGc8OL/0Ck3HiLysbDwyP88fCsD/9a9LNIsfGmsR6VjYdH+I8d/uHwA+wPPLziwl/GPTFk5QaVjYeHl0f4S1mrsT/w8AoL/7rpyQErz1HZeHh4OU4UxP7AwyvGq8ec/qJHAJYpewp6o0tUNh4e4T/5QYPYH3h4OXqN0IhOWD33j6+/kQnhLxM2vkxl4+ER/oQ/Hp5VXtO48tdf/Wgd8w5A0t/k2lQ2Hh7hn8NwwewPPLz8vFZC+Hfjk//J2AuSwn+FysbDI/zzmCug2+357A88vNw8vfRinmfO/CvDF7iGkbgylY2HR/hP02P/4uGl9gLjYn7DCRfdATA33iH88fAIf8IfD896r71ZnsuEK3+f8MfDI/wJfzw8qz3tDHyA3xwIiPDHw6te+LuEPx5e6byhH92P7gAEY8woRGXj4VnsLSws1nU4E/54eNXy+ncAslz1U9l4eOXwXDc+Ih/hj4dXFU84GRcqGw+vbB7hj4dXJS9TB4DKxsMj/Al/PDy7PUHl4OFV21MhHRD+eHjV8wSVg4dXbc/zOh7hj4dXLW+kDgCVjYdXTi/IkNaEPx6e3eGvRwCWVA4eHh7hj4dXGc8NL/4DkXLjLSobDw+P8MfDsz78a9HPIsXGm8Z6VDYeHuE/dviHww+wP/Dwigt/GffEkJUbVDYeHl4e4S9lrcb+wMMrLPzrpicHrDxHZePh4eU4URD7Aw+vGK8ec/qLHgFYpuwp6I0uUdl4eIT/5AcNYn/g4eXoNUIjOmH13D++/kYmhL9M2PgylY2HR/gT/nh4VnlN48pff/Wjdcw7AEl/k2tT2Xh4hH8OwwWzP/Dw8vNaCeHfjU/+J2MvSAr/FSobD4/wz2OugG6357M/8PBy8/TSi3meOfOvDF/gGkbiylQ2Hh7hP02P/YuHl9oLjIv5DSdcdAfA3HiH8MfDI/wJfzw86732ZnkuE678fcIfD4/wJ/zx8Kz2tDPwAX5zICDCHw+veuHvEv54eKXzhn50P7oDEIwxoxCVjYdnsbewsFjX4Uz44+FVy+vfAchy1U9l4+GVw3Pd+Ih8hD8eXlU84WRcqGw8vLJ5hD8eXpW8TB0AKhsPj/An/PHw7PYElYOHV21PhXRA+OPhVc8TVA4eXrU9z+t4hD8eXrW8kToAVDYeXjm9IENaE/54eHaHvx4BWFI5eHh4hD8eXmU8N7z4D0TKjbeobDw8PMIfD8/68K9FP4sUG28a61HZeHiE/9jhHw4/wP7Awysu/GXcE0NWblDZeHh4eYS/lLUa+wMPr7Dwr5ueHLDyHJWNh4eX40RB7A88vGK8eszpL3oEYJmyp6A3ukRl4+ER/pMfNIj9gYeXo9cIjeiE1XP/+PobmRD+MmHjy1Q2Hh7hT/jj4VnlNY0rf/3Vj9Yx7wAk/U2uTWXj4RH+OQwXzP7Aw8vPayWEfzc++Z+MvSAp/FeobDw8wj+PuQK63Z7P/sDDy83TSy/meebMvzJ8gWsYiStT2Xh4hP80PfYvHl5qLzAu5jeccNEdAHPjHcIfD4/wJ/zx8Kz32pvluUy48vcJfzw8wp/wx8Oz2tPOwAf4zYGACH88vOqFv0v44+GVzhv60f3oDkAwxoxCVDYensXewsJiXYcz4Y+HVy2vfwcgy1U/lY2HVw7PdeMj8hH+eHhV8aSTcaGy8fDK4W3btu3LS0tLd6iQDg4ePLisvozsqeAX8/PzzXhnIoW3n/2Bhzc9zyX88fDw8PDwque5VA4eHh4eHl4FHwCmcvDw8PDw8KrljdQBoLLx8PDw8PDKEf56BGCXysHDw8PDw6uMpx1tBiLlxltUNh4eHh4envXhX4t+Fik23jTWo7Lx8PDw8PDsC38Z98SQlRtUNh4eHh4envXhXzc9OWDlOSobDw8PDw/Peq8ec/qLHgFYpuwp6I0uUdl4eHh4eHhWeY3QiMJfz/3j629kQvjLhI0vU9l4eHh4eHhWeU3jyl9/9aN1zDsAtYSNt6lsPDw8PDw8q7xWQvh345P/ydgLksJ/hcrGw8PDw8OzztNLL+Z55sy/MnyBOSBQ4spUNh4eHh4enhVeYFzMb8jz6A6AufEO4Y+Hh4eHh2e9194sz2XClb9P+OPh4eHh4VntaWfgA/xu7MX6+16Fw/8NqhyWxqvVauLQQw9puq67NpBSEAS9/ftfWfZ9f+T3h4eHh4dnrfeiKs/amJdRB8DNEvwl62l9RZWPDvPUQaAOCLGB08eBOihGrj88PDw8PKu9v1Dlz2zMy36PhvDn4MfDw8PDy8+bxXwTTsaF8Ofgx8PDw8OzN98ydQAIfw5+PDw8PDy7802U6Zch/PHw8PDwCP8cOgCEPwc/Hh4eHp79+TZSB4Dw5+DHw8PDwytH+OtP/0nCn4MVDw8PD68a4R8O/a/NQKTceIvw5+DHw8PDw7M+/GvRzyLFxpvGeoQ/Hh4eHh6efeEv454YsnKjQlf+Lgc/Hh4eHl5Jw79uemLAynNOhSZS2LJFSg5+PDw8PLxRLx6d2X9Gzszz/gjAImVPoeeUfhYlDn48PDw8vNG8LWqZ8XzbcCdfWb7+RiaEv0zY+PIYG2/FnKgzsTR7XtAv+hjo9Xwnw7Hg6H6gEGLd28PDw8PDK7s3s/nWNDz91Y/WMT8GWEsI//YENt6bUGciNy8IVjuAvu87WRchamsHVbTg4eHh4ZXXC7O1N6P55hrh341P/idjL0gK/5UxbzuYPY/2rHoq/YNxDobV20rOhttKeHh4eHjl9fTFYxja7RnPS8+c+VeGL3A31E7Cyik3Hj1DEBgbX5llzx8j/fVtoNVe5atvp9fLfnDh4eHh4dnhBasPDyzbmJfRHQDzyr8z5saH9jxmzcvyAEh0MJjLuAcXHh4eHp4dnu93u7bmpUy48vfH2LhM6Hl0y+j1e03u+hsnQfQgQcYFDw8PD6/83qzkm9kBGCf8awk9j1J68YMhfgBM4uDCw8PDwyuvN0v5FnUAgqwzCkV3RoyehxN9zrCMntkTnNTBhYeHh4dXbm+W8k2GK2f+bcLeR/z1gaXeU6r8LI055s7Hw8PDwyuPt8/WvPz/+161XdB7oN8AAAAASUVORK5CYII=', '', '#BD2E9D', '2018-08-08 00:00:00', 'admin', 'local', '2018-10-23 13:46:10', 'admin', 'smi.alianzacacaoperu.org', 1, 0, '2018-10-05 17:20:31', '2018-10-23 18:46:10', 'be5e7ca3-348d-11e9-869a-000d3a033fcb', NULL),
(60, 'M004', 'Limites departamentales', 'Departmental Limits', '2', 0, 1, '1', '59', 'NULL', 'Departamentos.geojson', NULL, NULL, '#BD2E9D', '2018-08-08 00:00:00', 'admin', 'local', '2018-10-05 12:20:31', NULL, NULL, 1, 0, '2018-10-05 17:20:31', '2018-10-05 17:20:31', 'be6018e2-348d-11e9-869a-000d3a033fcb', NULL),
(61, 'M005', 'Limites provinciales', 'Provincial Limits', '2', 0, 1, '1', '59', 'NULL', 'Provincias.geojson', NULL, NULL, '#BD2E9D', '2018-08-08 00:00:00', 'admin', 'local', '2018-10-05 12:20:31', NULL, NULL, 1, 0, '2018-10-05 17:20:31', '2018-10-05 17:20:31', 'be6111fb-348d-11e9-869a-000d3a033fcb', NULL),
(62, 'M006', 'Limites distritales', 'District limits', '2', 0, 1, '1', '59', 'NULL', 'Distritos.geojson', NULL, NULL, '#584E19', '2018-08-08 00:00:00', 'admin', 'local', '2018-10-05 12:20:31', NULL, NULL, 1, 0, '2018-10-05 17:20:31', '2018-10-05 17:20:31', 'be65c220-348d-11e9-869a-000d3a033fcb', NULL),
(63, 'M038', 'CUM agrícola-Huánuco-Marañón', 'Huánuco-Marañón Greater Agricultural Use Capacity', '2', 0, 1, '1', '21', NULL, 'CUM_agricola_Hco_prov_Marañon.geojson', NULL, NULL, '#584E19', '2018-09-10 00:00:00', 'admin', 'local', '2018-10-05 12:20:31', NULL, NULL, 1, 0, '2018-10-05 17:20:31', '2018-10-05 17:20:31', 'be66d392-348d-11e9-869a-000d3a033fcb', NULL),
(64, 'M040', 'CUM agrícola Huánuco - Puerto Inca', 'Huánuco - Puerto Inca Greater Agricultural Use Capacity', '2', 0, 1, '1', '21', NULL, 'CUM_agricola_Hco_prov_PuertoInca.geojson', NULL, NULL, '#8BA9C8', '2018-09-10 00:00:00', 'admin', 'local', '2018-10-05 12:20:31', NULL, NULL, 1, 0, '2018-10-05 17:20:31', '2018-10-05 17:20:31', 'be684100-348d-11e9-869a-000d3a033fcb', NULL),
(65, 'M035', 'Vías vecinales Huánuco- Marañon', 'Huánuco- Marañon Neighborhood Roads', '3', 0, 1, '1', '52', NULL, 'Vias vecinales_Hco_prov_Marañon.geojson', NULL, '', '#575757', '2018-09-10 00:00:00', 'admin', 'local', '2019-04-25 16:02:57', 'admin', 'smi.alianzacacaoperu.org', 1, 0, '2018-10-05 17:20:31', '2019-04-25 21:02:57', 'be6947a7-348d-11e9-869a-000d3a033fcb', 13),
(66, 'M037', 'Vías Vecinales Huánuco-Puerto Inca', 'Huánuco- Puerto Inca Neighborhood Roads', '3', 0, 1, '3', '52', NULL, 'Vias vecinales_Hco_prov_Puerto Inca.geojson', NULL, NULL, '#352D03', '2018-09-10 00:00:00', 'admin', 'local', '2018-10-05 12:20:31', NULL, NULL, 1, 0, '2018-10-05 17:20:31', '2018-10-05 17:20:31', 'be6a6507-348d-11e9-869a-000d3a033fcb', 13),
(67, NULL, 'Agricultores San Martín con Cacao', 'San Martín Farmers', '1', 0, 1, '1', '35', NULL, 'Parcelas_ACP_SM.geojson', NULL, '', '#11a501', '2018-10-15 00:00:00', 'admin', 'local', '2019-04-25 16:19:34', 'admin', 'smi.alianzacacaoperu.org', 1, 0, '2018-10-05 17:20:31', '2019-04-25 21:19:34', 'be6c8e1d-348d-11e9-869a-000d3a033fcb', 6),
(68, NULL, 'Agricultores Ucayali con Cacao', 'Ucayali Farmers', '1', 0, 1, '1', '35', NULL, 'Parcelas_ACP_UC.geojson', NULL, '', '#5762D5', '2018-10-16 00:00:00', 'admin', 'local', '2019-04-25 16:19:48', 'admin', 'smi.alianzacacaoperu.org', 1, 0, '2018-10-05 17:20:31', '2019-04-25 21:19:48', 'be6d8adb-348d-11e9-869a-000d3a033fcb', 6),
(69, NULL, 'Conteo de marcadores', 'Marker Count', '0', 1, 0, NULL, NULL, 'NULL', 'NULL', 'data:image/png;base64,iVBORw0KGgoAAAANSUhEUgAAACQAAAAkCAQAAABLCVATAAAAp0lEQVR4Ae2VAQbDQBAA5wF5TH4QANI+pS+4wAIQLUHzihTyguRl2yAqZK10yykyA8cxrMWSj5LbYslPFMzo6kxBmBHdOHKYioR8bNdAT7++2s1vogKbDjV8ATCYfx0GF9R0cELKlR0Niu1zUbFt2CFoQMkUmhDH6XhI8JD8ofho59bOreXbWiAkWOQPxUf7862lUCixow6FagweX2fu/sl29E+2z8kbELVgLlKagxQAAAAASUVORK5CYII=', '', '#BD2E9D', '2018-08-08 00:00:00', 'admin', 'local', '2018-10-23 13:46:10', 'admin', 'smi.alianzacacaoperu.org', 0, 0, '2018-10-05 17:20:31', '2018-10-23 18:46:10', 'ConteoMarcadores', NULL);

--
-- Disparadores `seccion`
--
DROP TRIGGER IF EXISTS `seccionTrigger`;
DELIMITER $$
CREATE TRIGGER `seccionTrigger` BEFORE INSERT ON `seccion` FOR EACH ROW BEGIN
	IF new.codigoSeccion IS NULL THEN
		SET NEW.`codigoSeccion` = UUID();
	END IF;
END
$$
DELIMITER ;

-- --------------------------------------------------------

--
-- Estructura de tabla para la tabla `seccion_atributo`
--

DROP TABLE IF EXISTS `seccion_atributo`;
CREATE TABLE IF NOT EXISTS `seccion_atributo` (
  `id` int(10) UNSIGNED NOT NULL AUTO_INCREMENT,
  `codigoGIS` char(10) CHARACTER SET latin1 COLLATE latin1_spanish_ci DEFAULT NULL,
  `nombre` varchar(191) COLLATE utf8mb4_unicode_ci NOT NULL,
  `valor` varchar(191) COLLATE utf8mb4_unicode_ci NOT NULL,
  `idTipoDato` varchar(191) COLLATE utf8mb4_unicode_ci NOT NULL,
  `idSeccion` varchar(191) COLLATE utf8mb4_unicode_ci DEFAULT NULL,
  `idSeccionDetalle` int(11) DEFAULT NULL,
  `idAtributo` varchar(191) COLLATE utf8mb4_unicode_ci DEFAULT NULL,
  `fechaCrea` datetime NOT NULL,
  `usuarioCrea` varchar(191) COLLATE utf8mb4_unicode_ci NOT NULL,
  `terminalCrea` varchar(191) COLLATE utf8mb4_unicode_ci NOT NULL,
  `fechaCambio` datetime DEFAULT NULL,
  `usuarioCambio` varchar(191) COLLATE utf8mb4_unicode_ci DEFAULT NULL,
  `terminalCambio` varchar(191) COLLATE utf8mb4_unicode_ci DEFAULT NULL,
  `activo` int(11) NOT NULL,
  `eliminado` int(11) NOT NULL,
  `created_at` timestamp NULL DEFAULT NULL,
  `updated_at` timestamp NULL DEFAULT NULL,
  PRIMARY KEY (`id`)
) ENGINE=InnoDB AUTO_INCREMENT=12 DEFAULT CHARSET=utf8mb4 COLLATE=utf8mb4_unicode_ci;

--
-- Volcado de datos para la tabla `seccion_atributo`
--

INSERT INTO `seccion_atributo` (`id`, `codigoGIS`, `nombre`, `valor`, `idTipoDato`, `idSeccion`, `idSeccionDetalle`, `idAtributo`, `fechaCrea`, `usuarioCrea`, `terminalCrea`, `fechaCambio`, `usuarioCambio`, `terminalCambio`, `activo`, `eliminado`, `created_at`, `updated_at`) VALUES
(1, NULL, 'Población', '150,000', '', NULL, 4, NULL, '2018-08-29 00:00:00', 'admin', 'local', NULL, NULL, NULL, 1, 0, NULL, NULL),
(2, NULL, 'Ubigeo', '130101', '', NULL, 4, NULL, '2018-08-29 00:00:00', 'admin', 'local', NULL, NULL, NULL, 1, 0, NULL, NULL),
(3, NULL, 'N° Familias con Cacao', '654', '', NULL, 4, NULL, '2018-08-29 00:00:00', 'admin', 'local', NULL, NULL, NULL, 1, 0, NULL, NULL),
(4, NULL, 'Población', '650000', '1', NULL, 5, NULL, '2018-08-29 00:00:00', 'admin', 'local', '2018-10-04 02:55:58', 'admin', 'smi.alianzacacaoperu.org', 1, 0, NULL, '2018-10-04 07:55:58'),
(5, NULL, 'Ubigeo', '130101', '1', NULL, 5, NULL, '2018-08-29 00:00:00', 'admin', 'local', '2018-10-04 02:55:58', 'admin', 'smi.alianzacacaoperu.org', 1, 0, NULL, '2018-10-04 07:55:58'),
(6, NULL, 'rtet', '2343234', '1', '30', 5, NULL, '2018-09-08 05:37:44', 'admin', 'smi.alianzacacaoperu.org', '2018-10-04 02:55:58', 'admin', 'smi.alianzacacaoperu.org', 1, 1, '2018-09-08 10:37:44', '2018-10-04 07:55:58'),
(7, NULL, 'ASD', 'QWE', '1', '40', 22, NULL, '2018-11-14 19:40:14', 'admin', 'smi.alianzacacaoperu.org', NULL, NULL, NULL, 1, 0, '2018-11-15 00:40:14', '2018-11-15 00:40:14'),
(8, NULL, 'WER', '123', '1', '40', 22, NULL, '2018-11-14 19:40:14', 'admin', 'smi.alianzacacaoperu.org', NULL, NULL, NULL, 1, 0, '2018-11-15 00:40:14', '2018-11-15 00:40:14'),
(9, NULL, 'Nombre', 'Juan Perez', '1', '68', 47, NULL, '2018-11-19 16:05:08', 'admin', 'smi.alianzacacaoperu.org', NULL, NULL, NULL, 1, 0, '2018-11-19 21:05:08', '2018-11-19 21:05:08'),
(10, NULL, 'Direccion', 'Av  El camino - Ucayali', '1', '40', 23, NULL, '2018-11-23 21:49:42', 'admin', 'smi.alianzacacaoperu.org', '2018-11-30 00:24:21', 'admin', 'smi.alianzacacaoperu.org', 1, 0, '2018-11-24 02:49:42', '2018-11-30 05:24:21'),
(11, NULL, 'new', '12', '1', '68', 61, NULL, '2018-12-04 11:46:14', 'admin', 'smi.alianzacacaoperu.org', NULL, NULL, NULL, 1, 0, '2018-12-04 16:46:14', '2018-12-04 16:46:14');

-- --------------------------------------------------------

--
-- Estructura de tabla para la tabla `seccion_detalle`
--

DROP TABLE IF EXISTS `seccion_detalle`;
CREATE TABLE IF NOT EXISTS `seccion_detalle` (
  `id` int(10) UNSIGNED NOT NULL AUTO_INCREMENT,
  `codigoGIS` char(10) CHARACTER SET latin1 COLLATE latin1_spanish_ci DEFAULT NULL,
  `codigo` varchar(191) COLLATE utf8mb4_unicode_ci NOT NULL,
  `descripcion` varchar(191) COLLATE utf8mb4_unicode_ci NOT NULL,
  `abreviatura` varchar(191) COLLATE utf8mb4_unicode_ci NOT NULL,
  `nombre` varchar(191) COLLATE utf8mb4_unicode_ci NOT NULL,
  `idSeccion` varchar(191) COLLATE utf8mb4_unicode_ci DEFAULT NULL,
  `ubigeo` varchar(191) COLLATE utf8mb4_unicode_ci NOT NULL,
  `geoJsonData` varchar(500) COLLATE utf8mb4_unicode_ci DEFAULT NULL,
  `fechaCrea` datetime NOT NULL,
  `usuarioCrea` varchar(191) COLLATE utf8mb4_unicode_ci NOT NULL,
  `terminalCrea` varchar(191) COLLATE utf8mb4_unicode_ci NOT NULL,
  `fechaCambio` datetime DEFAULT NULL,
  `usuarioCambio` varchar(191) COLLATE utf8mb4_unicode_ci DEFAULT NULL,
  `terminalCambio` varchar(191) COLLATE utf8mb4_unicode_ci DEFAULT NULL,
  `activo` int(11) NOT NULL,
  `eliminado` int(11) NOT NULL,
  `created_at` timestamp NULL DEFAULT NULL,
  `updated_at` timestamp NULL DEFAULT NULL,
  PRIMARY KEY (`id`)
) ENGINE=InnoDB AUTO_INCREMENT=76 DEFAULT CHARSET=utf8mb4 COLLATE=utf8mb4_unicode_ci;

--
-- Volcado de datos para la tabla `seccion_detalle`
--

INSERT INTO `seccion_detalle` (`id`, `codigoGIS`, `codigo`, `descripcion`, `abreviatura`, `nombre`, `idSeccion`, `ubigeo`, `geoJsonData`, `fechaCrea`, `usuarioCrea`, `terminalCrea`, `fechaCambio`, `usuarioCambio`, `terminalCambio`, `activo`, `eliminado`, `created_at`, `updated_at`) VALUES
(4, 'M007-1', '', 'DEPARTAMENTO 01', 'DEP01', 'DEPARTAMENTO 01', '30', '', NULL, '2018-08-29 00:00:00', 'admin', 'local', NULL, NULL, NULL, 1, 0, NULL, NULL),
(5, 'M007-2', '', 'DEPARTAMENTO 02', 'DEP 01', 'DEPARTAMENTO 02', '30', '', NULL, '2018-08-29 00:00:00', 'admin', 'local', '2018-10-04 02:55:58', 'admin', 'smi.alianzacacaoperu.org', 1, 0, NULL, '2018-10-04 07:55:58'),
(6, 'M007-3', '', 'DEPARTAMENTO 03', 'DEP01', 'DEPARTAMENTO 03', '30', '', NULL, '2018-08-29 00:00:00', 'admin', 'local', NULL, NULL, NULL, 1, 0, NULL, NULL),
(7, 'M009-1', '', '', '', '', '32', '', NULL, '2018-09-07 11:36:48', 'admin', 'local', NULL, NULL, NULL, 1, 0, '2018-09-07 16:36:48', '2018-09-07 16:36:48'),
(8, 'M008-2', '', '', '', '', '31', '', NULL, '2018-09-07 11:38:33', 'admin', 'local', NULL, NULL, NULL, 1, 0, '2018-09-07 16:38:33', '2018-09-07 16:38:33'),
(9, 'M008-9', '', '', '', '', '31', '', NULL, '2018-09-08 05:38:15', 'admin', 'smi.alianzacacaoperu.org', NULL, NULL, NULL, 1, 0, '2018-09-08 10:38:15', '2018-09-08 10:38:15'),
(10, 'M003-50', '', '', '', '', '54', '', NULL, '2018-09-08 05:39:34', 'admin', 'smi.alianzacacaoperu.org', NULL, NULL, NULL, 1, 0, '2018-09-08 10:39:34', '2018-09-08 10:39:34'),
(11, 'M001-100', '', '', '', '', '55', '', NULL, '2018-09-08 05:40:03', 'admin', 'smi.alianzacacaoperu.org', NULL, NULL, NULL, 1, 0, '2018-09-08 10:40:03', '2018-09-08 10:40:03'),
(12, 'M008-7', '', '', '', '', '31', '', NULL, '2018-09-08 05:42:21', 'admin', 'smi.alianzacacaoperu.org', NULL, NULL, NULL, 1, 0, '2018-09-08 10:42:21', '2018-09-08 10:42:21'),
(13, 'M029-3', '', '', '', '', '12', '', NULL, '2018-09-09 20:33:16', 'admin', 'smi.alianzacacaoperu.org', NULL, NULL, NULL, 1, 0, '2018-09-10 01:33:16', '2018-09-10 01:33:16'),
(14, 'M019-42', '', '', '', '', '14', '', NULL, '2018-09-10 11:38:57', 'admin', 'smi.alianzacacaoperu.org', NULL, NULL, NULL, 1, 0, '2018-09-10 16:38:57', '2018-09-10 16:38:57'),
(15, 'M019-9', '', '', '', '', '14', '', NULL, '2018-09-10 20:22:13', 'admin', 'smi.alianzacacaoperu.org', NULL, NULL, NULL, 1, 0, '2018-09-11 01:22:13', '2018-09-11 01:22:13'),
(16, 'M001-375', '', '', '', '', '55', '', NULL, '2018-09-17 15:35:07', 'admin', 'smi.alianzacacaoperu.org', NULL, NULL, NULL, 1, 0, '2018-09-17 20:35:07', '2018-09-17 20:35:07'),
(17, 'M021-14', '', '', '', '', '16', '', NULL, '2018-09-20 16:48:54', 'admin', 'smi.alianzacacaoperu.org', NULL, NULL, NULL, 1, 0, '2018-09-20 21:48:54', '2018-09-20 21:48:54'),
(18, 'M026-2', '', '', '', '', '9', '', NULL, '2018-09-20 19:54:27', 'admin', 'smi.alianzacacaoperu.org', NULL, NULL, NULL, 1, 0, '2018-09-21 00:54:27', '2018-09-21 00:54:27'),
(19, 'M024-2', '', '', '', '', '19', '', NULL, '2018-10-03 14:59:16', 'admin', 'smi.alianzacacaoperu.org', NULL, NULL, NULL, 1, 0, '2018-10-03 19:59:16', '2018-10-03 19:59:16'),
(20, 'M012-23', '', '', '', '', '29', '', NULL, '2018-10-05 13:05:02', 'admin', 'smi.alianzacacaoperu.org', NULL, NULL, NULL, 1, 0, '2018-10-05 18:05:02', '2018-10-05 18:05:02'),
(21, 'M012-24', '', '', '', '', '29', '', NULL, '2018-10-05 13:05:09', 'admin', 'smi.alianzacacaoperu.org', NULL, NULL, NULL, 1, 0, '2018-10-05 18:05:09', '2018-10-05 18:05:09'),
(22, 'M010-2', '', 'ASDASD', 'ASDASD', 'ASDASD', '40', '', NULL, '2018-10-05 13:07:56', 'admin', 'smi.alianzacacaoperu.org', '2018-11-14 19:40:14', 'admin', 'smi.alianzacacaoperu.org', 1, 0, '2018-10-05 18:07:56', '2018-11-15 00:40:14'),
(23, 'M010-3', '', '.', '.', 'Oficina Ucayali', '40', '', NULL, '2018-10-05 13:07:58', 'admin', 'smi.alianzacacaoperu.org', '2018-11-30 00:24:21', 'admin', 'smi.alianzacacaoperu.org', 1, 0, '2018-10-05 18:07:58', '2018-11-30 05:24:21'),
(24, 'M030-15', '', '', '', '', '49', '', NULL, '2018-10-05 13:08:12', 'admin', 'smi.alianzacacaoperu.org', NULL, NULL, NULL, 1, 0, '2018-10-05 18:08:12', '2018-10-05 18:08:12'),
(25, 'M030-1', '', 'Agente 1', 'AG1', 'Agente 1', '49', '', NULL, '2018-10-05 13:08:18', 'admin', 'smi.alianzacacaoperu.org', '2018-10-05 13:09:39', 'admin', 'smi.alianzacacaoperu.org', 1, 0, '2018-10-05 18:08:18', '2018-10-05 18:09:39'),
(26, 'M030-12', '', '', '', '', '49', '', NULL, '2018-10-05 13:08:29', 'admin', 'smi.alianzacacaoperu.org', NULL, NULL, NULL, 1, 0, '2018-10-05 18:08:29', '2018-10-05 18:08:29'),
(28, 'M030-13', '', '', '', '', '49', '', NULL, '2018-10-16 15:14:27', 'admin', 'smi.alianzacacaoperu.org', NULL, NULL, NULL, 1, 0, '2018-10-16 20:14:27', '2018-10-16 20:14:27'),
(29, 'M030-5', '', '', '', '', '49', '', NULL, '2018-10-16 15:14:30', 'admin', 'smi.alianzacacaoperu.org', NULL, NULL, NULL, 1, 0, '2018-10-16 20:14:30', '2018-10-16 20:14:30'),
(30, 'M030-9', '', '', '', '', '49', '', NULL, '2018-10-16 15:14:36', 'admin', 'smi.alianzacacaoperu.org', NULL, NULL, NULL, 1, 0, '2018-10-16 20:14:36', '2018-10-16 20:14:36'),
(31, 'M029-5', '', '', '', '', '12', '', NULL, '2018-11-14 20:00:25', 'admin', 'smi.alianzacacaoperu.org', NULL, NULL, NULL, 1, 0, '2018-11-15 01:00:25', '2018-11-15 01:00:25'),
(32, 'M029-1', '', '', '', '', '12', '', NULL, '2018-11-14 20:00:29', 'admin', 'smi.alianzacacaoperu.org', NULL, NULL, NULL, 1, 0, '2018-11-15 01:00:29', '2018-11-15 01:00:29'),
(33, 'M029-7', '', '', '', '', '12', '', NULL, '2018-11-14 20:00:39', 'admin', 'smi.alianzacacaoperu.org', NULL, NULL, NULL, 1, 0, '2018-11-15 01:00:39', '2018-11-15 01:00:39'),
(34, 'M011-162', '', '', '', '', '34', '', NULL, '2018-11-14 20:25:34', 'admin', 'smi.alianzacacaoperu.org', NULL, NULL, NULL, 1, 0, '2018-11-15 01:25:34', '2018-11-15 01:25:34'),
(35, 'M009-3', '', '', '', '', '32', '', NULL, '2018-11-14 21:38:31', 'admin', 'smi.alianzacacaoperu.org', NULL, NULL, NULL, 1, 0, '2018-11-15 02:38:31', '2018-11-15 02:38:31'),
(36, 'M026-8', '', '', '', '', '9', '', NULL, '2018-11-14 21:38:47', 'admin', 'smi.alianzacacaoperu.org', NULL, NULL, NULL, 1, 0, '2018-11-15 02:38:47', '2018-11-15 02:38:47'),
(37, 'M010-1', '', '', '', '', '40', '', NULL, '2018-11-14 21:38:57', 'admin', 'smi.alianzacacaoperu.org', NULL, NULL, NULL, 1, 0, '2018-11-15 02:38:57', '2018-11-15 02:38:57'),
(38, 'M026-4', '', '', '', '', '9', '', NULL, '2018-11-14 21:39:03', 'admin', 'smi.alianzacacaoperu.org', NULL, NULL, NULL, 1, 0, '2018-11-15 02:39:03', '2018-11-15 02:39:03'),
(39, 'M011-404', '', '', '', '', '34', '', NULL, '2018-11-14 21:39:46', 'admin', 'smi.alianzacacaoperu.org', NULL, NULL, NULL, 1, 0, '2018-11-15 02:39:46', '2018-11-15 02:39:46'),
(40, 'M004-1', '', 'DEPARTAMENTO 04', 'DEP04', 'DEPARTAMENTO 04', '30', '', NULL, '2018-08-29 00:00:00', 'admin', 'local', NULL, NULL, NULL, 1, 0, NULL, NULL),
(41, 'M004-2', '', 'DEPARTAMENTO 05', 'DEP05', 'DEPARTAMENTO 05', '30', '', NULL, '2018-08-29 00:00:00', 'admin', 'local', NULL, NULL, NULL, 1, 0, NULL, NULL),
(42, 'M004-3', '', 'DEPARTAMENTO 06', 'DEP06', 'DEPARTAMENTO 06', '30', '', NULL, '2018-08-29 00:00:00', 'admin', 'local', NULL, NULL, NULL, 1, 0, NULL, NULL),
(43, 'M030-33', '', 'as', 'as', 'Agente 33', '49', '', NULL, '2018-11-14 22:00:20', 'admin', 'smi.alianzacacaoperu.org', '2018-11-19 11:57:56', 'admin', 'smi.alianzacacaoperu.org', 1, 0, '2018-11-15 03:00:20', '2018-11-19 16:57:56'),
(44, 'M030-46', '', 'ewr', 'asd', 'nuevo agente', '49', '', NULL, '2018-11-19 11:57:19', 'admin', 'smi.alianzacacaoperu.org', '2018-11-19 11:57:34', 'admin', 'smi.alianzacacaoperu.org', 1, 0, '2018-11-19 16:57:19', '2018-11-19 16:57:34'),
(45, 'undefined', '', '', '', '', '67', '', NULL, '2018-11-19 15:59:50', 'admin', 'smi.alianzacacaoperu.org', NULL, NULL, NULL, 1, 0, '2018-11-19 20:59:50', '2018-11-19 20:59:50'),
(46, 'M026-5', '', '', '', '', '9', '', NULL, '2018-11-19 15:59:57', 'admin', 'smi.alianzacacaoperu.org', NULL, NULL, NULL, 1, 0, '2018-11-19 20:59:57', '2018-11-19 20:59:57'),
(47, 'undefined', '', 'Nombre del productor', 'name', 'Nombre', '68', '', NULL, '2018-11-19 16:04:04', 'admin', 'smi.alianzacacaoperu.org', '2018-11-19 16:05:08', 'admin', 'smi.alianzacacaoperu.org', 1, 0, '2018-11-19 21:04:04', '2018-11-19 21:05:08'),
(48, 'M030-52', '', '', '', '', '49', '', NULL, '2018-11-22 00:43:17', 'admin', 'smi.alianzacacaoperu.org', NULL, NULL, NULL, 1, 0, '2018-11-22 05:43:17', '2018-11-22 05:43:17'),
(49, 'M018-36', '', '', '', '', '27', '', NULL, '2018-11-22 00:46:38', 'admin', 'smi.alianzacacaoperu.org', NULL, NULL, NULL, 1, 0, '2018-11-22 05:46:38', '2018-11-22 05:46:38'),
(50, 'M018-463', '', '', '', '', '27', '', NULL, '2018-11-22 00:47:03', 'admin', 'smi.alianzacacaoperu.org', NULL, NULL, NULL, 1, 0, '2018-11-22 05:47:03', '2018-11-22 05:47:03'),
(51, 'M011-867', '', '', '', '', '34', '', NULL, '2018-11-22 00:48:38', 'admin', 'smi.alianzacacaoperu.org', NULL, NULL, NULL, 1, 0, '2018-11-22 05:48:38', '2018-11-22 05:48:38'),
(52, 'M011-375', '', '', '', '', '34', '', NULL, '2018-11-26 12:43:42', 'admin', 'smi.alianzacacaoperu.org', NULL, NULL, NULL, 1, 0, '2018-11-26 17:43:42', '2018-11-26 17:43:42'),
(53, 'M011-866', '', '', '', '', '34', '', NULL, '2018-11-26 13:04:50', 'admin', 'smi.alianzacacaoperu.org', NULL, NULL, NULL, 1, 0, '2018-11-26 18:04:50', '2018-11-26 18:04:50'),
(54, 'M009-88', '', '', '', '', '32', '', NULL, '2018-11-27 18:55:13', 'admin', 'smi.alianzacacaoperu.org', NULL, NULL, NULL, 1, 0, '2018-11-27 23:55:13', '2018-11-27 23:55:13'),
(55, 'M009-78', '', '', '', '', '32', '', NULL, '2018-11-27 18:55:19', 'admin', 'smi.alianzacacaoperu.org', NULL, NULL, NULL, 1, 0, '2018-11-27 23:55:19', '2018-11-27 23:55:19'),
(56, 'M009-58', '', '', '', '', '32', '', NULL, '2018-11-27 18:55:23', 'admin', 'smi.alianzacacaoperu.org', NULL, NULL, NULL, 1, 0, '2018-11-27 23:55:23', '2018-11-27 23:55:23'),
(57, 'M029-4', '', '', '', '', '12', '', NULL, '2018-11-28 15:00:41', 'admin', 'smi.alianzacacaoperu.org', NULL, NULL, NULL, 1, 0, '2018-11-28 20:00:41', '2018-11-28 20:00:41'),
(58, 'M009-81', '', '', '', '', '32', '', NULL, '2018-11-28 19:03:21', 'admin', 'smi.alianzacacaoperu.org', NULL, NULL, NULL, 1, 0, '2018-11-29 00:03:21', '2018-11-29 00:03:21'),
(59, 'M011-384', '', '', '', '', '34', '', NULL, '2018-11-30 23:19:04', 'admin', 'smi.alianzacacaoperu.org', NULL, NULL, NULL, 1, 0, '2018-12-01 04:19:04', '2018-12-01 04:19:04'),
(60, 'M011-475', '', '', '', '', '34', '', NULL, '2018-12-03 11:18:01', 'admin', 'smi.alianzacacaoperu.org', NULL, NULL, NULL, 1, 0, '2018-12-03 16:18:01', '2018-12-03 16:18:01'),
(61, 'M043-2148', '', 'nuevo', 'nuevo', 'nuevo', '68', '', NULL, '2018-12-04 11:45:41', 'admin', 'smi.alianzacacaoperu.org', '2018-12-04 11:46:14', 'admin', 'smi.alianzacacaoperu.org', 1, 0, '2018-12-04 16:45:41', '2018-12-04 16:46:14'),
(62, 'M043-1614', '', '', '', '', '68', '', NULL, '2018-12-04 11:46:29', 'admin', 'smi.alianzacacaoperu.org', NULL, NULL, NULL, 1, 0, '2018-12-04 16:46:29', '2018-12-04 16:46:29'),
(63, 'M011-711', '', '', '', '', '34', '', NULL, '2018-12-05 00:11:23', 'admin', 'smi.alianzacacaoperu.org', NULL, NULL, NULL, 1, 0, '2018-12-05 05:11:23', '2018-12-05 05:11:23'),
(64, 'M043-373', '', '', '', '', '68', '', NULL, '2018-12-05 00:11:47', 'admin', 'smi.alianzacacaoperu.org', NULL, NULL, NULL, 1, 0, '2018-12-05 05:11:47', '2018-12-05 05:11:47'),
(65, 'M043-2388', '', '', '', '', '68', '', NULL, '2018-12-05 00:21:01', 'admin', 'smi.alianzacacaoperu.org', NULL, NULL, NULL, 1, 0, '2018-12-05 05:21:01', '2018-12-05 05:21:01'),
(66, 'M043-2330', '', '.', '.', 'Nombre 1234', '68', '', NULL, '2018-12-05 00:21:06', 'admin', 'smi.alianzacacaoperu.org', '2018-12-05 00:21:44', 'admin', 'smi.alianzacacaoperu.org', 1, 0, '2018-12-05 05:21:06', '2018-12-05 05:21:44'),
(67, 'M043-2332', '', '', '', '', '68', '', NULL, '2018-12-05 00:21:08', 'admin', 'smi.alianzacacaoperu.org', NULL, NULL, NULL, 1, 0, '2018-12-05 05:21:08', '2018-12-05 05:21:08'),
(68, 'M043-2341', '', '', '', '', '68', '', NULL, '2018-12-05 00:21:58', 'admin', 'smi.alianzacacaoperu.org', NULL, NULL, NULL, 1, 0, '2018-12-05 05:21:58', '2018-12-05 05:21:58'),
(69, 'M030-42', '', '', '', '', '49', '', NULL, '2018-12-05 00:46:35', 'admin', 'smi.alianzacacaoperu.org', NULL, NULL, NULL, 1, 0, '2018-12-05 05:46:35', '2018-12-05 05:46:35'),
(70, 'M004-1', 'HUANUCO', 'HUANUCO', 'HUANUCO', 'HUANUCO', '60', '', NULL, '2018-12-11 00:00:00', 'admin', 'local', '2018-12-11 00:00:00', NULL, NULL, 1, 0, NULL, NULL),
(71, 'M004-2', 'M004-2', 'SAN MARTIN', 'SAN MARTIN', 'SAN MARTIN', '60', '', NULL, '2018-12-11 00:00:00', 'admin', 'local', NULL, NULL, NULL, 1, 0, NULL, NULL),
(72, 'M004-3', 'M004-3', 'UCAYALI', 'UCAYALI', 'UCAYALI', '60', '', NULL, '2018-12-11 00:00:00', 'admin', 'local', NULL, NULL, NULL, 1, 0, NULL, NULL),
(73, 'M041-1281', '', '', '', '', '36', '', NULL, '2018-12-13 17:27:51', 'admin', 'smi.alianzacacaoperu.org', NULL, NULL, NULL, 1, 0, '2018-12-13 22:27:51', '2018-12-13 22:27:51'),
(74, 'M002-58', '', '', '', '', '53', '', NULL, '2018-12-28 16:48:41', 'admin', 'smi.alianzacacaoperu.org', NULL, NULL, NULL, 1, 0, '2018-12-28 21:48:41', '2018-12-28 21:48:41'),
(75, 'M041-1026', '', '', '', '', '36', '', NULL, '2018-12-31 18:04:16', 'admin', 'smi.alianzacacaoperu.org', NULL, NULL, NULL, 1, 0, '2018-12-31 23:04:16', '2018-12-31 23:04:16');

-- --------------------------------------------------------

--
-- Estructura de tabla para la tabla `tasa`
--

DROP TABLE IF EXISTS `tasa`;
CREATE TABLE IF NOT EXISTS `tasa` (
  `id` int(11) NOT NULL AUTO_INCREMENT,
  `idCultivo` int(11) NOT NULL,
  `tasa` varchar(20) CHARACTER SET latin1 DEFAULT NULL,
  `tasaValor` decimal(10,2) NOT NULL,
  `eliminado` int(11) NOT NULL,
  PRIMARY KEY (`id`)
) ENGINE=InnoDB AUTO_INCREMENT=4 DEFAULT CHARSET=latin1 COLLATE=latin1_spanish_ci;

--
-- Volcado de datos para la tabla `tasa`
--

INSERT INTO `tasa` (`id`, `idCultivo`, `tasa`, `tasaValor`, `eliminado`) VALUES
(1, 1, '2.3%', '2.30', 0),
(2, 2, '2.4%', '2.40', 0),
(3, 3, '2.5%', '2.50', 0);

-- --------------------------------------------------------

--
-- Estructura de tabla para la tabla `tipo_cultivo`
--

DROP TABLE IF EXISTS `tipo_cultivo`;
CREATE TABLE IF NOT EXISTS `tipo_cultivo` (
  `idTipoCultivo` int(6) UNSIGNED NOT NULL AUTO_INCREMENT,
  `nombre` varchar(250) COLLATE latin1_spanish_ci DEFAULT NULL,
  PRIMARY KEY (`idTipoCultivo`)
) ENGINE=InnoDB AUTO_INCREMENT=4 DEFAULT CHARSET=latin1 COLLATE=latin1_spanish_ci;

--
-- Volcado de datos para la tabla `tipo_cultivo`
--

INSERT INTO `tipo_cultivo` (`idTipoCultivo`, `nombre`) VALUES
(1, 'Cacao'),
(2, 'Platano'),
(3, 'Papaya');

-- --------------------------------------------------------

--
-- Estructura de tabla para la tabla `tipo_infraestructura`
--

DROP TABLE IF EXISTS `tipo_infraestructura`;
CREATE TABLE IF NOT EXISTS `tipo_infraestructura` (
  `id` int(11) NOT NULL,
  `descripcion` varchar(100) COLLATE latin1_spanish_ci NOT NULL,
  `eliminado` int(11) DEFAULT NULL,
  PRIMARY KEY (`id`)
) ENGINE=InnoDB DEFAULT CHARSET=latin1 COLLATE=latin1_spanish_ci;

--
-- Volcado de datos para la tabla `tipo_infraestructura`
--

INSERT INTO `tipo_infraestructura` (`id`, `descripcion`, `eliminado`) VALUES
(1, 'Áreas protegidas', 0),
(2, 'Concesiones', 0),
(3, 'Ciudades Principales', 0),
(4, 'Capitales', 0),
(5, 'Comunidades Cacao', 0),
(6, 'Agricultores cercanos', 0),
(7, 'Cooperativas', 0),
(8, 'Oficinas Alianza', 0),
(9, 'Socios Alianza', 0),
(10, 'Empresas', 0),
(11, 'Centros Investigación', 0),
(12, 'Agentes Tecnológicos', 0),
(13, 'Vías', 0);

-- --------------------------------------------------------

--
-- Estructura de tabla para la tabla `users`
--

DROP TABLE IF EXISTS `users`;
CREATE TABLE IF NOT EXISTS `users` (
  `id` int(10) UNSIGNED NOT NULL AUTO_INCREMENT,
  `name` varchar(191) COLLATE utf8mb4_unicode_ci NOT NULL,
  `email` varchar(191) COLLATE utf8mb4_unicode_ci NOT NULL,
  `password` varchar(191) COLLATE utf8mb4_unicode_ci NOT NULL,
  `remember_token` varchar(100) COLLATE utf8mb4_unicode_ci DEFAULT NULL,
  `created_at` timestamp NULL DEFAULT NULL,
  `updated_at` timestamp NULL DEFAULT NULL,
  PRIMARY KEY (`id`),
  UNIQUE KEY `users_email_unique` (`email`)
) ENGINE=InnoDB DEFAULT CHARSET=utf8mb4 COLLATE=utf8mb4_unicode_ci;

-- --------------------------------------------------------

--
-- Estructura de tabla para la tabla `usuario`
--

DROP TABLE IF EXISTS `usuario`;
CREATE TABLE IF NOT EXISTS `usuario` (
  `id` int(10) UNSIGNED NOT NULL AUTO_INCREMENT,
  `nombre` varchar(191) COLLATE utf8mb4_unicode_ci NOT NULL,
  `login` varchar(191) COLLATE utf8mb4_unicode_ci NOT NULL,
  `email` varchar(191) COLLATE utf8mb4_unicode_ci NOT NULL,
  `password` varchar(191) COLLATE utf8mb4_unicode_ci NOT NULL,
  `idPerfil` int(11) DEFAULT NULL,
  `telefono` varchar(20) CHARACTER SET latin1 COLLATE latin1_spanish_ci DEFAULT NULL,
  `esAdmin` int(11) DEFAULT NULL,
  `activo` int(11) DEFAULT NULL,
  `remember_token` varchar(100) COLLATE utf8mb4_unicode_ci DEFAULT NULL,
  `fechaCrea` date DEFAULT NULL,
  `usuarioCrea` varchar(30) COLLATE utf8mb4_unicode_ci DEFAULT NULL,
  `terminalCrea` varchar(40) COLLATE utf8mb4_unicode_ci NOT NULL,
  `fechaCambio` date DEFAULT NULL,
  `usuarioCambio` varchar(30) CHARACTER SET latin1 COLLATE latin1_spanish_ci DEFAULT NULL,
  `terminalCambio` varchar(40) CHARACTER SET latin1 COLLATE latin1_spanish_ci DEFAULT NULL,
  `eliminado` int(11) NOT NULL,
  `created_at` timestamp NULL DEFAULT NULL,
  `updated_at` timestamp NULL DEFAULT NULL,
  PRIMARY KEY (`id`),
  UNIQUE KEY `usuario_email_unique` (`email`)
) ENGINE=InnoDB AUTO_INCREMENT=4 DEFAULT CHARSET=utf8mb4 COLLATE=utf8mb4_unicode_ci;

--
-- Volcado de datos para la tabla `usuario`
--

INSERT INTO `usuario` (`id`, `nombre`, `login`, `email`, `password`, `idPerfil`, `telefono`, `esAdmin`, `activo`, `remember_token`, `fechaCrea`, `usuarioCrea`, `terminalCrea`, `fechaCambio`, `usuarioCambio`, `terminalCambio`, `eliminado`, `created_at`, `updated_at`) VALUES
(1, 'administrador', 'admin', 'admin@perucacao.com', '1234', NULL, NULL, 0, 1, NULL, NULL, NULL, '', '2018-10-11', 'admin', 'smi.alianzacacaoperu.org', 0, NULL, '2018-10-11 08:53:38'),
(2, 'Alfredo Benaute Laiza', 'soabel', 'alfredo.benaute@gmail.com', 'c@c@operu1234', NULL, '986487243', 1, 1, NULL, '2018-10-08', 'admin', 'localhost:8000', '2018-10-08', 'admin', 'localhost:8000', 1, '2018-10-08 23:15:06', '2018-10-08 23:48:34'),
(3, 'Charles Taboada', 'ctaboada', 'ctaboada@perucacao.org', 'c@c@operu1234', NULL, '943278519', 0, 1, NULL, '2019-04-25', 'admin', 'smi.alianzacacaoperu.org', NULL, NULL, NULL, 0, '2019-04-25 23:17:23', '2019-04-25 23:17:23');

--
-- Restricciones para tablas volcadas
--

--
-- Filtros para la tabla `cultivo`
--
ALTER TABLE `cultivo`
  ADD CONSTRAINT `fk_cultivo_tipo_cultivo` FOREIGN KEY (`idTipoCultivo`) REFERENCES `tipo_cultivo` (`idTipoCultivo`) ON UPDATE CASCADE;

--
-- Filtros para la tabla `produccion`
--
ALTER TABLE `produccion`
  ADD CONSTRAINT `produccion_ibfk_1` FOREIGN KEY (`idCultivo`) REFERENCES `cultivo` (`id`) ON UPDATE CASCADE;
COMMIT;

/*!40101 SET CHARACTER_SET_CLIENT=@OLD_CHARACTER_SET_CLIENT */;
/*!40101 SET CHARACTER_SET_RESULTS=@OLD_CHARACTER_SET_RESULTS */;
/*!40101 SET COLLATION_CONNECTION=@OLD_COLLATION_CONNECTION */;
